pl_name,hostname,discoverymethod,disc_year,disc_facility,sy_snum,sy_pnum,pl_bmasse,pl_rade,pl_orbper,pl_orbsmax,pl_orbeccen,pl_eqt,st_mass,st_rad,st_teff,st_lum,sy_dist,ra,dec
Kepler-1167 b,Kepler-1167,Transit,2016,Kepler,1,1,3.57,1.71,1.003933739,0.0175,0,1419,0.79,0.75,4971,-0.53589,820.905,298.3026595,47.6939654
Kepler-1740 b,Kepler-1740,Transit,2021,Kepler,1,1,11,3.32321414,8.172400475,0.0779,0,858,0.943,0.905,5705,-0.07942,1061.77,293.873663,38.9224548
Kepler-1581 b,Kepler-1581,Transit,2016,Kepler,1,1,0.437,0.8,6.28385491,0.06865,0,1108,1.12,1.23,6022,0.39085,493.175,287.3713199,39.6036225
Kepler-644 b,Kepler-644,Transit,2016,Kepler,1,1,10.1,3.15,3.173917103,0.04641,0,1655,1.49,1.81,6747,0.71041,1318.05,295.4757022,43.4931119
Kepler-1752 b,Kepler-1752,Transit,2021,Kepler,1,1,18.7,4.54060463,56.35850143,0.2698,0,419,0.824,0.821,5446,-0.39819,962.888,290.8541401,51.2227435
Kepler-280 c,Kepler-280,Transit,2014,Kepler,1,2,4.7,2.01,4.807091,0.056,0,1088,0.962,0.886,5744,-0.06437,780.361,291.3905325,42.1804735
Kepler-1208 b,Kepler-1208,Transit,2016,Kepler,1,1,5.99,2.32,11.08507637,0.0901,0,665,0.8,0.76,5001,-0.55349,825.176,291.8812445,44.5557587
Kepler-263 c,Kepler-263,Transit,2014,Kepler,1,2,6.66,2.47,47.332773,0.242,0,386,0.793,0.785,5265,-0.45614,754.747,292.4698022,37.5677941
Kepler-1101 b,Kepler-1101,Transit,2016,Kepler,1,1,6.66,2.47,81.3151059,0.3483,0,393,0.94,0.91,5614,-0.35135,742.473,294.5693544,45.6711623
HD 168746 b,HD 168746,Radial Velocity,2002,La Silla Observatory,1,1,85.8141,11.1,6.404,0.07,0.11,900,1.07,1.09,5570,0.04139,41.5681,275.4573269,-11.9229757
WASP-107 c,WASP-107,Radial Velocity,2020,Multiple Observatories,1,2,111.2399425,13,1066,,0.27,,0.683,0.657,4425,-0.87943,64.7414,188.3864277,-10.1462141
Kepler-560 b,Kepler-560,Transit,2016,Kepler,2,1,3.61,1.72,18.47764449,0.0899,0.17,298,0.34,0.33,3556,-1.717,109.308,300.2066441,45.0182402
Kepler-150 d,Kepler-150,Transit,2014,Kepler,1,5,8.2,2.79,12.56093,0.104,0,734,0.956,0.939,5560,-0.16141,891.092,288.2341025,40.520897
Kepler-498 b,Kepler-498,Transit,2016,Kepler,1,1,9.43,3.03,9.61375356,0.0897,0,931,0.98,0.96,5744,0.17242,938.844,290.3581592,44.5187225
Kepler-817 b,Kepler-817,Transit,2016,Kepler,1,1,60.2,9.03,3.990106229,0.0493,0,1124,1.03,1.03,5861,0.08609,1484.46,296.0818498,39.161614
Kepler-937 b,Kepler-937,Transit,2016,Kepler,1,2,13.4,3.72,67.668827,0.3214,0,495,1.15,1.22,6095,0.28097,1571.46,294.1688142,46.7146161
K2-10 b,K2-10,Transit,2015,K2,1,1,25.2,3.773,19.30553,0.137,0.31,649,0.88,0.956,5533,-0.10088,272.36,172.1216476,1.6906217
Kepler-571 b,Kepler-571,Transit,2016,Kepler,1,1,7.46,2.64,4.798599388,0.0546,0,978,0.93,0.9,5527,-0.22253,723.875,286.5510448,49.418731
Kepler-1458 b,Kepler-1458,Transit,2016,Kepler,1,1,8.05,2.76,47.9872764,0.24869,0,493,0.96,0.94,5653,-0.24032,544.45,283.2115971,41.0380135
K2-335 b,K2-335,Transit,2021,K2,1,1,5.52,2.21,12.283211,,,949,1.23,1.33,6222,0.39509,557.993,129.3896679,16.5220648
Kepler-1600 c,Kepler-1600,Transit,2021,Kepler,1,2,4.43,1.94206512,7.298049927,0.06961,0,786,0.818,0.834,5119,-0.33945,1030.81,291.3993802,38.7877563
Kepler-221 d,Kepler-221,Transit,2014,Kepler,1,4,3.61,2.73,10.04156,0.087,0,712,0.854,0.821,5243,-0.40429,385.231,296.6547477,46.8352242
Kepler-626 b,Kepler-626,Transit,2016,Kepler,1,1,5.86,2.29,14.48585199,0.10913,0,784,1.01,1.05,5813,-0.04194,635.643,288.6986828,39.7082044
Kepler-1549 b,Kepler-1549,Transit,2016,Kepler,1,1,7.13,2.57,214.886545,0.6687,0,286,0.88,0.84,5324,-0.27333,803.052,286.0524399,39.0960281
K2-62 c,K2-62,Transit,2016,K2,1,2,4.62,1.99,16.19697,0.1148,,495,0.67,0.696,4455,-0.72658,112.467,334.3645089,-12.1874776
Kepler-1149 b,Kepler-1149,Transit,2016,Kepler,1,1,2.67,1.44,3.73089898,0.0473,0,1128,1.02,1.01,5833,0.16546,1217.73,294.1891824,45.1515263
Kepler-1288 b,Kepler-1288,Transit,2016,Kepler,1,1,1.46,1.12,2.76122421,0.04135,0,2017,1.2,1.29,6132,0.30207,814.078,285.7135,41.6058799
Kepler-128 b,Kepler-128,Transit,2013,Kepler,1,2,3.79,1.421,15,0.12545,0,968,1.184,1.659,6072,0.57542,396.379,282.4922622,43.9802442
Kepler-1245 b,Kepler-1245,Transit,2016,Kepler,1,2,2.67,1.44,4.35409304,0.0484,0,1043,0.86,0.83,5306,-0.41093,805.936,290.7443078,43.260753
Kepler-1068 b,Kepler-1068,Transit,2016,Kepler,1,1,12.8,3.63,16.92344113,0.13038,0,702,1.01,1.01,5806,-0.02521,1473.61,294.6481708,46.3923173
Kepler-311 c,Kepler-311,Transit,2014,Kepler,1,3,2.63,1.43,19.738286,0.145,0,744,0.994,1.188,5905,0.19328,778.654,282.0612731,47.0854984
Kepler-150 e,Kepler-150,Transit,2014,Kepler,1,5,9.91,3.12,30.826557,0.189,0,544,0.956,0.939,5560,-0.16141,891.092,288.2341025,40.520897
Kepler-272 c,Kepler-272,Transit,2014,Kepler,1,3,97.8,1.79,6.057342,0.061,0,947,0.91,0.929,5297,0.06634,889.608,299.1275257,47.5938319
Kepler-152 c,Kepler-152,Transit,2014,Kepler,1,2,6.3,2.39,88.255055,0.356,0,326,0.779,0.724,5088,-0.46488,441.09,286.8653826,41.9889571
Kepler-1506 b,Kepler-1506,Transit,2016,Kepler,1,1,2.3,1.32,14.0329154,0.1168,0,783,0.95,0.93,5676,0.42561,2366.02,290.1498822,41.4645625
CoRoT-3 b,CoRoT-3,Transit,2008,CoRoT,1,1,6883.91,11.32,4.2568,0.05783,0,1695,1.37,1.56,6740,0.39086,768.771,292.0552827,0.1218359
HD 205739 b,HD 205739,Radial Velocity,2008,Las Campanas Observatory,1,1,435.41,13.6,279.8,0.896,0.27,,1.22,1.33,6176,0.36,92.5087,324.5351273,-31.7378373
HD 224693 b,HD 224693,Radial Velocity,2006,W. M. Keck Observatory,1,1,222.481,14,26.6904,0.191,0.104,,1.31,1.93,5894,0.61,93.5015,359.9749837,-22.4279999
HD 156279 b,HD 156279,Radial Velocity,2011,Haute-Provence Observatory,1,2,2997.757535,12.5,133.40355,0.502,0.647,,0.94,0.95,5453,-0.14596,36.1945,258.0966686,63.3527828
HD 12661 b,HD 12661,Radial Velocity,2000,Multiple Observatories,1,2,772.3269,13.3,262.70862,0.84,0.38,,1.2,1.2,5645,0.1327,37.8478,31.1423525,25.4135632
HD 16417 b,HD 16417,Radial Velocity,2008,Anglo-Australian Telescope,2,1,22.1,5,17.24,0.14,0.2,,1.2,1.639984,5841,0.44317,25.3936,39.2441029,-34.5790905
HD 19994 b,HD 19994,Radial Velocity,2003,La Silla Observatory,3,1,435.41,13.6,466.2,1.305,0.063,,1.365,1.79647,6188,0.58,22.5242,48.1943193,-1.1963955
HD 156279 c,HD 156279,Radial Velocity,2018,W. M. Keck Observatory,1,2,3098.826968,12.5,4818.25358,5.486,0.261,,0.94,0.95,5453,-0.14596,36.1945,258.0966686,63.3527828
GJ 179 b,GJ 179,Radial Velocity,2009,W. M. Keck Observatory,1,1,301.9369867,13.8,2288,2.41,0.21,,0.357,0.38,3370,-1.796,12.356,73.0245495,6.4752347
GQ Lup b,GQ Lup,Imaging,2004,Paranal Observatory,1,1,6356,33.6,,100,,2650,0.7,1.94153,4360,-0.07239,151.169,237.3003643,-35.6515055
GJ 832 b,GJ 832,Radial Velocity,2008,Anglo-Australian Telescope,1,1,314.6501229,13.8,3853,3.7,0.05,,0.45,0.441557,3472,-1.585,4.96435,323.3912616,-49.0125169
HD 37605 b,HD 37605,Radial Velocity,2004,McDonald Observatory,1,2,854.9627,13.2,55.01292,0.277,0.6745,,0.94,0.91,5329,-0.22,46.7864,85.0074276,6.0595116
HD 33283 b,HD 33283,Radial Velocity,2006,W. M. Keck Observatory,2,1,104.56607,12.5,18.1991,0.1508,0.399,,1.38,1.97,5935,0.64,89.8623,77.0044889,-26.7976689
HD 9446 b,HD 9446,Radial Velocity,2009,Haute-Provence Observatory,1,2,222.472,14,30.052,0.189,0.2,,1,1,5793,0.04139,50.3503,23.3350424,29.2649187
HD 134987 c,HD 134987,Radial Velocity,2009,Multiple Observatories,1,2,260,13.9,5000,5.8,0.12,,1.1,1.25,5585,0.25527,26.1804,228.3675397,-25.3096721
HD 110014 b,HD 110014,Radial Velocity,2009,La Silla Observatory,1,1,3524.59,12.4,835.477,2.14,0.462,,2.17,20.9,4445,2.30408,100.758,189.8111935,-7.9956702
HD 79498 b,HD 79498,Radial Velocity,2011,McDonald Observatory,2,1,425.8922,13.6,1807,2.98,0.575,,1.08,1.05,5748,0.03,48.9489,138.7885794,23.3748792
HD 45652 b,HD 45652,Radial Velocity,2008,Haute-Provence Observatory,1,1,137.62039,14.3,44.073,0.237,0.607,,0.92,0.94,5294,-0.2,34.8541,97.3058709,10.9336212
HIP 79431 b,HIP 79431,Radial Velocity,2009,W. M. Keck Observatory,1,1,667.415,13.4,111.7,0.36,0.29,,0.49,0.478625,3191,-1.54921,14.5324,243.1742467,-18.8764247
HD 3167 b,HD 3167,Transit,2016,K2,1,4,4.97,1.67,0.959641,0.01796,0,1774,0.837,0.88,5261,-0.27003,47.2899,8.7401487,4.3807215
GJ 876 b,GJ 876,Radial Velocity,1998,Multiple Observatories,1,4,723.2235,13.3,61.1166,0.208317,0.0324,,0.32,0.3,3293.74,-1.90658,4.67517,343.3239737,-14.2665958
HD 114783 c,HD 114783,Radial Velocity,2018,W. M. Keck Observatory,1,2,603.8739733,13.4,4352,5,0.05,,0.9,0.840622,5135,-0.3725,21.0628,198.1818436,-2.2649921
HD 47186 c,HD 47186,Radial Velocity,2008,La Silla Observatory,1,2,111.42,13,1353.6,2.395,0.249,,0.96,1.08,5657,0.04298,37.4574,99.0367212,-27.6234285
HD 114783 b,HD 114783,Radial Velocity,2001,W. M. Keck Observatory,1,2,349.6,13.7,493.7,1.16,0.144,,0.853,0.840622,5135,-0.3725,21.0628,198.1818436,-2.2649921
HD 148156 b,HD 148156,Radial Velocity,2009,La Silla Observatory,1,1,270.144,13.9,1027,2.45,0.52,,1.22,1.21,6308,0.25042,57.1289,247.0723035,-46.3175085
HD 12661 c,HD 12661,Radial Velocity,2002,Multiple Observatories,1,2,899.4543918,13.2,1708,2.8145,0.031,,1.02,1.11,5748,0.063,37.8478,31.1423525,25.4135632
HIP 14810 c,HIP 14810,Radial Velocity,2006,W. M. Keck Observatory,1,3,416.3573,13.6,147.747,0.549,0.1566,,1.01,1.07,5544,-0.01,50.48,47.809275,21.0971302
HIP 14810 b,HIP 14810,Radial Velocity,2005,W. M. Keck Observatory,1,3,1239.537,13,6.673892,0.0696,0.14399,,1.01,1.07,5544,-0.01,50.48,47.809275,21.0971302
GJ 876 d,GJ 876,Radial Velocity,2005,W. M. Keck Observatory,1,4,6.83,2.51,1.93778,0.02080665,0.207,,0.32,0.3,3293.74,-1.90658,4.67517,343.3239737,-14.2665958
GJ 876 e,GJ 876,Radial Velocity,2010,W. M. Keck Observatory,1,4,14.6,3.92,124.26,0.3343,0.055,,0.32,0.3,3293.74,-1.90658,4.67517,343.3239737,-14.2665958
gam1 Leo b,gam1 Leo,Radial Velocity,2009,Bohyunsan Optical Astronomical Observatory,2,1,2790.43,12.5,428.5,1.19,0.144,,1.23,31.88,4330,2.51,39.8883,154.993208,19.841389
HD 156411 b,HD 156411,Radial Velocity,2009,La Silla Observatory,1,1,235.18,14,842.2,1.88,0.22,,1.25,2.16,5900,0.731,56.8655,259.9639522,-48.5502313
HD 8535 b,HD 8535,Radial Velocity,2010,La Silla Observatory,2,1,216.1244,14,1313,2.45,0.15,,1.13,1.19,6136,0.33266,55.4401,20.9054804,-41.2701007
HD 37605 c,HD 37605,Radial Velocity,2012,Multiple Observatories,1,2,1013.8777,13.1,2720,3.74,0.03,,0.94,0.91,5329,-0.22,46.7864,85.0074276,6.0595116
HD 1605 c,HD 1605,Radial Velocity,2015,Multiple Observatories,1,2,1150.5446,13,2149,3.584,0.099,,1.33,3.49,4915,0.81,88.8047,5.1317548,30.9750611
BD+20 2457 b,BD+20 2457,Radial Velocity,2009,McDonald Observatory,1,2,6807.63,12.1,379.63,1.45,0.15,,2.8,49,4137,3.17,1539.71,154.186782,19.8912626
HD 240210 b,HD 240210,Radial Velocity,2009,McDonald Observatory,1,1,1655.82,12.8,501.75,1.16,0.15,,0.82,25.456816,4297,1.55,372.405,347.6219227,57.0294818
CoRoT-17 b,CoRoT-17,Transit,2011,CoRoT,1,1,772.29,11.43,3.7681,0.0461,0,1626,1.04,1.59,5740,0.13421,1176.12,278.699236,-6.612288
HD 132563 b,HD 132563,Radial Velocity,2011,Roque de los Muchachos Observatory,3,1,473.547,13.6,1544,2.62,0.22,,1.231,1.29577,6289,0.37408,105.155,224.5892892,44.0428571
HD 55696 b,HD 55696,Radial Velocity,2018,W. M. Keck Observatory,1,1,1357.127298,12.9,1827,3.18,0.705,,1.29,1.52,6012,0.43,77.9693,108.0622029,-38.174639
HD 148164 b,HD 148164,Radial Velocity,2018,W. M. Keck Observatory,1,2,390.9309,13.7,328.55,0.993,0.587,,1.21,1.34,6032,0.33,77.1971,246.4351678,11.9190729
24 Sex c,24 Sex,Radial Velocity,2010,Lick Observatory,1,2,273.32,13.9,883,2.08,0.29,,1.54,4.9,5098,1.164,72.0691,155.8684866,-0.9023998
HD 22781 b,HD 22781,Radial Velocity,2011,Haute-Provence Observatory,1,1,4338.2,12.3,528.07,1.167,0.8191,,0.75,0.743475,5027,-0.47556,32.6034,55.2065581,31.8258855
HD 68988 b,HD 68988,Radial Velocity,2001,Multiple Observatories,1,2,626.1251,13.4,6.27711,0.07,0.12,,1.28,1.19,5932,0.22184,60.8447,124.5935429,61.4608518
HD 148164 c,HD 148164,Radial Velocity,2018,W. M. Keck Observatory,1,2,1640.0028,12.8,5062,6.15,0.125,,1.21,1.34,6032,0.33,77.1971,246.4351678,11.9190729
HD 29985 b,HD 29985,Radial Velocity,2022,Multiple Observatories,1,1,1739.474872,12.8,20608.14049,13.39,0.261,,0.75,0.574666,4678,-0.84623,31.2707,70.5216589,-33.9210696
HD 3167 c,HD 3167,Transit,2016,K2,1,4,11.13,3,29.8454,0.1776,0.06,564,0.837,0.88,5261,-0.27003,47.2899,8.7401487,4.3807215
HD 90156 b,HD 90156,Radial Velocity,2009,La Silla Observatory,1,1,17.98,4.43,49.77,0.25,0.31,,0.84,0.920286,5599,-0.14267,21.9496,155.9801144,-29.645103
HD 45350 b,HD 45350,Radial Velocity,2004,W. M. Keck Observatory,1,1,568.89,13.5,963.6,1.92,0.778,,0.98,1.26442,5566,0.14065,46.8733,97.1902262,38.9627315
MOA-2009-BLG-266L b,MOA-2009-BLG-266L,Microlensing,2011,MOA,1,1,10.4,3.21,2800,3.2,,,0.56,,,,3040,267.008125,-35.0054111
Kepler-595 c,Kepler-595,Transit,2020,Kepler,1,2,3.3,1.009,12.38602,0.0983,0,679,0.93,0.821,5138.5,-0.34768,643.009,294.5703593,50.6730147
Kepler-595 b,Kepler-595,Transit,2016,Kepler,1,2,17.4,3.708,25.3029092,0.1582,0,535,0.93,0.821,5138.5,-0.34768,643.009,294.5703593,50.6730147
HD 177830 c,HD 177830,Radial Velocity,2010,W. M. Keck Observatory,2,2,47.6725,7.87,110.9,0.5137,0.3,,1.47,2.62,4949,0.68502,62.7674,286.3363574,25.9204327
OGLE-TR-111 b,OGLE-TR-111,Transit,2004,OGLE,1,1,174.799,11.421971,4.0144463,0.0473,0,1019,0.82,0.83,5040,-0.33862,1068.33,163.324115,-61.4056976
PSR B1257+12 b,PSR B1257+12,Pulsar Timing,1994,Arecibo Observatory,1,3,0.02,0.338,25.262,0.19,0,,1.4,,,,600,195.0149029,12.6823534
PSR B1257+12 d,PSR B1257+12,Pulsar Timing,1992,Arecibo Observatory,1,3,3.9,1.8,98.2114,0.46,0.0264,,1.4,,,,600,195.0149029,12.6823534
CoRoT-18 b,CoRoT-18,Transit,2011,CoRoT,1,1,1102.82,14.68,1.9000693,0.0295,0.08,1550,0.95,1,5440,-0.17,764.889,98.1724172,-0.0316045
Kepler-45 b,Kepler-45,Transit,2011,Kepler,1,1,160.497,10.76,2.455239,0.03,0.11,1000,0.59,0.55,3820,-1.27572,381.949,292.8729292,41.0641727
WASP-23 b,WASP-23,Transit,2010,SuperWASP,1,1,280.95,10.783,2.9444256,0.0376,0.062,1076.55,0.78,0.765,5150,-0.37679,207.49,101.1275033,-42.7622296
HD 107148 b,HD 107148,Radial Velocity,2005,W. M. Keck Observatory,2,2,66.741,9.6,48.056,0.269,0.05,,1.12,1.169193,5797,0.12081,49.4156,184.8059773,-3.3199927
SWEEPS-11 b,SWEEPS-11,Transit,2006,Hubble Space Telescope,1,1,3082.82,12.666,1.796,0.03,,,1.1,1.45,,,8500,269.7583333,-29.1981944
OGLE-TR-211 b,OGLE-TR-211,Transit,2007,OGLE,1,1,327.351,15.244,3.67724,0.051,0,1686,1.33,1.64,6325,0.26657,1515.26,160.0598236,-62.4555353
Lupus-TR-3 b,Lupus-TR-3,Transit,2007,Multiple Observatories,1,1,257.431,9.976,3.91405,0.0464,0,,0.87,0.82,5000,-1.46393,773.409,232.5774696,-42.9799461
OGLE-2005-BLG-390L b,OGLE-2005-BLG-390L,Microlensing,2005,OGLE,1,1,5.5,2.21,3285,2.6,,50,0.22,,,,6600,268.579958,-30.3773056
HN Peg b,HN Peg,Imaging,2006,Spitzer Space Telescope,1,1,6991.57,11.7768,,773,,,1.08,1.006954,6186,0.06024,18.1186,326.1315705,14.7714524
MOA-2009-BLG-387L b,MOA-2009-BLG-387L,Microlensing,2010,MOA,1,1,830,13.2,1980,1.8,,,0.19,,,,5690,268.461625,-33.9903333
GJ 674 b,GJ 674,Radial Velocity,2007,La Silla Observatory,1,1,11.09,3.33,4.6938,0.039,0.2,,0.35,0.36463,3600,-1.796,4.54896,262.1700476,-46.8989826
CoRoT-11 b,CoRoT-11,Transit,2010,CoRoT,1,1,740.51,16.03,2.99433,0.0436,0,1657,1.27,1.37,6440,0.37753,655.037,280.6872998,5.9376586
2MASS J04414489+2301513 b,2MASS J04414489+2301513,Imaging,2010,Hubble Space Telescope,1,1,2383.6,12.6,,15,,,0.019,0.231916,2936,-2.44363,120.423987,70.4371079,23.0308544
GJ 3634 b,GJ 3634,Radial Velocity,2010,La Silla Observatory,1,1,8.4,2.83,2.64561,0.0287,0.08,,0.45,0.43,3517,-1.699,20.3779,164.6433493,-31.1443383
CoRoT-13 b,CoRoT-13,Transit,2010,CoRoT,1,1,415.704,9.92,4.03519,0.051,0,1700,1.09,1.01,5945,0.07314,1148.93,102.7211432,-5.0864557
OGLE-TR-10 b,OGLE-TR-10,Transit,2004,OGLE,1,1,197.046,14.011,3.101278,0.0434,0,1702,1.14,1.17,5950,0.188,1344.97,267.8677483,-29.8764758
HD 27442 b,HD 27442,Radial Velocity,2000,Anglo-Australian Telescope,2,1,495.8,13.5,428.1,1.271,0.06,,1.23,3.18,4846,0.8509,18.2704,64.1205476,-59.3028771
GJ 3021 b,GJ 3021,Radial Velocity,2000,La Silla Observatory,2,1,1071.04,13.1,133.71,0.49,0.511,350,0.9,0.9,5540,-0.18,17.5559,4.0634323,-79.8514218
CoRoT-8 b,CoRoT-8,Transit,2010,CoRoT,1,1,69.92,6.39,6.21229,0.063,0,870,0.88,0.77,5080,-0.4,322.037,291.5885696,1.4262972
Kepler-18 c,Kepler-18,Transit,2011,Kepler,1,3,17.3,5.49,7.64159,0.0752,0,899,0.972,1.108,5345,-0.031,433.047,298.0794448,44.746248
Kepler-18 b,Kepler-18,Transit,2011,Kepler,1,3,6.9,2,3.504725,0.0447,0,1165,0.972,1.108,5345,-0.031,433.047,298.0794448,44.746248
HD 46375 b,HD 46375,Radial Velocity,2000,W. M. Keck Observatory,2,1,71.8,10,3.023573,0.0398,0.063,,0.92,0.914196,5285,-0.24502,29.5529,98.3030763,5.4625071
HD 136352 d,HD 136352,Radial Velocity,2019,La Silla Observatory,1,3,8.82,2.562,107.245,0.425,0,431,0.87,1.058,5664,0.0162,14.682,230.4401147,-48.3188174
HD 221287 b,HD 221287,Radial Velocity,2007,La Silla Observatory,1,1,982.05,13.1,456.1,1.25,0.08,,1.25,1.13864,6304,0.22011,55.9231,352.836223,-58.209754
HD 33564 b,HD 33564,Radial Velocity,2005,Haute-Provence Observatory,1,1,2892.1,12.5,388,1.1,0.34,,1.25,1.4367,6250,0.53504,20.9531,80.6378979,79.2318488
HD 189733 b,HD 189733,Radial Velocity,2005,Haute-Provence Observatory,2,1,359.1479,12.66617,2.21857567,0.03126,0,1209,0.79,0.75,5052,-0.46119,19.7638,300.1821223,22.7097759
WASP-107 b,WASP-107,Transit,2017,SuperWASP-South,1,2,30.51152707,10.53646,5.7214876,0.055,0.09,736,0.683,0.657,4425,-0.87943,64.7414,188.3864277,-10.1462141
Kepler-4 b,Kepler-4,Transit,2009,Kepler,1,1,24.472,4.002,3.21346,0.0456,0,1650,1.223,1.487,5857,0.354,487.916,285.6154492,50.1357712
WASP-38 b,WASP-38,Transit,2010,SuperWASP,1,1,1093.3352,13.78707,6.87188,0.07522,0.03,1250,1.76,1.52,6180,0.45294,136.24,243.9597194,10.0324103
HAT-P-13 c,HAT-P-13,Radial Velocity,2009,W. M. Keck Observatory,1,2,4538.421,12.3,446.27,1.258,0.6616,340,1.32,1.756,5653,0.346,246.81,129.8823772,47.3519076
Kepler-18 d,Kepler-18,Transit,2011,Kepler,1,3,16.4,6.98,14.85888,0.1172,0,720,0.972,1.108,5345,-0.031,433.047,298.0794448,44.746248
HAT-P-37 b,HAT-P-37,Transit,2011,HATNet,1,1,371.528,13.204,2.797436,0.0379,0.058,1271,0.929,0.877,5500,-0.208,390.594,284.2960393,51.2691212
HD 129445 b,HD 129445,Radial Velocity,2009,Las Campanas Observatory,1,1,797.7493016,13.3,1840,2.9,0.7,,0.99,1.175816,5646,0.08968,67.4386,221.5104196,-68.7629901
Kepler-419 c,Kepler-419,Transit Timing Variations,2014,Kepler,1,2,2320.1,12.6,675.47,1.68,0.184,,1.39,1.74,6430,0.7268,1011.36,295.4179125,51.1847629
HD 70573 b,HD 70573,Radial Velocity,2007,La Silla Observatory,1,1,1900,12.8,851.8,1.76,0.4,,1,0.976919,5737,-0.00083,59.182,125.7079153,1.8591088
HD 47536 b,HD 47536,Radial Velocity,2002,La Silla Observatory,1,1,2330,12.6,712.13,1.93,0.2,,2.1,23.47,4380,2.24845,122.536,99.448958,-32.3394531
WASP-67 b,WASP-67,Transit,2012,SuperWASP,1,1,136.6669,12.89035,4.61442,0.05179,0,1003,0.91,0.88,5200,-0.29441,189.469,295.7438485,-19.9497314
CoRoT-14 b,CoRoT-14,Transit,2010,CoRoT,1,1,2415.4,12.22,1.51214,0.027,0,1952,1.13,1.21,6035,0.11884,1744.6,103.4242023,-5.5360385
MOA-2008-BLG-310L b,MOA-2008-BLG-310L,Microlensing,2009,MOA,1,1,23.4,5.18,,1.1,,,0.21,,,,7700,268.560542,-34.7780528
Kepler-419 b,Kepler-419,Transit,2014,Kepler,1,2,794.5,10.8,69.7546,0.37,0.833,613,1.39,1.74,6430,0.7268,1011.36,295.4179125,51.1847629
HD 24040 b,HD 24040,Radial Velocity,2006,W. M. Keck Observatory,1,2,1589.142035,12.9,3668,4.92,0.04,,1.11,1.3,5802,0.27569,46.6224,57.5962104,17.4752873
HD 11964 c,HD 11964,Radial Velocity,2008,W. M. Keck Observatory,2,2,25,5.38,37.91,0.229,0.3,,0.91,2.00971,5303,0.45905,33.5369,29.2884252,-10.2434693
CoRoT-6 b,CoRoT-6,Transit,2009,CoRoT,1,1,940.74,13.068,8.886593,0.0855,0.1,1017,1.05,1.025,6090,0.02573,645.294,281.0725563,6.6632062
WASP-31 b,WASP-31,Transit,2010,SuperWASP,1,1,151.916,17.363,3.4059096,0.04659,0,1423.7,1.163,1.252,6302,0.33572,383.829,169.4388603,-19.0547781
HD 108236 f,HD 108236,Transit,2021,CHaracterising ExOPlanets Satellite (CHEOPS),1,5,4.72,2.017,29.54115,0.1758,0.051,,0.869,0.877,5660,-0.14997,64.5978,186.5740627,-51.3630519
Kepler-59 c,Kepler-59,Transit,2012,Kepler,1,2,3.81,1.98,17.9801235,0.13114,0,752,1.04,0.94,6074,0.32374,1163.22,287.0394932,46.6401677
Kepler-58 c,Kepler-58,Transit,2012,Kepler,1,4,53,2.86,15.5741568,0.12307,0,799,0.95,1.03,5843,-0.00422,969.252,296.3586251,39.1152033
HD 154857 c,HD 154857,Radial Velocity,2014,Anglo-Australian Telescope,1,2,819.97,13.2,3452,5.36,0.06,,1.718,1.76,5605,0.66269,63.4482,257.816194,-56.681038
KOI-217 b,KOI-217,Transit,2010,Kepler,1,1,,12.442,3.90512,0.0477,0,1046,0.95,0.86,5545,-0.16872,914.699,294.8654667,46.2858128
BD-210397 c,BD-210397,Radial Velocity,2023,La Silla Observatory,1,2,1525.576354,12.9,6240,5.9,0.43,,0.69,0.747,4051,-0.86967,23.7324,33.3024198,-21.1962147
Kepler-62 c,Kepler-62,Transit,2013,Kepler,1,5,4,0.54,12.4417,0.0929,0,578,0.69,0.64,4925,-0.678,300.874,283.2125621,45.3496992
Kepler-62 b,Kepler-62,Transit,2013,Kepler,1,5,9,1.31,5.714932,0.0553,0,750,0.69,0.64,4925,-0.678,300.874,283.2125621,45.3496992
CHXR 73 b,CHXR 73,Imaging,2006,Hubble Space Telescope,1,1,3994.486,12.3,,210,,,0.35,,3099,,190.374,166.6193985,-77.6258725
FU Tau b,FU Tau,Imaging,2008,Spitzer Space Telescope,1,1,5085.28,12.2,,800,,2375,0.05,,2838,-0.69897,133.4950466,65.8974962,25.0506711
GJ 667 C b,GJ 667 C,Radial Velocity,2012,La Silla Observatory,3,5,5.68,2.25,7.203,0.050431,0.2,,0.33,,3350,-1.863,7.24396,259.7510609,-34.9977651
HD 168443 c,HD 168443,Radial Velocity,2000,W. M. Keck Observatory,1,2,5500.338412,12.2,1753.1096,2.842,0.21,,0.98,1.711479,5491,0.38246,39.6245,275.0159879,-9.5966905
Kepler-59 b,Kepler-59,Transit,2012,Kepler,1,2,4.1,1.1,11.8681707,0.09943,0,864,1.04,0.94,6074,0.32374,1163.22,287.0394932,46.6401677
Kepler-53 b,Kepler-53,Transit,2012,Kepler,1,3,111,2.89,18.6489525,0.1361,0,701,0.98,0.89,5858,0.03558,1366.07,290.4617926,40.5624966
HD 82943 c,HD 82943,Radial Velocity,2003,La Silla Observatory,1,2,622.603,13.4,220.078,0.74345,0.3663,,1.08,1.1826,5935,0.19405,27.5902,143.7114034,-12.1302976
HD 82943 b,HD 82943,Radial Velocity,2003,La Silla Observatory,1,2,534.25,13.5,441.47,1.18306,0.162,,1.08,1.1826,5935,0.19405,27.5902,143.7114034,-12.1302976
UZ For b,UZ For,Eclipse Timing Variations,2011,Multiple Observatories,2,2,2002.2,,5840,5.9,0.04,,0.7,,5286.9,,239.6038748,53.8694682,-25.7393857
Kepler-69 b,Kepler-69,Transit,2013,Kepler,1,2,5.65,2.24,13.722341,0.094,0.16,779,0.81,0.93,5638,-0.097,730.625,293.2609013,44.8688656
HIP 5158 c,HIP 5158,Radial Velocity,2011,La Silla Observatory,1,2,4780.1632,12.2,9017.76,7.7,0.14,,0.78,0.754089,4813,-0.5608,51.6026,16.5094891,-22.4536134
HU Aqr AB b,HU Aqr,Eclipse Timing Variations,2011,Yunnan Astronomical Observatory,2,2,1875.197,12.8,2390,3.6,0,,0.88,,5952,,192.1980787,316.9921976,-5.2948694
Kepler-37 e,Kepler-37,Transit Timing Variations,2014,Kepler,1,4,8.1,0.37,51.196,0.25,0,401,0.8,0.772,5288,-0.32187,63.9207,284.0592503,44.5183733
Kepler-65 d,Kepler-65,Transit,2012,Kepler,1,4,4.14,1.52,8.13123,0.084,0.014,1117,1.25,1.41,6211,0.4674,303.728,288.6887221,41.1511076
Kepler-52 c,Kepler-52,Transit,2012,Kepler,1,3,45.4,1.84,16.3850021,0.10379,0.012,433,0.54,0.52,4075,-0.99568,321.542,286.7380152,49.9757383
Kepler-55 b,Kepler-55,Transit,2012,Kepler,1,5,43,2.43,27.9481449,0.1593,0,400,0.62,0.58,4362,-0.76324,578.796,285.1683291,44.0264898
UZ For c,UZ For,Eclipse Timing Variations,2011,Multiple Observatories,2,2,2447.2,,1916.25,2.8,0.05,,0.7,,5286.9,,239.6038748,53.8694682,-25.7393857
Kepler-413 b,Kepler-413,Transit,2014,Kepler,2,1,67,4.347,66.262,0.3553,0.1181,,0.82,0.7761,4700,-0.42994,847.536,288.5106679,51.1624235
WASP-14 b,WASP-14,Transit,2008,SuperWASP,3,1,2809.6172,15.46842,2.24375,0.037,0.09,1872,1.62,1.4,6475,0.42732,161.997,218.2766247,21.8946875
HAT-P-2 b,HAT-P-2,Transit,2007,HATNet,1,2,2866.812231,10.659759,5.6335158,0.06814,0.5172,1540,1.33,1.39,6380,0.53,127.774,245.1514324,41.0479601
HAT-P-42 b,HAT-P-42,Transit,2012,HATNet,1,1,331.801,14.348,4.641878,0.0575,0,1428,1.178,1.53,5743,0.356,405.238,135.3443583,6.0970828
WASP-59 b,WASP-59,Transit,2012,SuperWASP,1,1,274.276,8.687,7.919585,0.0697,0.1,670,0.719,0.613,4650,-0.79407,115.936,349.6229547,24.889277
HAT-P-39 b,HAT-P-39,Transit,2012,HATNet,2,1,190.372,17.609,3.54387,0.0509,0,1752,1.404,1.625,6430,0.607,697.004,113.7582526,17.8300283
alf Ari b,alf Ari,Radial Velocity,2010,Bohyunsan Optical Astronomical Observatory,1,1,572.07,13.4,380.8,1.2,0.25,,1.5,13.9,4553,1.934,20.21019,31.793286,23.462421
KOI-55 b,KOI-55,Orbital Brightness Modulation,2011,Kepler,1,2,0.44,0.759,0.240104,0.006,,,0.496,0.203,27730,1.36,1231.02,296.3561853,41.0927315
GJ 536 b,GJ 536,Radial Velocity,2016,La Silla Observatory,1,2,6.37,2.41,8.70874,0.0668,0,451,0.528,0.529,3641,-1.35291,10.4092,210.2597264,-2.6522901
WTS-2 b,WTS-2,Transit,2014,United Kingdom Infrared Telescope,1,1,355.9696,15.277867,1.0187068,0.01855,0,2000,0.82,0.752,5000,-0.28812,1030.768344,293.7327826,36.8154936
KELT-6 c,KELT-6,Radial Velocity,2015,Multiple Observatories,1,2,1179.1493,13,1276,2.39,0.21,,1.126,1.529,6272,0.493,240.726,195.9818362,30.640145
KOI-55 c,KOI-55,Orbital Brightness Modulation,2011,Kepler,1,2,0.655,0.867,0.342887,0.0076,,,0.496,0.203,27730,1.36,1231.02,296.3561853,41.0927315
Ross 458 c,Ross 458,Imaging,2010,Las Campanas Observatory,2,1,1906.98,14.01125,,1100,,,0.556419,0.562566,3965.42,-1.29769,11.5094,195.1912147,12.3755996
Kepler-38 b,Kepler-38,Transit,2012,Kepler,2,1,122,4.3,105.599,0.4632,0.032,475,0.941,1.752,5623,0.49161,1174.59,286.830312,42.2791434
Kepler-30 d,Kepler-30,Transit,2012,Kepler,1,3,23.1,8.8,143.34394,0.5,0.022,308,0.99,0.95,5498,-0.23658,914.221,285.2836483,38.9472625
ROXs 42 B b,ROXs 42 B,Imaging,2013,Multiple Observatories,2,1,2860,12.5,,157,0.58,1975,1,1.33658,3433,-0.79156,143.59,247.8125493,-24.545577
HD 27894 b,HD 27894,Radial Velocity,2005,La Silla Observatory,1,3,196.7357839,14.1,18.01939,0.125,0.047,,0.81,0.891767,4875,-0.449,43.8214,65.1975693,-59.4096776
Kepler-50 c,Kepler-50,Transit,2012,Kepler,1,2,8.2,2.17,9.37647,0.087,0,1125,1.24,1.58,6225,0.53582,250.11,288.1009312,50.0336844
HD 233604 b,HD 233604,Radial Velocity,2013,McDonald Observatory,1,1,2089.644,12.7,192,0.747,0.05,,1.5,10.9,4791,1.75,847.058,137.4535054,53.5682016
WD 0806-661 b,WD 0806-661,Imaging,2011,Spitzer Space Telescope,1,1,2542.627256,12.6,,2500,,340,0.62,,9552,,19.2444,121.7275683,-66.3058835
Kepler-63 b,Kepler-63,Transit,2013,Kepler,1,1,120,6.11,9.4341505,0.08,0.45,791,0.984,0.901,5576,-0.157,194.033,289.2262876,49.5482814
Kepler-77 b,Kepler-77,Transit,2013,Kepler,1,1,136.661,10.761,3.57878087,0.04501,0,1440,0.95,0.99,5520,-0.046,639.411,289.6079433,44.3454347
HAT-P-44 c,HAT-P-44,Radial Velocity,2014,W. M. Keck Observatory,1,2,1271.3,13,872.2,1.752,0.494,,0.942,0.949,5295,-0.194,347.85,213.1438604,47.0147826
HATS-5 b,HATS-5,Transit,2014,HATSouth,1,1,75.323,10.223,4.763387,0.0542,0.019,1025,0.936,0.871,5304,-0.268,246.384,67.2228465,-21.4820568
HD 10180 d,HD 10180,Radial Velocity,2010,La Silla Observatory,1,6,3295.880581,,16.357,0.12859,0.131,,1.06,1.109,5911,0.17319,38.9607,24.4731133,-60.5114881
WTS-1 b,WTS-1,Transit,2012,United Kingdom Infrared Telescope,1,1,1274.44,16.7,3.352057,0.047,0.1,1500,1.2,1.15,6250,0.08842,2346.01,293.9850284,36.2962939
HD 11506 d,HD 11506,Radial Velocity,2022,Multiple Observatories,1,3,4068.20361,12.3,26500,18.2,0.29,,1.22,1.24,6123,0.33685,51.261,28.2106607,-19.507396
CoRoT-26 b,CoRoT-26,Transit,2013,CoRoT,1,1,165.26,14.12,4.20474,0.0526,0,1600,1.09,1.79,5590,0.451,1045.18,279.7504991,6.9697828
CoRoT-25 b,CoRoT-25,Transit,2013,CoRoT,1,1,85.81,12.11,4.86069,0.0578,0,1330,1.09,1.19,6040,0.14101,1103.48,280.6296561,6.5138223
Kepler-186 b,Kepler-186,Transit,2014,Kepler,1,5,1.24,1.07,3.8867907,0.0343,0,571,0.478,0.472,3788,-1.385,177.594,298.652736,43.9549884
91 Aqr b,91 Aqr,Radial Velocity,2013,Lick Observatory,3,1,1017,13.1,181.4,0.7,0.027,,1.4,11,4665,1.69239,44.0304,348.9745031,-9.0878076
GJ 163 b,GJ 163,Radial Velocity,2013,La Silla Observatory,1,3,10.6,3.25,8.63182,0.0607,0.073,,0.4,0.409738,3500,-1.708,15.1285,62.3228353,-53.3711768
Kepler-27 c,Kepler-27,Transit,2011,Kepler,1,3,4385.87,4.9,31.3309,0.191,0,481,0.65,0.59,5400,-0.32941,1044.36,292.2367608,41.085871
Kepler-27 b,Kepler-27,Transit,2011,Kepler,1,3,2895.31,4,15.3348,0.118,0,610,0.65,0.59,5400,-0.32941,1044.36,292.2367608,41.085871
HD 215497 c,HD 215497,Radial Velocity,2009,La Silla Observatory,1,2,111.2399425,13,566,1.31,0.47,,0.92,0.85,5113,-0.41,40.5468,341.652714,-56.5997984
BD-06 1339 b,BD-06 1339,Radial Velocity,2013,La Silla Observatory,1,2,1523.033726,,3.8728,0.0428,0,,0.7,0.686355,4324,-1.022,20.2695,88.2511811,-5.9963378
Kepler-186 d,Kepler-186,Transit,2014,Kepler,1,5,2.54,1.4,13.342996,0.0781,0,379,0.478,0.472,3788,-1.385,177.594,298.652736,43.9549884
Kepler-11 d,Kepler-11,Transit,2010,Kepler,1,6,7.3,3.12,22.6845,0.155,0.004,653,0.961,1.065,5663,0.1202,646.346,297.1150949,41.9091092
Kepler-11 b,Kepler-11,Transit,2010,Kepler,1,6,1.9,1.8,10.3039,0.091,0.045,849,0.961,1.065,5663,0.1202,646.346,297.1150949,41.9091092
Kepler-31 c,Kepler-31,Transit,2011,Kepler,1,3,1493.7,5.3,42.6318,0.26,0,615,1.21,1.22,6340,0.30134,1664.64,294.0230229,45.8530535
Kepler-32 c,Kepler-32,Transit,2011,Kepler,1,5,158.9,2,8.7522,0.09,0,451,0.58,0.53,3900,-1.29243,323.847,297.8423073,46.5743595
Kepler-1735 b,Kepler-1735,Transit,2021,Kepler,1,1,1.84,1.19429134,7.71792984,0.0621,0,502,0.535,0.509,3975,-1.19302,245.303,281.0503476,47.1882005
HD 66141 b,HD 66141,Radial Velocity,2012,Bohyunsan Optical Astronomical Observatory,1,1,1906.9,12.8,480.5,1.2,0.07,,1.1,21.4,4323,2.24,68.1509,120.5662825,2.3350265
HD 208527 b,HD 208527,Radial Velocity,2012,Bohyunsan Optical Astronomical Observatory,1,1,3146.4,12.5,875.5,2.1,0.08,,1.6,51.1,4035,2.86322,312.202,329.0999413,21.239922
MOA-bin-1L b,MOA-bin-1L,Microlensing,2012,MOA,1,1,1200,13,,8.3,,,0.75,,,,5100,261.7925,-29.7939722
GU Psc b,GU Psc,Imaging,2014,Gemini Observatory,1,1,3591.3,14.179,,2000,,1050,0.325,0.450458,4031.81,-1.60189,47.5501,18.146485,17.0650029
GJ 163 c,GJ 163,Radial Velocity,2013,La Silla Observatory,1,3,6.8,2.5,25.63058,0.1254,0.099,,0.4,0.409738,3500,-1.708,15.1285,62.3228353,-53.3711768
GJ 163 d,GJ 163,Radial Velocity,2013,La Silla Observatory,1,3,29.4,5.92,603.95116,1.0304,0.373,,0.4,0.409738,3500,-1.708,15.1285,62.3228353,-53.3711768
Kepler-32 d,Kepler-32,Transit,2012,Kepler,1,5,39.9089,2.7,22.7802,0.13,0,328,0.58,0.53,3900,-1.29243,323.847,297.8423073,46.5743595
Kepler-31 d,Kepler-31,Transit,2014,Kepler,1,3,2161.244,3.9,87.6451,0.4,0,484,1.21,1.22,6340,0.30134,1664.64,294.0230229,45.8530535
HAT-P-45 b,HAT-P-45,Transit,2014,HATNet,1,1,283.492,15.984,3.128992,0.0452,0.049,1652,1.259,1.319,6330,0.4,298.64,274.3732697,-3.3810594
HAT-P-44 b,HAT-P-44,Transit,2014,HATNet,1,2,111.871,13.922,4.301219,0.0507,0.044,1108,0.942,0.949,5295,-0.194,347.85,213.1438604,47.0147826
MOA-2010-BLG-073L b,MOA-2010-BLG-073L,Microlensing,2012,MOA,1,1,3500,12.4,,1.21,,,0.16,,,,2800,272.547258,-26.5229319
HAT-P-27 b,HAT-P-27,Transit,2011,HATNet,2,1,197.05,11.43,3.039577,0.04,0,1091.99,0.916,0.864673,5316,-0.26926,199.173,222.7673221,5.9473626
DENIS-P J082303.1-491201 b,DENIS-P J082303.1-491201,Astrometry,2013,Paranal Observatory,1,1,9057.77,11.9,246.36,0.36,0.345,,0.075,,,,20.77,125.7620668,-49.2003008
HIP 63242 b,HIP 63242,Radial Velocity,2013,Multiple Observatories,1,1,2917.56,12.5,124.6,0.565,0.23,,1.54,10.275655,4830,1.63,156.456,194.3824825,-65.6463263
Kepler-31 b,Kepler-31,Transit,2011,Kepler,1,3,36.7418,5.5,20.8613,0.16,0,781,1.21,1.22,6340,0.30134,1664.64,294.0230229,45.8530535
Kepler-32 f,Kepler-32,Transit,2012,Kepler,1,5,969.228,0.82,0.74296,0.013,0,1026,0.58,0.53,3900,-1.29243,323.847,297.8423073,46.5743595
HD 66428 c,HD 66428,Radial Velocity,2021,Multiple Observatories,1,2,560.64931,13.5,10478.84437,9.408,0.207,,1.01,1.13,5716,0.09579,53.2817,120.8691654,-1.1636019
Kepler-424 c,Kepler-424,Radial Velocity,2014,McDonald Observatory,1,2,2215.18,12.7,223.3,0.73,,,1.01,0.94,5460,-0.15,698.646,298.6249797,48.57745
KMT-2023-BLG-1896L b,KMT-2023-BLG-1896L,Microlensing,2025,KMTNet,1,1,16.35,4.19,,2.86,,,0.72,,,,5490,271.03175,-26.9589194
HD 190984 b,HD 190984,Radial Velocity,2009,La Silla Observatory,1,1,1137.825697,13,4885,5.5,0.57,,0.91,1.53,5988,0.43,148.187,302.8779827,-64.6202728
Kepler-134 c,Kepler-134,Transit,2014,Kepler,1,2,2.13,1.26,10.105785,0.092,0,892,0.956,1.176,5983,0.06051,334.797,284.7391156,49.5984448
Kepler-210 b,Kepler-210,Transit,2014,Kepler,1,2,8.96,2.94,2.453234,0.032,0,737,0.77,0.65,4559,-0.79874,232.75,292.5034196,43.0832188
Kepler-422 b,Kepler-422,Transit,2014,Kepler,1,1,136.66,12.89,7.8914483,0.082,0,1028,1.15,1.24,5972,0.24,722.795,282.6296334,46.3232807
Kepler-426 b,Kepler-426,Transit,2014,Kepler,1,1,108.06,12.22,3.21751883,0.0414,0.18,1300,0.91,0.92,5725,-0.089,843.695,289.4346668,49.473455
Kepler-16 b,Kepler-16,Transit,2011,Kepler,2,1,105.833,8.4493,228.776,0.7048,0.0069,,0.6897,0.6489,4450,-0.90301,75.0852,289.0758307,51.757229
KOI-94 d,KOI-94,Transit,2013,Kepler,2,4,106,11.27,22.342989,0.1684,0.022,806,1.277,1.52,6182,0.479,477.052,297.3330716,41.8911186
KOI-94 b,KOI-94,Transit,2013,Kepler,2,4,10.5,1.71,3.743208,0.05119,0.25,1486,1.277,1.52,6182,0.479,477.052,297.3330716,41.8911186
Kepler-35 b,Kepler-35,Transit,2011,Kepler,2,1,40.363,8.16,131.458,0.60347,0.042,,0.8877,1.0284,5606,-0.027,1819.17,294.496955,46.6896733
HD 103774 b,HD 103774,Radial Velocity,2013,La Silla Observatory,2,1,116,13.3,5.8881,0.07,0.09,,1.335,1.581047,6489,0.544,56.4089,179.2310729,-12.1079951
HD 109271 b,HD 109271,Radial Velocity,2013,La Silla Observatory,1,2,17.162,4.31,7.8543,0.079,0.25,,1.047,1.294595,5783,0.301,55.8716,188.397397,-11.6215204
Kepler-415 c,Kepler-415,Transit Timing Variations,2014,Kepler,1,2,4.7,2.01,8.708,0.0695,0,543,0.67,0.643,4362,-0.80504,530.487,293.8045041,38.6390517
HD 50554 b,HD 50554,Radial Velocity,2002,Lick Observatory,1,1,1859.296181,12.8,1293,2.353,0.501,,1.04,1.02,5987,0.143,31.1664,103.678273,24.2451409
Kepler-428 b,Kepler-428,Transit,2014,Kepler,1,1,403.63,12.11,3.52563254,0.0433,0.22,1070,0.87,0.8,5150,-0.39,686.284,290.5817432,40.5773106
Kepler-425 b,Kepler-425,Transit,2014,Kepler,1,1,79.45,10.962,3.79701816,0.0464,0.33,1070,0.93,0.86,5170,-0.323,646.647,290.3579781,40.5676965
WASP-70 A b,WASP-70 A,Transit,2014,SuperWASP,2,1,187.512,13.047,3.7130203,0.04853,0,1387,1.106,1.215,5763,0.1624,222.355,315.4771912,-13.4333821
KOI-94 e,KOI-94,Transit,2013,Kepler,2,4,35,6.56,54.32031,0.3046,0.019,584,1.277,1.52,6182,0.479,477.052,297.3330716,41.8911186
Kepler-396 c,Kepler-396,Transit,2013,Kepler,1,2,17.9,5.3,88.505,0.38946,0,390,0.85,1.06,5656,-0.13461,223.757,296.1328135,48.9773095
MOA-2010-BLG-477L b,MOA-2010-BLG-477L,Microlensing,2012,MOA,1,1,480,13.6,,2,,,0.67,,5950,,2300,271.531006,-31.4544773
HD 183263 b,HD 183263,Radial Velocity,2004,W. M. Keck Observatory,1,2,1103.182401,13.1,624.87404,1.46,0.383,,1.06,1.23,5948,0.25025,54.1955,292.1022982,8.3579183
HD 166724 b,HD 166724,Radial Velocity,2012,La Silla Observatory,1,1,1207.747947,13,5144,5.42,0.734,,0.81,0.797485,5127,-0.509,45.1342,273.4988604,-42.5757218
Kepler-122 f,Kepler-122,Transit Timing Variations,2014,Kepler,1,5,36,1.75,56.268,0.28575,0,543,1.03,0.949,5917,0.26993,1027.45,291.1118647,39.9490248
Kepler-96 b,Kepler-96,Transit,2014,Kepler,1,1,8.46,2.67,16.2385,0.1261,0,711,1,1.02,5690,-0.05231,122.881,297.0698263,40.5252039
KOI-13 b,KOI-13,Transit,2011,Kepler,3,1,2949.4624,16.948008,1.763588,0.03641,0.00064,2550,1.72,1.74,7650,0.971,519.096,286.9713876,46.8682463
Kepler-17 b,Kepler-17,Transit,2011,Kepler,1,1,778.65,14.68,1.4857108,0.02591,0.011,1570,1.04,1.01034,5781,0.01164,720.753,298.3952437,47.8149865
TOI-7510 d,TOI-7510,Transit,2025,Transiting Exoplanet Survey Satellite (TESS),1,3,190,10.52,48.864468,0.2672,0.04,542.4,1.063,1.035,5720,0.01115,249.006,273.728188,-54.4340547
CoRoT-23 b,CoRoT-23,Transit,2011,CoRoT,1,1,889.9,11.77,3.6313,0.048,0.16,1660,1.14,1.61,5900,0.08678,1060.97,279.7826586,4.3577516
BD+20 274 b,BD+20 274,Radial Velocity,2012,McDonald Observatory,1,1,1334.886,13,578.2,1.3,0.21,,0.8,17.3,4296,1.96,1322.51,25.9203179,21.0052692
HD 219415 b,HD 219415,Radial Velocity,2012,McDonald Observatory,1,1,317.83,13.8,2093.3,3.2,0.4,,1,2.9,4820,0.62,165.184,348.7243579,56.7303001
HD 150706 b,HD 150706,Radial Velocity,2012,Haute-Provence Observatory,1,1,772.323029,13.3,5894,6.7,0.38,,1.17,0.96,5961,0.03175,28.2697,247.8255687,79.7894032
OGLE-2011-BLG-0251L b,OGLE-2011-BLG-0251L,Microlensing,2012,OGLE,1,1,170,14.2,,2.72,,,0.26,,,,2570,264.559083,-27.1361389
Kepler-414 c,Kepler-414,Transit Timing Variations,2014,Kepler,1,2,29.9,3.01,7.171,0.07195,0,890,0.89,0.946,5536,-0.16917,413.46,297.9615616,48.2443363
HD 3167 e,HD 3167,Radial Velocity,2022,CHaracterising ExOPlanets Satellite (CHEOPS),1,4,8.41,2.83,96.63,0.3885,0.15,374.8,0.837,0.88,5261,-0.27003,47.2899,8.7401487,4.3807215
Kepler-42 c,Kepler-42,Transit,2011,Kepler,1,3,60.337,0.73,0.45328509,0.006,0,720,0.13,0.17,3068,-2.62,40.0595,292.2196,44.6173667
Kepler-33 c,Kepler-33,Transit,2011,Kepler,1,5,0.39,3.2,13.17562,0.1189,0,1009,1.291,1.82,5904,0.556,1209.16,289.0775348,46.0051696
Kepler-641 b,Kepler-641,Transit,2016,Kepler,1,1,4.08,1.85,9.48961571,0.0895,0,926,1.02,1.13,5713,0.39002,969.918,291.8235292,42.5161945
Kepler-410 A b,Kepler-410 A,Transit,2013,Kepler,2,1,8.44,2.838,17.833648,0.1226,0.17,866,1.214,1.352,6273,0.435,147.527,283.1510448,45.1400838
Kepler-314 c,Kepler-314,Transit,2014,Kepler,1,2,8.75,2.9,5.960392,0.064,0,890,0.99,0.95,5378,-0.22569,268.881,294.6741507,42.0756037
HD 168863 b,HD 168863,Radial Velocity,2022,Multiple Observatories,1,1,2154.876599,12.7,14773.93272,10.961,0.187,,0.8,0.777826,4905,-0.50098,39.8979,275.6642157,-18.0219726
Kepler-415 b,Kepler-415,Transit Timing Variations,2014,Kepler,1,2,119.9,1.21,4.176,0.0426,0,694,0.67,0.643,4362,-0.80504,530.487,293.8045041,38.6390517
Kepler-338 e,Kepler-338,Transit Timing Variations,2014,Kepler,1,4,8.5,1.56,9.341,0.08979,0.05,1143,1.14,1.735,5999,0.5857,552.798,282.9790593,40.7844188
Kepler-33 e,Kepler-33,Transit,2011,Kepler,1,5,5.57,4.02,31.7844,0.2138,0,752,1.291,1.82,5904,0.556,1209.16,289.0775348,46.0051696
Kepler-33 b,Kepler-33,Transit,2011,Kepler,1,5,3.68,1.74,5.66793,0.0677,0,1336,1.291,1.82,5904,0.556,1209.16,289.0775348,46.0051696
Kepler-46 c,Kepler-46,Transit Timing Variations,2012,Kepler,1,3,119.499,13.5,57.011,0.2799,0.0146,455,0.902,0.938,5155,-0.255,777.06,289.2687388,42.6041819
Kepler-318 b,Kepler-318,Transit,2014,Kepler,1,2,19.9,4.71,4.662715,0.056,0,1039,1.073,1.189,5746,0.00394,489.141,298.4828337,46.7936357
Kepler-314 b,Kepler-314,Transit,2014,Kepler,1,2,0.498,0.83,2.461069,0.035,0,1195,0.99,0.95,5378,-0.22569,268.881,294.6741507,42.0756037
Kepler-46 b,Kepler-46,Transit,2012,Kepler,1,3,1907,9.057,33.60134,0.1968,0.01,543,0.902,0.938,5155,-0.255,777.06,289.2687388,42.6041819
USco CTIO 108 b,USco CTIO 108,Imaging,2008,Teide Observatory,1,1,4449.62,12.3,,670,,,0.06,0.345365,2700,-1.95,144.019,241.4752653,-18.3124167
Kepler-130 c,Kepler-130,Transit,2014,Kepler,2,3,8.75,2.9,27.50868,0.178,0,683,1,1.17,5879,0.155,316.663,288.4505905,40.2452006
Kepler-418 b,Kepler-418,Transit,2014,Kepler,1,2,349.6112477,13.45,86.67856,0.39249,0.2,434,0.98,1.09,5820,0.11114,1002.53,294.4335228,38.3554729
Kepler-33 f,Kepler-33,Transit,2011,Kepler,1,5,9.6,4.46,41.02902,0.2535,0,691,1.291,1.82,5904,0.556,1209.16,289.0775348,46.0051696
Kepler-33 d,Kepler-33,Transit,2011,Kepler,1,5,3.91,5.35,21.77596,0.1662,0,853,1.291,1.82,5904,0.556,1209.16,289.0775348,46.0051696
HD 155358 c,HD 155358,Radial Velocity,2007,McDonald Observatory,1,2,261,13.9,391.9,1.02,0.16,,0.92,1.38,5900,0.29949,43.6197,257.3930947,33.3549277
Kepler-52 b,Kepler-52,Transit,2012,Kepler,1,3,135,2.1,7.8773565,0.0637,0,553,0.54,0.52,4075,-0.99568,321.542,286.7380152,49.9757383
Kepler-58 b,Kepler-58,Transit,2012,Kepler,1,4,35.5,2.78,10.2184954,0.09291,0.04,920,0.95,1.03,5843,-0.00422,969.252,296.3586251,39.1152033
HD 183263 c,HD 183263,Radial Velocity,2008,W. M. Keck Observatory,1,2,2958.982469,12.5,4667.97841,5.585,0.051,,1.06,1.23,5948,0.25025,54.1955,292.1022982,8.3579183
HD 187123 b,HD 187123,Radial Velocity,1998,W. M. Keck Observatory,1,2,166.218,14.2,3.0965828,0.0426,0.0103,,1.04,1.15043,5790,0.12713,45.9548,296.7428786,34.41899
V0391 Peg b,V0391 Peg,Pulsation Timing Variations,2007,Multiple Observatories,1,1,1017.056,13.1,1170,1.7,0,,0.5,0.23,29300,1.43287,1195.98,331.0504119,26.4188227
Kepler-62 e,Kepler-62,Transit,2013,Kepler,1,5,36,1.61,122.3874,0.427,0,270,0.69,0.64,4925,-0.678,300.874,283.2125621,45.3496992
HD 197037 b,HD 197037,Radial Velocity,2012,McDonald Observatory,2,1,251,13.9,1035.7,2.07,0.22,,1.11,1.105,6150,0.23857,33.1944,309.8869681,42.247593
CFBDSIR J145829+101343 b,CFBDSIR J145829+101343,Imaging,2011,W. M. Keck Observatory,1,1,3337.1,12.4,10037.5,2.6,,370,0.021,,580.5,,23.1,224.6208333,10.2286111
Kepler-269 b,Kepler-269,Transit,2014,Kepler,1,2,6.66,2.47,5.326718,0.061,0,1007,0.92,0.959,5847,0.36836,2257.32,290.2151459,41.775981
Kepler-300 c,Kepler-300,Transit,2014,Kepler,1,2,5.69,2.25,40.714955,0.232,0,516,1.07,0.9,5986,0.33994,1098.45,295.2886934,48.5997243
Kepler-149 d,Kepler-149,Transit,2014,Kepler,1,3,14.9,3.96,160.018032,0.571,0,306,1.013,0.953,5381,-0.11929,571.034,285.8537014,38.3840916
Kepler-124 d,Kepler-124,Transit,2014,Kepler,1,3,1.41,1.11,30.950851,0.17,0,428,0.706,0.636,4984,-0.46737,420.046,286.7527322,49.0648788
Kepler-276 d,Kepler-276,Transit,2013,Kepler,1,3,16.3,2.8,48.648,0.24666,0,489,1.1,1.03,5693,-0.08948,1144.86,293.568197,39.0363123
Kepler-114 c,Kepler-114,Transit,2013,Kepler,1,3,2.8,1.6,8.041,0.06482,0,507,0.56,0.54,4660,-0.6853,259.533,294.121482,48.3497977
Kepler-297 b,Kepler-297,Transit,2014,Kepler,1,3,48.5,2.87,38.871826,0.217,0,509,0.927,0.915,5619,-0.09608,692.14,283.2091605,48.7776156
WASP-83 b,WASP-83,Transit,2015,SuperWASP,1,1,95.349,11.65736,4.971252,0.059,0,1120,1.11,1.05,5510,-0.04966,271.103,190.1519558,-19.2843527
WASP-89 b,WASP-89,Transit,2015,SuperWASP,1,1,1875.197,11.65736,3.3564227,0.0427,0.193,1120,0.92,0.88,5130,-0.34333,290.946,313.9000261,-18.9714084
Kepler-402 c,Kepler-402,Transit,2014,Kepler,1,4,3.05,1.56,6.124821,0.068,0,1140,1.072,1.264,6090,0.2035,625.339,288.3701976,43.3546109
Kepler-157 b,Kepler-157,Transit,2014,Kepler,1,3,2.3,1.32,1.732342,0.028,0,1546,0.95,1.044,5774,0.09117,773.713,291.0972257,38.8756049
HATS-6 b,HATS-6,Transit,2015,HATSouth,1,1,101.38777,11.186582,3.3252725,0.03623,0,712.8,0.574,0.57,3724,-1.09983,169.318,88.1468079,-19.0316268
Kepler-450 c,Kepler-450,Transit,2015,Kepler,1,3,12.5,2.62,15.413135,0.13351,0.02,944,1.19,1.64162,6197.21,0.55403,455.982,295.4865821,51.0135237
Kepler-81 c,Kepler-81,Transit,2012,Kepler,1,3,4.3,2.37,12.04,0.08347,0,502,0.64,0.59,4385,-0.88941,348.291,293.6369437,42.8248275
Kepler-412 b,Kepler-412,Transit,2014,Kepler,1,1,299.07803,15.031269,1.7208604,0.02897,0.0038,1850,1.167,1.287,5750,0.26854,1086.24,286.1103053,43.6809612
Kepler-92 b,Kepler-92,Transit,2013,Kepler,1,3,64.3,3.51,13.749,0.12232,0.17,975,1.21,1.7,5883,0.55818,477.992,289.0860607,41.5630224
Kepler-288 c,Kepler-288,Transit,2014,Kepler,1,3,8.5,2.85,19.305772,0.14,0,815,0.842,1.091,5918,0.05605,1194.15,288.9163997,39.5947523
Kepler-295 b,Kepler-295,Transit,2014,Kepler,1,3,1.98,1.22,12.645164,0.099,0,741,0.89,0.898,5603,0.62949,1699.19,285.3458383,45.3677754
Kepler-178 d,Kepler-178,Transit,2014,Kepler,1,3,14.8,3.95,96.678988,0.397,0,392,0.852,1.066,5676,-0.20778,716.025,287.1010275,46.8964033
Kepler-44 b,Kepler-44,Transit,2011,Kepler,1,1,317.82,12.22,3.2467293,0.0446,0.066,1544,1.12,1.35,5800,0.34743,1188,300.1023512,45.7621918
Kepler-41 b,Kepler-41,Transit,2011,Kepler,1,1,177.98,14.46,1.8555582,0.03101,0,1790,1.15,1.29,5750,0.26161,1093.08,294.5132465,45.9816453
Kepler-450 d,Kepler-450,Transit,2015,Kepler,1,3,17.6,0.837,7.51464,0.0827,0.14,1199,1.19,1.64162,6197.21,0.55403,455.982,295.4865821,51.0135237
POTS-1 b,POTS-1,Transit,2013,La Silla Observatory,1,1,734.16,10.548,3.1606296,0.03734,,,0.695,0.588,4400,-1.0869,747.959,203.6087259,-66.5811639
Kepler-350 d,Kepler-350,Transit,2013,Kepler,1,3,14.9,2.8,26.136,0.1786,0,782,1,1.25,6492.3,0.42842,956.859,285.4195845,39.7061009
Kepler-238 f,Kepler-238,Transit,2013,Kepler,1,5,13.5,2,50.447,0.28635,0,568,1.06,0.96,5800,0.43048,1798.75,287.8971066,40.6378141
Kepler-287 c,Kepler-287,Transit,2014,Kepler,1,2,66,3.26,44.851896,0.246,0,513,0.963,1.032,5806,-0.13438,835.86,290.9274282,48.4434588
Kepler-285 b,Kepler-285,Transit,2014,Kepler,1,2,2.36,1.34,2.633867,0.036,0,1131,0.915,0.808,5411,-0.27923,824.31,291.3908469,48.0655392
Kepler-181 b,Kepler-181,Transit,2014,Kepler,1,2,2.15,1.27,3.137873,0.04,0,1041,0.81,0.749,5333,-0.37878,609.283,296.1512831,50.0957806
Kepler-1398 c,Kepler-1398,Transit,2016,Kepler,1,2,1.08,1.03,4.13827595,0.05087,0,1324,1.13,1.18,6126,0.31211,852.204,294.8661073,48.6389923
RR Cae b,RR Cae,Eclipse Timing Variations,2012,Leoncito Astronomical Complex,2,1,1334.886,13,4343.5,5.3,0,,0.44,0.193119,3904,-2.10762,21.1916,65.2733756,-48.6542601
WASP-24 b,WASP-24,Transit,2010,SuperWASP,3,1,394.1092,15.46842,2.34121,0.03651,0,1772,1.43,1.42,6075,0.33131,322.114,227.2154975,2.343286
WASP-21 b,WASP-21,Transit,2010,SuperWASP,1,1,95.345,11.99,4.322482,0.052,0,1333,1.01,1.06,5800,0.30426,258.426,347.4928024,18.3961597
GJ 3473 b,GJ 3473,Transit,2020,Transiting Exoplanet Survey Satellite (TESS),2,2,1.86,1.264,1.1980035,0.01589,0,773,0.36,0.364,3347,-1.82391,27.3644,120.5936065,3.3371629
GJ 3473 c,GJ 3473,Radial Velocity,2020,Multiple Observatories,2,2,7.41,2.63,15.509,0.0876,0,329.1,0.36,0.364,3347,-1.82391,27.3644,120.5936065,3.3371629
TOI-5205 b,TOI-5205,Transit,2023,Transiting Exoplanet Survey Satellite (TESS),1,1,343,11.6,1.630757,0.0199,0.02,737,0.392,0.394,3430,-1.7122,86.4493,313.7706819,24.360977
TOI-237 b,TOI-237,Transit,2020,Transiting Exoplanet Survey Satellite (TESS),1,1,2.67,1.44,5.436098,0.0341,0,388,0.179,0.211,3212,-2.38722,38.0749,353.2435381,-29.416487
K2-237 b,K2-237,Transit,2018,K2,1,1,434.153604,16.06246934,2.18053332,0.03552,0.03,1759,1.256,1.236,6180,0.3032,314.995,253.7688479,-28.7105836
Kepler-284 b,Kepler-284,Transit,2014,Kepler,1,2,5.65,2.24,12.699149,0.104,0,686,0.766,0.814,5615,-0.34097,1031.95,293.1465698,47.7297053
Kepler-654 b,Kepler-654,Transit,2016,Kepler,1,1,4.94,2.07,13.72465129,0.11664,0,831,1.04,1.11,5865,0.4622,974.124,297.0683931,46.8342497
Kepler-199 c,Kepler-199,Transit,2014,Kepler,1,2,10.6,3.25,67.093408,0.316,0,420,0.96,0.967,5644,-0.09685,521.054,295.5594278,40.236249
Kepler-214 b,Kepler-214,Transit,2014,Kepler,1,2,7.32,2.61,15.660544,0.13,0,758,1.11,1.352,6169,0.5108,1208.44,284.7548499,44.95605
Kepler-87 b,Kepler-87,Transit,2013,Kepler,1,2,324.2,13.49,114.73635,0.481,0.036,478,1.1,1.82,5600,0.32604,1232.9,297.9168433,46.9651146
Kepler-75 b,Kepler-75,Transit,2013,Kepler,1,1,3209.9,11.77,8.8849116,0.0818,0.57,767,0.91,0.89,5200,-0.21487,835.356,291.1376203,36.5773443
Kepler-74 b,Kepler-74,Transit,2013,Kepler,1,1,200.22,10.76,7.340711,0.0781,0,1078,1.18,1.12,6000,0.3321,1177.55,293.0925275,41.3555095
Kepler-145 c,Kepler-145,Transit,2013,Kepler,1,2,79.4,4.32,42.882,0.26244,0.11,709,1.32,1.85,6022,0.69164,566.85,291.3877397,44.5290465
Kepler-328 b,Kepler-328,Transit,2013,Kepler,1,2,28.5,2.3,34.921,0.2199,0,602,1.15,1.06,6064,0.44013,2213.19,295.8092756,40.0084866
Kepler-115 c,Kepler-115,Transit,2014,Kepler,1,2,7.27,2.6,8.990889,0.087,0,960,1.042,1.205,5979,0.22007,623.609,297.7119299,45.261985
Kepler-341 c,Kepler-341,Transit,2014,Kepler,1,4,3.53,1.7,8.01041,0.08,0,940,0.976,1.024,6012,0.12721,1047.03,289.8615609,43.4727412
Kepler-225 b,Kepler-225,Transit,2014,Kepler,1,2,1.87,1.2,6.738975,0.056,0,579,0.593,0.48,3682,-0.99568,561.101,292.1939846,47.4570808
Kepler-871 b,Kepler-871,Transit,2016,Kepler,1,1,13.5,3.74,22.0459018,0.1572,0,640,1.11,1.14,5993,0.30895,1976.05,294.5270634,43.3681317
Kepler-56 c,Kepler-56,Transit,2012,Kepler,1,3,181,9.8,21.40239,0.1652,0,1087,1.32,4.23,4840,0.90455,912.994,293.7583002,41.871807
XO-5 b,XO-5,Transit,2008,XO,1,1,378.2,12.78,4.1877558,0.0515,0,1230,1.04,1.13,5430,-0.06,276.211,116.7163868,39.0944695
Kepler-447 b,Kepler-447,Transit,2015,Kepler,1,1,435.41,18.49,7.79430132,0.0769,0.123,882,1,1.05,5493,-0.19007,268.041,285.2685283,48.5598835
Kepler-216 b,Kepler-216,Transit,2014,Kepler,1,2,6.12,2.35,7.693641,0.079,0,1069,1.126,1.26,6091,0.51836,1187.47,293.7280695,46.1291139
Kepler-259 c,Kepler-259,Transit,2014,Kepler,1,2,7.75,2.7,36.924931,0.217,0,530,0.867,0.898,5938,-0.15271,1002.14,288.2119707,46.6150461
Kepler-293 b,Kepler-293,Transit,2014,Kepler,1,2,9.64,3.07,19.254196,0.144,0,657,0.934,0.957,5804,-0.23265,974.633,286.3580611,42.4064917
Kepler-291 b,Kepler-291,Transit,2014,Kepler,1,2,5.31,2.16,3.546511,0.047,0,1212,1.023,1.016,6002,0.07135,1786.48,287.9163029,42.4372666
Kepler-242 c,Kepler-242,Transit,2014,Kepler,1,2,4.66,2,14.496481,0.109,0,613,0.748,0.85,5020,-0.61267,600.241,286.5656932,41.8084168
Kepler-240 b,Kepler-240,Transit,2014,Kepler,1,2,2.45,1.37,4.144495,0.048,0,864,0.868,0.739,4985,-0.52355,746.927,291.1587635,40.7502108
Kepler-56 b,Kepler-56,Transit,2012,Kepler,1,3,22.1,6.51,10.5016,0.1028,0.04,1378,1.32,4.23,4840,0.90455,912.994,293.7583002,41.871807
WASP-16 b,WASP-16,Transit,2009,SuperWASP,1,1,394.1092,13.67498,3.1186,0.0415,0,1389,1.78,1.14,5700,0.01005,194.134,214.6830109,-20.2754374
WASP-17 b,WASP-17,Transit,2009,SuperWASP,1,1,247.9074,20.96083,3.73543,0.0515,0,1755,2.28,1.49,6550,0.61272,405.908,239.9622479,-28.0617941
WASP-18 b,WASP-18,Transit,2009,SuperWASP,2,2,3241.849751,13.89913607,0.94145223,0.02024,0.0051,2429,1.294,1.319,6432,0.42813,123.483,24.3544618,-45.6777937
HAT-P-54 b,HAT-P-54,Transit,2015,HATNet,1,1,241.5508,10.581296,3.799847,0.04117,0.074,818,0.645,0.617,4390,-0.9017,143.651,99.8979924,25.4824005
Kepler-148 c,Kepler-148,Transit,2014,Kepler,1,3,12.6,3.6,4.180043,0.05,0,957,0.86,0.851,5272,-0.38342,791.163,289.7861626,46.8588176
Kepler-179 b,Kepler-179,Transit,2014,Kepler,1,2,3.33,1.64,2.735926,0.036,0,1075,0.893,0.759,5302,-0.27765,605.68,298.6636163,47.7619329
Kepler-303 b,Kepler-303,Transit,2014,Kepler,1,2,0.64,0.89,1.937055,0.024,0,802,0.575,0.485,3944,-1.0655,209.738,283.1354742,43.6567036
Kepler-260 b,Kepler-260,Transit,2014,Kepler,1,2,4.7,2.01,8.187399,0.075,0,782,1.013,0.862,5250,-0.09198,627.365,291.9259658,38.0140525
Kepler-226 b,Kepler-226,Transit,2014,Kepler,1,3,24,1.55,3.940997,0.047,0,1018,0.904,0.802,5571,-0.23921,980.138,292.3760942,47.8809596
WASP-26 b,WASP-26,Transit,2010,SuperWASP,2,1,270.1555,13.56289,2.7566,0.04,0,1650,0.86,1.22,6034,0.28725,252.759,4.6030424,-15.2674044
WASP-33 b,WASP-33,Transit,2010,SuperWASP,2,1,665.21819,17.855937,1.21987,0.0239,0,2781.7,1.495,1.444,7430,0.81944,121.944,36.7127375,37.5504441
HATS-14 b,HATS-14,Transit,2015,HATSouth,1,1,340.39593,11.646151,2.7667641,0.03815,0.142,1276,0.967,0.933,5346,-0.17274,513.011,313.2154754,-25.6873756
HD 95086 b,HD 95086,Imaging,2013,Paranal Observatory,1,1,1589,12.9,,55.7,,1000,1.6,1.48667,7595,0.82124,86.2279,164.2621032,-68.6672917
Kepler-165 c,Kepler-165,Transit,2014,Kepler,1,2,5.6,2.23,15.31299,0.11,0,581,0.746,0.77,5211,-0.4723,560.885,280.69092,47.8096702
Kepler-197 d,Kepler-197,Transit,2014,Kepler,2,4,1.98,1.22,15.677563,0.119,0.03,810,0.857,1.12,6004,0.22187,330.575,295.2264739,50.5592348
Kepler-125 b,Kepler-125,Transit,2014,Kepler,1,2,6.21,2.37,4.164389,0.041,0,590,0.542101,0.512,3810,-1.3279,183.365,298.2581101,47.6050031
Kepler-306 c,Kepler-306,Transit,2014,Kepler,1,4,6.12,2.35,7.240193,0.067,0,716,0.75,0.719,4954,-0.4693,775.679,288.5387145,40.6160545
KOI-351 e,KOI-351,Transit,2013,Kepler,1,8,7.56,2.66,91.93913,0.42,0,450,1.2,1.2,6080,0.26853,848.254,284.4334642,49.3051239
KOI-351 c,KOI-351,Transit,2013,Kepler,1,8,1.81,1.19,8.719375,0.089,0,987,1.2,1.2,6080,0.26853,848.254,284.4334642,49.3051239
Kepler-222 c,Kepler-222,Transit,2014,Kepler,1,3,19.4,4.64,10.08881,0.091,0,734,0.933,0.869,5433,-0.33784,758.854,287.9060885,46.9377479
Kepler-184 d,Kepler-184,Transit,2014,Kepler,1,3,6.76,2.49,29.022358,0.179,0,559,0.872,0.873,5788,-0.22509,610.326,291.9518784,43.0746172
Kepler-309 b,Kepler-309,Transit,2014,Kepler,1,2,3.05,1.56,5.923653,0.059,0,531,0.816,0.721,4713,-0.574,544.568,297.5098911,46.9614121
Kepler-696 b,Kepler-696,Transit,2016,Kepler,1,1,31.3,6.14,4.190425575,0.0535,0,1234,1.06,1.08,5903,0.15095,1416.44,293.4965906,41.1375635
Kepler-11 f,Kepler-11,Transit,2010,Kepler,1,6,2,2.49,46.6888,0.25,0.013,513,0.961,1.065,5663,0.1202,646.346,297.1150949,41.9091092
Kepler-11 e,Kepler-11,Transit,2010,Kepler,1,6,8,4.19,31.9996,0.195,0.012,582,0.961,1.065,5663,0.1202,646.346,297.1150949,41.9091092
Kepler-11 g,Kepler-11,Transit,2010,Kepler,1,6,25,3.33,118.3807,0.466,0.15,376,0.961,1.065,5663,0.1202,646.346,297.1150949,41.9091092
Kepler-166 c,Kepler-166,Transit,2014,Kepler,1,3,6.26,2.38,34.260281,0.195,0,468,0.811,0.742,5413,-0.38508,603.53,293.1600977,48.8812074
Kepler-275 b,Kepler-275,Transit,2014,Kepler,1,3,6.08,2.34,10.300682,0.098,0,1015,1.189,1.383,6165,0.44934,2034.25,292.4797004,38.5149018
Kepler-1298 b,Kepler-1298,Transit,2016,Kepler,1,1,2.27,1.31,7.12811928,0.0814,0,1373,1.45,2,6339,0.83982,544.163,284.4227535,49.1061907
Kepler-11 c,Kepler-11,Transit,2010,Kepler,1,6,2.9,2.87,13.0241,0.107,0.026,786,0.961,1.065,5663,0.1202,646.346,297.1150949,41.9091092
WASP-57 b,WASP-57,Transit,2012,SuperWASP,1,1,204.68252,11.76945,2.83891856,0.03769,0,1338,0.886,0.927,5600,-0.00509,398.276,223.8199788,-2.0576866
HAT-P-50 b,HAT-P-50,Transit,2015,HATNet,1,1,429.0705,14.437192,3.1220109,0.0453,0.115,1862,1.273,1.698,6280,0.60314,515.458,118.0634379,12.1393474
MOA-2008-BLG-379L b,MOA-2008-BLG-379L,Microlensing,2013,MOA,1,1,1300,13,,2.7,,,0.56,,,,3300,269.706,-30.1969306
HD 13908 b,HD 13908,Radial Velocity,2013,Haute-Provence Observatory,1,2,274.91,13.9,19.382,0.154,0.02,,1.29,1.67,6255,0.602,79.5515,34.5609102,65.5941901
Kepler-108 b,Kepler-108,Transit,2014,Kepler,2,2,56,8.65,49.183921,0.292,0.22,669,1.247,2.192,5854,0.707,338.732,294.5589885,46.0623952
Kepler-264 b,Kepler-264,Transit,2014,Kepler,1,2,11.1,3.33,40.806231,0.249,0,772,1.426,1.55,6158,0.68915,942.173,292.044628,37.3761861
Kepler-279 b,Kepler-279,Transit,2014,Kepler,1,4,4180.93,3.62,12.309681,0.112,0,1104,1.2,1.746,6363,0.5188,1037.4,287.391295,42.194822
Kepler-286 c,Kepler-286,Transit,2014,Kepler,1,4,2.45,1.37,3.468095,0.042,0,1098,0.83,0.863,5580,-0.11623,1226.85,290.6761874,48.2942362
GJ 667 C c,GJ 667 C,Radial Velocity,2013,La Silla Observatory,3,5,3.8,1.77,28.14,0.125,0.02,,0.33,,3350,-1.863,7.24396,259.7510609,-34.9977651
HD 13908 c,HD 13908,Radial Velocity,2013,Haute-Provence Observatory,1,2,1630.4,12.8,931,2.03,0.12,,1.29,1.67,6255,0.602,79.5515,34.5609102,65.5941901
HD 159243 b,HD 159243,Radial Velocity,2013,Haute-Provence Observatory,1,2,359.13,13.7,12.62,0.11,0.02,,1.125,1.12,6123,0.114,73.3055,263.3395365,5.7008254
Kepler-261 b,Kepler-261,Transit,2014,Kepler,1,2,5.39,2.18,10.381227,0.088,0,672,0.834,0.794,5098,-0.471,317.499,291.3647333,37.609239
HIP 57274 c,HIP 57274,Radial Velocity,2011,W. M. Keck Observatory,1,3,130,14.2,32.03,0.178,0.05,,0.73,0.68,4640,0.19,25.8618,176.1705487,30.9576484
Kepler-292 d,Kepler-292,Transit,2014,Kepler,1,5,5.6,2.23,7.055679,0.068,0,808,0.865,0.826,5299,-0.33691,1056.48,295.7661979,42.4242822
GJ 667 C f,GJ 667 C,Radial Velocity,2013,La Silla Observatory,3,5,2.7,1.45,39.026,0.156,0.03,,0.33,,3350,-1.863,7.24396,259.7510609,-34.9977651
HD 73526 c,HD 73526,Radial Velocity,2005,Anglo-Australian Telescope,1,2,715.09,13.3,379.1,1.03,0.28,,1.014,1.53,5601,0.33788,97.2396,129.318331,-41.3184231
HD 106906 b,HD 106906,Imaging,2013,Las Campanas Observatory,1,1,3496,12.4,,650,,1800,1.5,2.12351,6516,0.75,103.029,184.4713308,-55.9755805
Kepler-119 b,Kepler-119,Transit,2014,Kepler,1,2,12.6,3.6,2.422082,0.035,0,1213,0.918,0.839,5595,-0.0366,701.996,295.9463854,42.6588324
HD 220074 b,HD 220074,Radial Velocity,2012,Bohyunsan Optical Astronomical Observatory,1,1,5288.6912,12.2,672.09998,1.6,0.14,,2.2,54.92,3787,2.89354,324.54,350.0599827,61.9701062
Kepler-297 c,Kepler-297,Transit,2014,Kepler,1,3,42.1,6.54,74.920137,0.336,0,409,0.927,0.915,5619,-0.09608,692.14,283.2091605,48.7776156
Kepler-343 b,Kepler-343,Transit,2014,Kepler,1,2,6.39,2.41,8.96855,0.088,0,1024,1.055,1.433,5807,0.2162,927.193,291.960662,42.4329567
Kepler-282 d,Kepler-282,Transit,2013,Kepler,1,4,61,2.46,24.806,0.15837,0,588,0.97,0.89,5656,0.10587,1337.61,284.6772402,44.7976401
Kepler-158 b,Kepler-158,Transit,2014,Kepler,1,3,5.14,2.12,16.709184,0.111,0,500,0.655,0.624,4623,-0.75667,315.177,284.0323723,39.7815365
Kepler-273 b,Kepler-273,Transit,2014,Kepler,1,2,2.86,1.5,2.936532,0.037,0,1209,0.756,0.815,5626,-0.34099,713.964,291.3021458,47.6976573
Kepler-677 b,Kepler-677,Transit,2016,Kepler,1,1,25,5.38,6.57531678,0.067,0,1015,1,0.99,5723,0.38964,1954.08,290.0980478,50.3215731
Kepler-306 b,Kepler-306,Transit,2014,Kepler,1,4,2.92,1.52,4.646186,0.05,0,830,0.75,0.719,4954,-0.4693,775.679,288.5387145,40.6160545
Kepler-267 d,Kepler-267,Transit,2014,Kepler,1,3,5.77,2.27,28.464515,0.154,0,301,0.541571,0.555,4258,-1.22915,264.993,299.8305655,47.1575741
DP Leo b,DP Leo,Eclipse Timing Variations,2009,Yunnan Astronomical Observatory,2,1,1995.88832,12.7,10220,8.19,0.39,,0.69,0.0115,13500,-2.4,305.684,169.3162193,17.9615717
HAT-P-19 b,HAT-P-19,Transit,2010,HATNet,1,1,88.03846874,11.29865255,4.00878322,0.04599,0.07,981.2,0.807,0.773,4962,-0.48545,202.078,9.5165832,34.7114025
HAT-P-34 b,HAT-P-34,Transit,2011,HATNet,1,1,1058.3739,13.417173,5.452654,0.06774,0.432,1520,1.392,1.53,6442,0.6003,249.325,303.1954355,18.1047776
WASP-11 b,WASP-11,Transit,2008,SuperWASP,3,1,251.0857,12.44199,3.72247,0.0435,0,992,1.42,0.89,4800,0,124.73,47.3689472,30.6733817
WASP-37 b,WASP-37,Transit,2010,SuperWASP,1,1,572.07,13.002,3.577469,0.0446,0,1232.5,0.925,1.003,5800,-0.021,392.791,221.9438866,1.0650227
WASP-90 b,WASP-90,Transit,2016,SuperWASP,1,1,200.2329,18.27067,3.916243,0.0562,0,1840,1.55,1.98,6430,0.63014,466.433,315.5319489,7.0562793
K2-26 b,K2-26,Transit,2016,K2,1,1,7.61,2.67,14.5665,0.0962,,430,0.56,0.52,3785,-1.3098,99.0504,94.2064312,24.5958335
Kepler-276 c,Kepler-276,Transit,2013,Kepler,1,3,16.6,2.9,31.884,0.18619,0,563,1.1,1.03,5693,-0.08948,1144.86,293.568197,39.0363123
Kepler-305 b,Kepler-305,Transit,2013,Kepler,1,4,10.5,3.6,5.487,0.05746,0.005,836,0.76,0.8,5080,-0.42318,868.477,299.2242557,40.343167
Kepler-266 b,Kepler-266,Transit,2014,Kepler,1,2,6.71,2.48,6.61833,0.071,0,1066,0.947,1.028,5885,0.01163,1370.79,294.4843821,44.1669355
Kepler-121 c,Kepler-121,Transit,2014,Kepler,1,2,5.77,2.27,41.008011,0.216,0,425,0.859,0.701,5311,-0.47396,510.523,286.1621273,39.6780204
Kepler-338 d,Kepler-338,Transit,2014,Kepler,1,4,9.27,3,44.431014,0.257,0.03,680,1.105,1.735,5923,0.5857,552.798,282.9790593,40.7844188
2MASS J01225093-2439505 b,2MASS J01225093-2439505,Imaging,2013,W. M. Keck Observatory,1,1,7786.5,11.209,,52,,1600,0.4,0.36645,3530,-1.72,33.8281,20.7128012,-24.6646128
WASP-52 b,WASP-52,Transit,2012,SuperWASP,1,1,146.2,14.24,1.7497798,0.0272,0,1315,0.87,0.79,5000,-0.35366,174.818,348.4947931,8.7610793
WASP-75 b,WASP-75,Transit,2013,SuperWASP,2,1,340.06,14.235,2.484193,0.0375,0,1710,1.14,1.26,6100,0.30426,294.001,342.3858995,-10.6754686
WASP-135 b,WASP-135,Transit,2015,SuperWASP,1,1,603.877,14.5717,1.4013794,0.0243,0,1403.66,0.98,0.96,5675,-0.32573,298.214,267.2848846,29.8790428
HD 222237 b,HD 222237,Radial Velocity,2024,Multiple Observatories,1,1,1649.529432,12.8,14892,10.8,0.56,,0.76,0.71,4751,-0.66555,11.4469,354.9078642,-72.7253271
Kepler-126 d,Kepler-126,Transit,2014,Kepler,1,3,54.59018723,2.5,100.283134,0.448,0.02,475,1.108,1.358,6239,0.452,237.401,289.3473634,44.2084445
Kepler-381 c,Kepler-381,Transit,2014,Kepler,1,3,1.46,1.12,13.391635,0.117,0,1180,1.144,1.568,6152,0.5139,267.323,285.1828685,43.8310283
Kepler-249 d,Kepler-249,Transit,2014,Kepler,1,3,3.09,1.57,15.368459,0.097,0,332,0.510238,0.482,3568,-1.49485,190.401,296.9853002,43.6586043
Kepler-254 d,Kepler-254,Transit,2014,Kepler,1,3,6.8,2.5,18.746477,0.139,0,686,0.849,0.91,5957,-0.12491,1389.48,288.1646541,45.8164257
SPECULOOS-3 b,SPECULOOS-3,Transit,2024,SPECULOOS Southern Observatory,1,1,0.894,0.977,0.71912603,0.00733,,553,0.1009,0.123,2800,-3.07831,,312.3632611,33.6123832
Kepler-363 d,Kepler-363,Transit,2014,Kepler,1,3,4.86,2.05,11.932125,0.107,0,905,1.226,1.485,5593,0.36465,762.596,283.1920779,41.3054172
Kepler-366 b,Kepler-366,Transit,2014,Kepler,1,2,2.73,1.46,3.281959,0.045,0,1326,1.088,1.048,6209,0.57277,1856.28,296.8520316,49.0844359
Kepler-141 b,Kepler-141,Transit,2014,Kepler,1,2,0.257,0.69,3.107675,0.039,0,968,0.878,0.787,4910,-0.44625,301.183,297.9707271,47.7316041
Kepler-142 d,Kepler-142,Transit,2014,Kepler,1,3,5.31,2.16,41.809118,0.242,0,582,0.978,1.269,5790,0.10706,548.686,295.1190067,48.4813635
Kepler-400 b,Kepler-400,Transit,2014,Kepler,1,2,3.36,1.65,9.024389,0.087,0,939,1.08,1.145,5886,0.152,845.97,290.9444679,40.4800528
Kepler-204 c,Kepler-204,Transit,2014,Kepler,1,2,3.86,1.79,25.660593,0.173,0,683,1.038,1.238,5812,0.02981,686.723,285.347162,41.761845
WASP-41 c,WASP-41,Radial Velocity,2015,La Silla Observatory,1,2,1010.6994,13.1,421,1.07,0.294,241,0.93,0.87,5545,-0.19512,163.371,190.6188034,-30.6398176
Kepler-312 c,Kepler-312,Transit,2014,Kepler,1,2,10.1,3.15,19.747412,0.153,0,754,1.314,1.467,6115,0.59751,797.72,298.3957687,42.4597712
Kepler-286 d,Kepler-286,Transit,2014,Kepler,1,4,2.33,1.33,5.914323,0.061,0,919,0.83,0.863,5580,-0.11623,1226.85,290.6761874,48.2942362
Kepler-91 b,Kepler-91,Transit,2013,Kepler,1,1,257.4423,15.322703,6.24658,0.0731,0.0519,2040,1.31,6.3,4550,1.225,1294.69,285.6729033,44.1167513
TOI-4495 b,TOI-4495,Transit,2026,Transiting Exoplanet Survey Satellite (TESS),1,2,7.7,2.483,2.56699,0.03957,0.078,1735,1.247,1.309,6210,0.36656,132.214,286.3624951,37.0259902
HD 176986 d,HD 176986,Radial Velocity,2026,Multiple Observatories,1,3,6.76,2.49,61.376,0.28149,,363,0.789,0.782,4931,-0.48017,27.7843,285.7739138,-11.044941
Kepler-354 b,Kepler-354,Transit,2014,Kepler,1,3,4.04,1.84,5.47666,0.054,0,741,0.652,0.674,4648,-0.71394,554.064,285.7515347,41.3356739
Kepler-368 b,Kepler-368,Transit,2014,Kepler,1,2,10.7,3.26,26.84768,0.186,0,800,1.165,2.019,5502,0.56235,770.978,291.880018,45.3878419
Kepler-135 b,Kepler-135,Transit,2014,Kepler,1,2,3.93,1.81,6.00253,0.067,0,1209,1.047,1.275,6090,0.44809,621.855,290.4950939,38.7954956
Kepler-383 b,Kepler-383,Transit,2014,Kepler,1,2,2.3,1.32,12.904532,0.095,0,545,0.669,0.672,4710,-0.698,470,291.3426078,38.3631616
HAT-P-66 b,HAT-P-66,Transit,2016,HATNet,1,1,248.86089,17.82231,2.972086,0.04363,0.09,1896,1.255,1.881,6002,0.6149,935.456,150.5726262,53.9508237
WASP-118 b,WASP-118,Transit,2016,SuperWASP,1,1,163.36462,16.14096,4.0460435,0.05453,0,1729,1.32,1.696,6410,0.65885,376.658,19.5505861,2.7027847
WASP-7 b,WASP-7,Transit,2008,SuperWASP,1,1,305.1168,14.90797,4.9546416,0.0617,0.034,1487,1.276,1.432,6400,0.53682,162.303,311.0427558,-39.2254856
XO-4 b,XO-4,Transit,2010,Lowell Observatory,1,1,451.3186,14.01125,4.12508,0.05524,0,1630,1.1,1.45,6397,0.53558,272.655,110.3880285,58.2681094
KELT-2 A b,KELT-2 A,Transit,2012,KELT,2,1,540.311,15.13215,4.11379,0.05497,0,2080,1.54,1.93,6327,0.6889,134.058,92.6640226,30.9571333
K2-30 b,K2-30,Transit,2016,K2,1,1,184.02357,11.646151,4.098503,0.04839,0,1092,0.9,0.844,5425,-0.25649,333.042,52.3420548,22.2993491
WASP-101 b,WASP-101,Transit,2014,SuperWASP,1,1,162.0933,16.02887,3.58572,0.05057,0,1560,1.41,1.31,6380,0.42052,201.224,98.3511016,-23.486086
Kepler-104 c,Kepler-104,Transit,2014,Kepler,2,3,7.14430805,3.13,23.668205,0.153,0,668,0.818,1.349,5711,0.08926,400.785,287.6046621,42.1665104
Kepler-369 c,Kepler-369,Transit,2014,Kepler,1,2,2.57,1.41,14.871572,0.094,0,391,0.5,0.471,3591,-1.42022,214,293.6743322,47.9084727
Kepler-371 b,Kepler-371,Transit,2014,Kepler,1,2,4.23,1.89,34.763278,0.2,0,554,0.876,0.992,5666,0.24392,813.192,292.3264835,38.6575441
Kepler-147 b,Kepler-147,Transit,2014,Kepler,1,2,2.96,1.53,12.610584,0.113,0,953,1.145,1.468,6012,0.42733,1042.02,287.9757213,39.087168
Kepler-132 d,Kepler-132,Transit,2014,Kepler,2,4,3.02,1.55,18.010199,0.136,0,758,0.929,1.178,6003,0.211,349.549,283.23581,41.343037
Kepler-208 c,Kepler-208,Transit,2014,Kepler,1,4,2.51,1.39,7.466623,0.079,0,1141,1.082,1.314,6092,0.30912,775.328,293.8901979,42.5279413
Kepler-487 c,Kepler-487,Transit,2016,Kepler,1,3,7.65,2.68,38.6519976,0.21864,0,487,0.91,0.88,5444,-0.17269,872.343,295.2872318,41.2220033
Kepler-316 c,Kepler-316,Transit,2014,Kepler,1,2,1.65,1.16,6.827766,0.058,0,577,0.587,0.52,4204,-0.93554,384.938,290.825835,44.1838993
Kepler-313 b,Kepler-313,Transit,2014,Kepler,1,2,6.94,2.53,14.970418,0.125,0,883,1.114,1.536,5727,0.31196,1079.395249,298.2948708,48.7754
Kepler-372 c,Kepler-372,Transit,2014,Kepler,1,3,5.02,2.09,20.053763,0.154,0,755,1.202,1.137,6509,0.32073,1493.95,291.2562253,49.2589288
Kepler-373 b,Kepler-373,Transit,2014,Kepler,1,2,2.42,1.36,5.535309,0.06,0,1054,0.981,0.845,5787,0.21244,1090.45,289.3879904,50.5970115
HD 176986 c,HD 176986,Radial Velocity,2017,Multiple Observatories,1,3,2097.985315,,16.8124,0.11873,0.111,558,0.789,0.782,4931,-0.48017,27.7843,285.7739138,-11.044941
Kepler-151 c,Kepler-151,Transit,2014,Kepler,1,2,5.02,2.09,24.674612,0.16,0,544,0.87,0.83,5460,-0.33413,649.919,292.1627933,41.0231947
Kepler-386 c,Kepler-386,Transit,2014,Kepler,1,2,3.12,1.58,25.193458,0.155,0,513,0.825,0.767,5178,-0.40199,882.462,289.8589165,48.6938077
Kepler-215 c,Kepler-215,Transit,2014,Kepler,1,4,3.78,1.77,14.667108,0.113,0,675,0.788,1.027,5739,-0.1172,485.997,294.9735313,45.2136867
Kepler-404 b,Kepler-404,Transit,2014,Kepler,1,2,2.15,1.27,11.829851,0.102,0,730,0.86,0.884,5654,-0.33704,812.524,286.3985796,45.3435241
HD 3167 d,HD 3167,Radial Velocity,2017,Multiple Observatories,1,4,4.33,1.92,8.4112,0.0763,0.12,859.5,0.837,0.88,5261,-0.27003,47.2899,8.7401487,4.3807215
Kepler-317 b,Kepler-317,Transit,2014,Kepler,1,2,109.8,2.09,5.524242,0.061,0,976,0.865,0.941,5497,-0.2078,940.584,294.9438822,39.0320499
Kepler-319 c,Kepler-319,Transit,2014,Kepler,1,3,7.41,2.63,6.941357,0.069,0,876,0.933,0.903,5526,-0.18116,503.436,288.8119782,39.7706431
Kepler-375 c,Kepler-375,Transit,2014,Kepler,1,2,7.51,2.65,19.986326,0.141,0,720,0.891,0.837,5826,-0.16278,1238.81,288.6178715,48.0983639
Kepler-356 c,Kepler-356,Transit,2014,Kepler,1,2,3.93,1.81,13.121632,0.115,0,913,1.163,1.335,6133,0.46128,707.559,292.4210998,37.6827919
Kepler-387 b,Kepler-387,Transit,2014,Kepler,1,2,1.08,1.03,6.791636,0.068,0,994,0.85,1.046,5774,0.13738,801.052,287.7982699,45.6567655
Kepler-388 b,Kepler-388,Transit,2014,Kepler,1,2,0.457,0.81,3.173315,0.036,0,830,0.635,0.586,4498,-0.43932,425,284.8280577,44.6086451
Kepler-224 e,Kepler-224,Transit,2014,Kepler,1,4,4.54,1.97,18.643577,0.124,0,517,0.777,0.676,5018,-0.51445,782.088,290.9342679,47.3575414
Kepler-226 d,Kepler-226,Transit,2014,Kepler,1,3,1.98,1.22,8.109044,0.076,0,800,0.904,0.802,5571,-0.23921,980.138,292.3760942,47.8809596
Kepler-348 b,Kepler-348,Transit,2014,Kepler,1,2,2.92,1.52,7.05677,0.076,0,1196,1.189,1.359,6177,0.4331,570.783,297.2550814,40.5483883
Kepler-338 b,Kepler-338,Transit,2014,Kepler,1,4,30.6,2.44,13.726976,0.117,0.04,1005,1.105,1.735,5923,0.5857,552.798,282.9790593,40.7844188
Kepler-376 c,Kepler-376,Transit,2014,Kepler,1,2,3.86,1.79,14.172327,0.115,0,873,0.968,1.175,5900,0.35663,923.067,291.6071451,38.4103192
Kepler-377 c,Kepler-377,Transit,2014,Kepler,1,2,4.9,2.06,27.014976,0.182,0,677,1.043,1.224,5949,0.21756,823.804,295.4220717,38.7356737
Kepler-389 b,Kepler-389,Transit,2014,Kepler,1,2,2.89,1.51,3.244107,0.041,0,1047,0.765,0.792,5376,-0.51588,816.559,291.9600082,44.9000587
Kepler-118 b,Kepler-118,Transit,2014,Kepler,1,2,4.5,1.96,7.518496,0.073,0,784,0.811,1.094,5274,-0.37737,574.228,299.2131881,41.4248195
Kepler-123 c,Kepler-123,Transit,2014,Kepler,1,2,2.79,1.48,26.695074,0.181,0,706,1.079,1.264,6089,0.40952,1021.66,296.9985853,42.7819633
Kepler-243 c,Kepler-243,Transit,2014,Kepler,1,2,4.62,1.99,20.026218,0.142,0,559,0.904,0.842,5228,-0.37337,693.86,285.1104819,42.0339619
GJ 3470 b,GJ 3470,Radial Velocity,2012,La Silla Observatory,1,1,13.9,4.57,3.3366496,0.0355,0.017,593.5,0.539,0.547,3600,-1.5376,29.4214,119.7735021,15.391209
Kepler-379 c,Kepler-379,Transit,2014,Kepler,1,2,5.86,2.29,62.784697,0.326,0,530,1.125,1.306,6054,0.27953,731.274,295.7010981,38.9458209
Kepler-112 c,Kepler-112,Transit,2014,Kepler,1,2,6.35,2.4,28.574263,0.172,0,538,0.782,0.841,5544,-0.08612,513.206,296.9811361,43.2097025
Kepler-137 c,Kepler-137,Transit,2014,Kepler,1,2,4.19,1.88,18.735753,0.13,0,568,0.85,0.802,5187,-0.29234,302.979,282.1355875,43.0391951
Kepler-390 b,Kepler-390,Transit,2014,Kepler,2,2,0.477,0.82,6.738088,0.065,0,786,0.787,0.776,5166,-0.352,435.277,291.6288086,41.2088351
HD 221420 b,HD 221420,Radial Velocity,2019,Anglo-Australian Telescope,1,1,7278.27052,12,10090,10.15,0.14,,1.351,1.947,5847,0.60293,31.1415,353.3319001,-77.3853286
Kepler-351 c,Kepler-351,Transit,2014,Kepler,1,3,11.1,3.19,57.24809,0.287,0,431,0.81,0.854,5643,-0.38644,1083.91,286.4527949,42.6577891
Kepler-327 b,Kepler-327,Transit,2014,Kepler,1,3,1.41,1.11,2.549575,0.029,0,682,0.591913,0.492,3799,-1.25964,241.987,292.6422963,44.0876251
Kepler-114 b,Kepler-114,Transit,2014,Kepler,1,3,1.09,1.26,5.188549,0.053,0,586,0.77,0.667,4605,-0.6853,259.533,294.121482,48.3497977
Kepler-358 c,Kepler-358,Transit,2014,Kepler,1,2,8.5,2.85,83.488369,0.381,0,411,0.94,0.954,5908,-0.13809,1101.1,293.2302333,48.2813901
Kepler-169 c,Kepler-169,Transit,2014,Kepler,1,5,1.92,1.21,6.195469,0.062,0,776,0.825,0.763,4997,-0.49611,406.529,285.9999204,40.9193822
Kepler-236 b,Kepler-236,Transit,2014,Kepler,1,2,3.09,1.57,8.295611,0.065,0,469,0.596005,0.51,3750,-1.22915,288.763,283.8664285,39.8981928
Kepler-141 c,Kepler-141,Transit,2014,Kepler,1,2,2.57,1.41,7.010606,0.067,0,738,0.878,0.787,4910,-0.44625,301.183,297.9707271,47.7316041
Kepler-858 b,Kepler-858,Transit,2016,Kepler,1,1,21.1,4.87,76.13602028,0.33939,0,399,0.96,0.91,5653,-0.1131,298.532,288.8488552,51.2090375
Kepler-855 b,Kepler-855,Transit,2016,Kepler,1,1,52.7,8.35,7.886631104,0.0762,0,996,1.03,1.03,5835,0.33305,1506.58,295.0949565,43.537565
Kepler-321 c,Kepler-321,Transit,2014,Kepler,1,2,5.99,2.32,13.093921,0.11,0,752,1.024,1.194,5740,-0.00798,384.542,294.4536991,44.1457626
Kepler-349 b,Kepler-349,Transit,2014,Kepler,1,2,94.5,1.9,5.929778,0.065,0,972,1.083,0.927,5956,-0.0073,940.724,293.6764689,44.6155972
Kepler-353 c,Kepler-353,Transit,2014,Kepler,2,2,2.48,1.38,8.410894,0.065,0,472,0.553,0.504,3903,-1.18709,384.694,296.8565596,41.7580749
Kepler-359 c,Kepler-359,Transit,2014,Kepler,1,3,2.9,4.3,57.68802,0.307,0,512,0.827,1.086,6248,-0.09657,1443.21,293.2936129,42.1963497
Kepler-173 b,Kepler-173,Transit,2014,Kepler,1,2,2.21,1.29,4.263742,0.048,0,1179,1.067,0.949,6031,0.07365,833.165,294.6466171,41.8840952
K2-29 b,K2-29,Transit,2016,K2,2,1,232.0159,13.33871,3.2588321,0.04217,0.066,1171,0.94,0.86,5358,-0.29533,178.475,62.670422,24.4016558
Kepler-180 b,Kepler-180,Transit,2014,Kepler,1,2,2.86,1.5,13.817124,0.109,0,781,0.95,1.063,5731,-0.13204,695.65,295.5712566,49.774514
Kepler-244 d,Kepler-244,Transit,2014,Kepler,1,3,15.2,2.31,20.050401,0.14,0,622,0.933,0.803,5554,-0.25619,1036.49,287.242641,42.3014185
Kepler-254 c,Kepler-254,Transit,2014,Kepler,1,3,3.2,2.15,12.412183,0.105,0,787,0.849,0.91,5957,-0.12491,1389.48,288.1646541,45.8164257
WASP-92 b,WASP-92,Transit,2016,SuperWASP,1,1,255.85315,16.376349,2.1746742,0.0348,0,1871,1.19,1.341,6280,0.27461,575.889,246.6920395,51.0411328
HD 108202 b,HD 108202,Radial Velocity,2023,La Silla Observatory,1,1,953.485221,13.1,2990,3.7,0.52,,0.74,0.66355,4556.03,-0.76721,38.6846,186.4613189,-1.1109233
Kepler-330 c,Kepler-330,Transit,2014,Kepler,1,2,4.46,1.95,15.955387,0.116,0,573,0.848,0.722,5117,-0.44191,717.527,288.4474035,44.8017616
Kepler-1243 b,Kepler-1243,Transit,2016,Kepler,1,1,3.71,1.75,16.8320729,0.1256,0,690,0.96,0.94,5667,-0.24358,758.17,294.009397,42.8807779
Kepler-360 b,Kepler-360,Transit,2014,Kepler,1,2,3.36,1.65,3.289672,0.044,0,1116,0.994,1.058,6053,-0.13236,876.044,286.2847077,44.7815817
Kepler-49 e,Kepler-49,Transit,2014,Kepler,1,4,1.03815,1.56,18.596108,0.116,0,371,0.549,0.559,4252,-1.13077,311.222,292.2945208,40.5918123
Kepler-140 b,Kepler-140,Transit,2014,Kepler,1,2,3.22,1.61,3.25427,0.045,0,1301,1.044,1.288,6077,0.25061,583.859,287.3694056,46.7681473
Kepler-122 d,Kepler-122,Transit,2014,Kepler,1,5,5.48,2.2,21.587475,0.155,0,747,0.982,1.216,6050,0.26993,1027.45,291.1118647,39.9490248
HD 27894 c,HD 27894,Radial Velocity,2017,La Silla Observatory,1,3,51.48846,8.24,36.07,0.198,0.015,,0.8,0.891767,4875,-0.449,43.8214,65.1975693,-59.4096776
Kepler-268 c,Kepler-268,Transit,2014,Kepler,1,2,11.4,3.38,83.446393,0.391,0,471,1.109,1.274,6081,0.31808,851.87,291.9761559,38.0550327
Kepler-171 c,Kepler-171,Transit,2014,Kepler,1,3,7.08,2.56,11.463462,0.098,0,752,0.978,0.839,5642,-0.07917,863.855,296.7719082,41.7555958
Kepler-133 c,Kepler-133,Transit,2014,Kepler,1,2,8.45,2.84,31.517586,0.204,0,663,1.02,1.425,5736,0.4105,653.6,297.2778906,48.3203542
Kepler-185 b,Kepler-185,Transit,2014,Kepler,1,2,1.71,1.17,1.6329,0.026,0,1237,0.763,0.806,5208,-0.50448,466.735,282.4681674,43.8899464
HD 68988 c,HD 68988,Radial Velocity,2021,Multiple Observatories,1,2,4776.960957,12.2,16000,13.2,0.45,,1.171665,1.255733,5883.41,0.22184,60.8447,124.5935429,61.4608518
Kepler-346 b,Kepler-346,Transit,2014,Kepler,1,2,7.56,2.66,6.511127,0.071,0,1008,0.943,1.021,6033,-0.15256,984.105,288.0119248,46.1176003
Kepler-718 b,Kepler-718,Transit,2016,Kepler,1,1,,16.56,2.052349905,0.0322,0,1497,1.18,1.3,6191,0.13394,1302.33,299.5618676,43.5035173
Kepler-720 b,Kepler-720,Transit,2016,Kepler,1,1,53.4,8.41,4.708326542,0.0539,0,1162,0.95,0.92,5618,0.03222,1065.37,298.6356478,44.1709388
Kepler-1241 b,Kepler-1241,Transit,2016,Kepler,1,1,7.41,2.63,18.5525701,0.1336,0,612,0.84,0.8,5261,-0.32438,968.722,294.5762033,38.4569588
Kepler-495 b,Kepler-495,Transit,2016,Kepler,1,2,23.8,5.23,3.413036221,0.0427,0,1200,0.86,0.83,5346,-0.2375,658.924,285.9307362,39.0981201
Kepler-281 b,Kepler-281,Transit,2014,Kepler,1,3,324,2.82,14.646008,0.117,0,694,0.95,0.899,5723,0.14638,1745.45,294.1081465,44.7706524
Kepler-288 b,Kepler-288,Transit,2014,Kepler,1,3,3.43,1.67,6.097326,0.065,0,1197,0.842,1.091,5918,0.05605,1194.15,288.9163997,39.5947523
Kepler-394 b,Kepler-394,Transit,2014,Kepler,1,3,3.19,1.6,8.005013,0.083,0,1035,0.87,1.132,6402,0.05347,1058.72,296.3019792,50.6723115
Kepler-189 b,Kepler-189,Transit,2014,Kepler,1,2,1.92,1.21,10.399931,0.088,0,678,0.803,0.75,5235,-0.44774,591.534,287.5646296,44.3050662
HD 168443 b,HD 168443,Radial Velocity,1998,W. M. Keck Observatory,1,2,2424.395089,12.6,58.11187,0.292,0.53,,0.98,1.711479,5491,0.38246,39.6245,275.0159879,-9.5966905
Kepler-148 b,Kepler-148,Transit,2014,Kepler,1,3,3.89,1.8,1.729366,0.028,0,1284,0.86,0.851,5272,-0.38342,791.163,289.7861626,46.8588176
Kepler-178 c,Kepler-178,Transit,2014,Kepler,1,3,8.65,2.88,20.552802,0.142,0,656,0.852,1.066,5676,-0.20778,716.025,287.1010275,46.8964033
Kepler-686 b,Kepler-686,Transit,2016,Kepler,1,1,,12.15,1.594745463,0.0258,0,1539,0.94,0.92,5649,0.10792,1490.94,285.213819,39.027466
Kepler-468 b,Kepler-468,Transit,2016,Kepler,1,1,,13.34,38.47875707,0.2213,0,484,0.96,0.87,5498,-0.28606,442.871,288.9022829,49.3704079
Kepler-953 c,Kepler-953,Transit,2016,Kepler,1,2,1.81,1.19,9.10967112,0.0862,0,873,0.95,0.99,5416,-0.119,258.893,288.9716297,44.6246451
Kepler-342 b,Kepler-342,Transit,2014,Kepler,1,4,5.69,2.25,15.170318,0.128,0,905,1.213,1.472,6175,0.45345,781.611,292.6780488,46.7266813
Kepler-334 c,Kepler-334,Transit,2014,Kepler,1,3,2.63,1.43,12.758005,0.107,0,822,1.022,1.068,5828,0.05556,426.59,287.1406177,47.1151153
Kepler-291 c,Kepler-291,Transit,2014,Kepler,1,2,4.19,1.88,5.700786,0.065,0,1035,1.023,1.016,6002,0.07135,1786.48,287.9163029,42.4372666
Kepler-298 c,Kepler-298,Transit,2014,Kepler,1,3,4.38,1.93,22.92881,0.136,0,416,0.66,0.582,4465,-0.73284,518.204,283.0398448,48.8253303
Kepler-190 c,Kepler-190,Transit,2014,Kepler,1,2,2.73,1.46,3.763024,0.045,0,948,0.834,0.795,5106,-0.44055,433.387,288.5839761,44.7337701
Kepler-191 c,Kepler-191,Transit,2014,Kepler,1,3,4.12,1.86,17.738506,0.128,0,596,0.857,0.789,5282,-0.4145,594.464,291.1833211,45.3230937
BD-08 2823 c,BD-08 2823,Radial Velocity,2009,La Silla Observatory,1,2,104,12.5,237.6,0.68,0.19,,0.74,0.71,4746,-0.62597,41.3342,150.1971964,-9.5165689
HD 10180 f,HD 10180,Radial Velocity,2010,La Silla Observatory,1,6,23.9,5.24,122.744,0.4929,0.119,,1.06,1.109,5911,0.17319,38.9607,24.4731133,-60.5114881
Kepler-207 c,Kepler-207,Transit,2014,Kepler,1,3,2.86,1.5,3.071571,0.044,0,1556,1.313,1.588,5920,0.5343,875.519,290.0305195,42.1660555
Kepler-224 b,Kepler-224,Transit,2014,Kepler,1,4,2.51,1.39,3.132924,0.038,0,937,0.777,0.676,5018,-0.51445,782.088,290.9342679,47.3575414
HD 16905 b,HD 16905,Radial Velocity,2022,Multiple Observatories,1,1,3591.460999,12.4,10256,8.8,0.68,,0.85,0.77494,4866.12,-0.51804,39.7401,40.0136203,-61.3550396
Kepler-337 c,Kepler-337,Transit,2014,Kepler,1,2,4.86,2.05,9.693201,0.093,0,1017,1.081,1.761,5684,0.48057,677.975,290.0605123,47.1639533
Kepler-299 d,Kepler-299,Transit,2014,Kepler,1,4,4.12,1.86,15.054786,0.118,0,729,1.004,1.032,5617,-0.04352,1052.24,283.2070156,48.5805222
Kepler-953 b,Kepler-953,Transit,2016,Kepler,1,2,16.5,4.21,88.40655258,0.392,0,410,0.95,0.99,5416,-0.119,258.893,288.9716297,44.6246451
Kepler-493 b,Kepler-493,Transit,2016,Kepler,1,1,,15.13,3.003876581,0.0439,0,1438,1.36,1.54,6457,0.43813,1745.77,295.3075252,38.8815716
Kepler-303 c,Kepler-303,Transit,2014,Kepler,1,2,1.55,1.14,7.061149,0.057,0,521,0.575,0.485,3944,-1.0655,209.738,283.1354742,43.6567036
Kepler-137 b,Kepler-137,Transit,2014,Kepler,1,2,2.76,1.47,8.436387,0.077,0,742,0.85,0.802,5187,-0.29234,302.979,282.1355875,43.0391951
HD 187123 c,HD 187123,Radial Velocity,2008,W. M. Keck Observatory,1,2,912.1675281,13.2,3810,4.89,0.252,,1.04,1.15043,5790,0.12713,45.9548,296.7428786,34.41899
Kepler-228 b,Kepler-228,Transit,2014,Kepler,1,3,2.96,1.53,2.566546,0.038,0,1360,1.006,1.014,6043,0.11115,1644.61,296.2860853,48.2246328
Kepler-238 c,Kepler-238,Transit,2014,Kepler,1,5,152.522,2.39,6.155557,0.069,0,1146,1.229,1.43,5751,0.43048,1798.75,287.8971066,40.6378141
HD 62364 c,HD 62364,Radial Velocity,2022,Multiple Observatories,1,2,7923.462187,12,74839.94555,36.984,0.773,,1.19,1.401,6255,0.43297,53.112,113.9052658,-75.5442707
Kepler-324 c,Kepler-324,Transit,2014,Kepler,1,4,6.2,3.15,51.805612,0.26,0,410,0.901,0.84,5194,-0.30825,501.574,286.4714473,49.6490933
Kepler-188 b,Kepler-188,Transit,2014,Kepler,1,2,3.46,1.68,2.061897,0.032,0,1463,1.021,1.141,6021,0.03447,968.544,281.2797173,44.3154743
Kepler-126 b,Kepler-126,Transit,2014,Kepler,1,3,4.11726105,1.52,10.495711,0.099,0.07,1009,1.108,1.358,6239,0.452,237.401,289.3473634,44.2084445
GJ 1214 b,GJ 1214,Transit,2009,MEarth Project,1,1,8.41,2.733,1.580404531,0.01505,0.0062,567,0.182,0.2162,3101,-2.40894,14.6427,258.8313991,4.9606795
Kepler-136 c,Kepler-136,Transit,2014,Kepler,2,2,4.62,1.99,16.399235,0.133,0,847,1.204,1.355,6165,0.46678,420.818,296.4673039,42.5987984
Kepler-198 c,Kepler-198,Transit,2014,Kepler,1,3,6.66,2.47,49.567416,0.259,0,465,0.995,0.94,5574,-0.1089,495.358,290.6731326,38.6910045
Kepler-398 b,Kepler-398,Transit,2014,Kepler,1,3,0.749,0.93,4.081423,0.044,0,755,0.649,0.613,4493,-0.81101,177.355,291.4688524,40.3437001
Kepler-244 c,Kepler-244,Transit,2014,Kepler,1,3,4.86,2.05,9.767292,0.087,0,791,0.933,0.803,5554,-0.25619,1036.49,287.242641,42.3014185
Kepler-247 b,Kepler-247,Transit,2014,Kepler,1,3,3.33,1.64,3.33616,0.042,0,970,0.887,0.768,5100,-0.42165,663.711,288.6425609,43.0393769
BD-210397 b,BD-210397,Radial Velocity,2023,La Silla Observatory,1,2,214,14,1891,2.63,0.1,,0.679,0.747,4051,-0.86967,23.7324,33.3024198,-21.1962147
Kepler-301 d,Kepler-301,Transit,2014,Kepler,1,3,3.71,1.75,13.751243,0.112,0,725,1.022,0.9,5815,-0.07963,719.166,283.982904,49.2329512
Kepler-301 c,Kepler-301,Transit,2014,Kepler,1,3,2.39,1.35,5.419026,0.06,0,989,1.022,0.9,5815,-0.07963,719.166,283.982904,49.2329512
Kepler-342 d,Kepler-342,Transit,2014,Kepler,1,4,6.76,2.49,39.459357,0.242,0,658,1.213,1.472,6175,0.45345,781.611,292.6780488,46.7266813
Kepler-191 b,Kepler-191,Transit,2014,Kepler,1,3,2.36,1.34,9.939632,0.087,0,722,0.857,0.789,5282,-0.4145,594.464,291.1833211,45.3230937
Kepler-194 d,Kepler-194,Transit,2014,Kepler,1,3,6.35,2.4,52.814973,0.275,0,562,0.94,1.025,6089,0.0427,1097.97,291.971429,47.8640498
Kepler-208 e,Kepler-208,Transit,2014,Kepler,1,4,2.79,1.48,16.259458,0.132,0,880,1.082,1.314,6092,0.30912,775.328,293.8901979,42.5279413
Kepler-344 c,Kepler-344,Transit,2014,Kepler,1,2,9.01,2.95,125.596809,0.488,0,360,0.931,0.976,5774,-0.18481,1002.94,292.4996101,46.3243406
Kepler-304 d,Kepler-304,Transit,2014,Kepler,1,4,8,2.75,9.653471,0.08,0,611,0.737,0.687,4731,-0.6616,434.684,294.4418031,40.5575408
Kepler-304 c,Kepler-304,Transit,2014,Kepler,1,4,5.35,2.17,5.315946,0.054,0,746,0.737,0.687,4731,-0.6616,434.684,294.4418031,40.5575408
Kepler-81 d,Kepler-81,Transit,2014,Kepler,1,3,1.92,1.21,20.837846,0.128,0,418,0.648,0.595,4500,-0.88941,348.291,293.6369437,42.8248275
Kepler-548 b,Kepler-548,Transit,2016,Kepler,1,1,,11.99,4.454194338,0.0495,0,1017,0.93,0.9,5535,-0.2012,751.776,299.9059167,45.4396103
Kepler-723 b,Kepler-723,Transit,2016,Kepler,1,1,,12.19,4.082275068,0.0479,0,1016,0.92,0.89,5539,-0.172,1071.8,284.8304434,44.6580932
Kepler-197 e,Kepler-197,Transit,2014,Kepler,2,4,0.693,0.91,25.209715,0.164,0.38,691,0.857,1.12,6004,0.22187,330.575,295.2264739,50.5592348
Kepler-200 c,Kepler-200,Transit,2014,Kepler,1,2,3.15,1.59,10.222157,0.09,0,806,0.972,0.944,5678,0.00778,665.912,284.4099503,41.2374928
Kepler-346 c,Kepler-346,Transit,2014,Kepler,1,2,9.64,3.07,23.851549,0.168,0,654,0.943,1.021,6033,-0.15256,984.105,288.0119248,46.1176003
Kepler-350 b,Kepler-350,Transit,2014,Kepler,1,3,16.9,1.85,11.189562,0.104,0,1037,1.19,1.534,6186,0.42842,956.859,285.4195845,39.7061009
Kepler-306 e,Kepler-306,Transit,2014,Kepler,1,4,5.77,2.27,44.840975,0.227,0,390,0.75,0.719,4954,-0.4693,775.679,288.5387145,40.6160545
Kepler-84 e,Kepler-84,Transit,2014,Kepler,1,5,7.27,2.6,27.434389,0.181,0,672,1.06,1.169,6031,0.212,1023.9,298.2520208,40.4960842
Kepler-265 e,Kepler-265,Transit,2014,Kepler,1,4,7.22,2.59,67.831024,0.319,0,476,0.97,1.103,5835,0.00548,1280.25,290.5104788,41.244743
Kepler-217 c,Kepler-217,Transit,2014,Kepler,1,3,4.08,1.85,8.586004,0.089,0,1208,1.342,1.799,6171,0.75356,1104.64,293.0377331,46.2775223
Kepler-220 d,Kepler-220,Transit,2014,Kepler,1,4,0.904,0.98,28.122397,0.163,0,401,0.729,0.666,4632,-0.67594,171.109,291.5060432,46.8956262
Kepler-351 b,Kepler-351,Transit,2014,Kepler,1,3,4.8,3.06,37.054919,0.214,0,498,0.81,0.854,5643,-0.38644,1083.91,286.4527949,42.6577891
Kepler-352 b,Kepler-352,Transit,2014,Kepler,1,3,0.566,0.86,10.05537,0.085,0,694,0.798,0.781,5212,-0.43235,252.733,299.8966237,46.0519022
Kepler-84 d,Kepler-84,Transit,2014,Kepler,1,5,2.48,1.38,4.224537,0.052,0,1254,1.06,1.169,6031,0.212,1023.9,298.2520208,40.4960842
Kepler-310 d,Kepler-310,Transit,2014,Kepler,1,3,7,2.47,92.876125,0.392,0,353,0.854,0.876,5797,-0.23934,602.268,288.839278,46.9867472
Kepler-282 b,Kepler-282,Transit,2014,Kepler,1,4,1.01,1.01,9.220524,0.082,0,817,0.86,0.904,5602,0.10587,1337.61,284.6772402,44.7976401
Kepler-282 c,Kepler-282,Transit,2014,Kepler,1,4,1.87,1.2,13.638723,0.106,0,717,0.86,0.904,5602,0.10587,1337.61,284.6772402,44.7976401
Kepler-220 e,Kepler-220,Transit,2014,Kepler,1,4,2.33,1.33,45.902733,0.226,0,341,0.729,0.666,4632,-0.67594,171.109,291.5060432,46.8956262
Kepler-154 c,Kepler-154,Transit,2014,Kepler,1,5,9.01,2.95,62.303276,0.303,0,454,0.933,1.001,5690,0.03322,915.212,289.7805393,49.8965624
Kepler-353 b,Kepler-353,Transit,2014,Kepler,2,2,0.64,0.89,5.795278,0.051,0,534,0.553,0.504,3903,-1.18709,384.694,296.8565596,41.7580749
Kepler-85 e,Kepler-85,Transit,2014,Kepler,1,4,0.6,1.27,25.216751,0.163,0,559,0.947,0.893,5436,-0.2123,765.025,290.9734395,45.2902761
Kepler-55 e,Kepler-55,Transit,2014,Kepler,1,5,3.02,1.55,4.617534,0.048,0,728,0.631,0.619,4503,-0.76324,578.796,285.1683291,44.0264898
Kepler-310 b,Kepler-310,Transit,2014,Kepler,1,3,1.81,1.19,13.930698,0.111,0,665,0.854,0.876,5797,-0.23934,602.268,288.839278,46.9867472
Kepler-286 e,Kepler-286,Transit,2014,Kepler,1,4,3.78,1.77,29.221289,0.176,0,539,0.83,0.863,5580,-0.11623,1226.85,290.6761874,48.2942362
Kepler-368 c,Kepler-368,Transit,2014,Kepler,1,2,14.3,3.88,72.379334,0.36,0,575,1.165,2.019,5502,0.56235,770.978,291.880018,45.3878419
Kepler-356 b,Kepler-356,Transit,2014,Kepler,1,2,3.09,1.57,4.612696,0.057,0,1294,1.163,1.335,6133,0.46128,707.559,292.4210998,37.6827919
Kepler-354 d,Kepler-354,Transit,2014,Kepler,1,3,2.07,1.24,24.209842,0.146,0,451,0.652,0.674,4648,-0.71394,554.064,285.7515347,41.3356739
Kepler-313 c,Kepler-313,Transit,2014,Kepler,1,2,7.13,2.57,32.273273,0.208,0,683,1.114,1.536,5727,0.31196,1079.395249,298.2948708,48.7754
Kepler-142 b,Kepler-142,Transit,2014,Kepler,1,3,4.62,1.99,2.024152,0.032,0,1597,0.978,1.269,5790,0.10706,548.686,295.1190067,48.4813635
Kepler-487 b,Kepler-487,Transit,2016,Kepler,1,3,,11.42,15.3587684,0.11819,0,662,0.91,0.88,5444,-0.17269,872.343,295.2872318,41.2220033
Kepler-506 b,Kepler-506,Transit,2016,Kepler,1,1,7.9,2.73,6.8834055,0.07437,0,1080,1.19,1.19,6236,0.28755,228.439,284.6351885,40.7198296
Kepler-58 d,Kepler-58,Transit,2014,Kepler,1,4,245.343,2.94,40.101371,0.236,0,583,1.024,1.127,6099,-0.00422,969.252,296.3586251,39.1152033
Kepler-299 e,Kepler-299,Transit,2014,Kepler,1,4,4.16,1.87,38.285489,0.22,0,534,1.004,1.032,5617,-0.04352,1052.24,283.2070156,48.5805222
Kepler-372 b,Kepler-372,Transit,2014,Kepler,1,3,2.42,1.36,6.849692,0.075,0,1081,1.202,1.137,6509,0.32073,1493.95,291.2562253,49.2589288
Kepler-378 c,Kepler-378,Transit,2014,Kepler,1,2,0.271,0.7,28.906009,0.166,0,414,0.78,0.671,4661,-0.65539,152.094,294.9489697,46.4388673
Kepler-357 c,Kepler-357,Transit,2014,Kepler,1,3,7.61,2.67,16.85837,0.12,0,576,0.794,0.834,5036,-0.55635,688.573,291.2429746,44.0086337
Kepler-308 c,Kepler-308,Transit,2014,Kepler,1,2,5.31,2.16,15.38231,0.123,0,714,0.92,0.941,5895,-0.11567,1335.92,295.7852423,40.4395753
Kepler-124 b,Kepler-124,Transit,2014,Kepler,1,3,0.315,0.73,3.410493,0.039,0,892,0.706,0.636,4984,-0.46737,420.046,286.7527322,49.0648788
Kepler-235 b,Kepler-235,Transit,2014,Kepler,1,4,5.6,2.23,3.340222,0.037,0,731,0.581,0.554,4255,-1.10237,428.018,286.0790779,39.278237
Kepler-392 c,Kepler-392,Transit,2014,Kepler,1,2,1.37,1.1,10.423118,0.093,0,901,0.874,1.129,5938,0.19453,681.428,288.660826,43.3681938
Kepler-360 c,Kepler-360,Transit,2014,Kepler,1,2,5.06,2.1,7.186434,0.075,0,860,0.994,1.058,6053,-0.13236,876.044,286.2847077,44.7815817
Kepler-363 b,Kepler-363,Transit,2014,Kepler,1,3,1.65,1.16,3.614568,0.048,0,1347,1.226,1.485,5593,0.36465,762.596,283.1920779,41.3054172
Kepler-319 d,Kepler-319,Transit,2014,Kepler,1,3,5.86,2.29,31.781925,0.191,0,528,0.933,0.903,5526,-0.18116,503.436,288.8119782,39.7706431
Kepler-319 b,Kepler-319,Transit,2014,Kepler,1,3,3.29,1.63,4.362705,0.051,0,1023,0.933,0.903,5526,-0.18116,503.436,288.8119782,39.7706431
Kepler-398 c,Kepler-398,Transit,2014,Kepler,1,3,1.01,1.01,11.419412,0.087,0,536,0.649,0.613,4493,-0.81101,177.355,291.4688524,40.3437001
Kepler-399 b,Kepler-399,Transit,2014,Kepler,1,3,0.84,0.96,14.425281,0.103,0,773,0.902,0.68,5502,-0.418,740.537,299.5017242,40.6707669
Kepler-379 b,Kepler-379,Transit,2014,Kepler,1,2,3.39,1.66,20.09838,0.152,0,775,1.125,1.306,6054,0.27953,731.274,295.7010981,38.9458209
Kepler-198 b,Kepler-198,Transit,2014,Kepler,1,3,8.35,2.82,17.790037,0.131,0,655,0.995,0.94,5574,-0.1089,495.358,290.6731326,38.6910045
Kepler-372 d,Kepler-372,Transit,2014,Kepler,1,3,3.5,1.69,30.092568,0.201,0,660,1.202,1.137,6509,0.32073,1493.95,291.2562253,49.2589288
Kepler-146 b,Kepler-146,Transit,2014,Kepler,1,2,13.3,3.71,31.158799,0.2,0,639,1.079,1.208,5948,0.14794,716.797,294.1107631,38.7102222
Kepler-250 b,Kepler-250,Transit,2014,Kepler,1,3,1.51,1.13,4.148141,0.048,0,938,0.806,0.805,5160,-0.45709,760.585,289.5947633,44.1418114
Kepler-390 c,Kepler-390,Transit,2014,Kepler,2,2,0.418,0.79,13.060022,0.101,0,630,0.787,0.776,5166,-0.352,435.277,291.6288086,41.2088351
Kepler-373 c,Kepler-373,Transit,2014,Kepler,1,2,2.07,1.24,16.725948,0.126,0,729,0.981,0.845,5787,0.21244,1090.45,289.3879904,50.5970115
Kepler-326 b,Kepler-326,Transit,2014,Kepler,1,3,44.6,1.52,2.248329,0.032,0,1127,0.91,0.801,5105,-0.15657,487.675,294.3255898,46.0022646
Kepler-325 c,Kepler-325,Transit,2014,Kepler,1,3,6.99,2.54,12.762172,0.105,0,721,0.914,1.003,5752,-0.25468,823.242,289.8354219,49.825607
Kepler-46 d,Kepler-46,Transit,2014,Kepler,1,3,3.33,1.64,6.766589,0.067,0,845,0.883,0.79,5309,-0.255,777.06,289.2687388,42.6041819
Kepler-142 c,Kepler-142,Transit,2014,Kepler,1,3,8.55,2.86,4.761702,0.057,0,1201,0.978,1.269,5790,0.10706,548.686,295.1190067,48.4813635
Kepler-374 d,Kepler-374,Transit,2014,Kepler,1,3,2.27,1.31,5.028219,0.056,0,1272,1.033,0.911,5977,0.27435,1265.61,294.1378921,42.3704075
Kepler-375 b,Kepler-375,Transit,2014,Kepler,1,2,2.7,1.45,12.125934,0.101,0,851,0.891,0.837,5826,-0.16278,1238.81,288.6178715,48.0983639
Kepler-256 b,Kepler-256,Transit,2014,Kepler,1,4,3.15,1.59,1.620493,0.027,0,1681,1.037,1.301,5551,-0.0591,1026.43,292.58042,46.0973588
Kepler-327 d,Kepler-327,Transit,2014,Kepler,1,3,3.64,1.73,13.969457,0.09,0,387,0.591913,0.492,3799,-1.25964,241.987,292.6422963,44.0876251
Kepler-403 c,Kepler-403,Transit,2014,Kepler,1,3,3.71,1.75,54.280749,0.297,0,604,1.299,1.329,6090,0.64405,840.269,289.9214256,46.7445267
Kepler-209 c,Kepler-209,Transit,2014,Kepler,1,2,9.8,3.1,41.749882,0.231,0,486,0.971,0.935,5513,-0.12879,576.946,291.1694567,42.6407281
Kepler-246 c,Kepler-246,Transit,2014,Kepler,1,2,2.86,1.5,11.187161,0.095,0,667,0.853,0.831,5206,-0.41338,626.078,296.4834007,42.6633806
Kepler-250 d,Kepler-250,Transit,2014,Kepler,1,3,5.39,2.18,17.648312,0.127,0,579,0.806,0.805,5160,-0.45709,760.585,289.5947633,44.1418114
Kepler-376 b,Kepler-376,Transit,2014,Kepler,1,2,1.24,1.07,4.920199,0.057,0,1242,0.968,1.175,5900,0.35663,923.067,291.6071451,38.4103192
Kepler-380 c,Kepler-380,Transit,2014,Kepler,1,2,2.15,1.27,7.630004,0.078,0,1056,0.99,1.224,6045,0.2776,813.713,282.3947017,48.7591334
Kepler-130 d,Kepler-130,Transit,2014,Kepler,2,3,3.33,1.64,87.517905,0.377,0.8,451,0.927,1.127,5884,0.19831,316.663,288.4505905,40.2452006
Kepler-252 b,Kepler-252,Transit,2014,Kepler,1,2,2.04,1.23,6.668391,0.058,0,587,0.61,0.549,4208,-0.78566,379.424,295.579329,44.5459052
Kepler-255 b,Kepler-255,Transit,2014,Kepler,1,3,3.02,1.55,5.714606,0.063,0,971,0.867,0.933,5573,-0.18311,1052.53,296.0642702,45.9767647
Kepler-381 b,Kepler-381,Transit,2014,Kepler,1,3,0.937,0.99,5.629021,0.066,0,1576,1.144,1.568,6152,0.5139,267.323,285.1828685,43.8310283
Kepler-383 c,Kepler-383,Transit,2014,Kepler,1,2,2.07,1.24,31.200751,0.172,0,406,0.669,0.672,4710,-0.698,470,291.3426078,38.3631616
Kepler-331 d,Kepler-331,Transit,2014,Kepler,1,3,3.33,1.64,32.134328,0.159,0,346,0.653,0.492,4347,-0.78358,580.119,291.8343455,39.3073462
Kepler-333 c,Kepler-333,Transit,2014,Kepler,2,2,1.41,1.11,24.08821,0.135,0,386,0.601,0.534,4259,-0.92812,324.413,292.2861201,40.9135429
HATS-33 b,HATS-33,Transit,2016,HATSouth,1,1,378.85336,13.78707,2.5495551,0.03727,0.08,1429,1.062,1.022,5659,-0.01773,248.46,294.6336944,-55.3302692
TOI-3856 b,TOI-3856,Transit,2025,Transiting Exoplanet Survey Satellite (TESS),1,1,171.6273398,13.59649359,2.04360352,0.0325,0.083,1544,1.096,1.055,5622,0.00087,314.443,145.2229223,27.950158
TOI-5789 e,TOI-5789,Radial Velocity,2026,Multiple Observatories,1,4,11.61,3.43,62.98,0.2901,0.071,424,0.821,0.833,5185,-0.32883,20.4581,302.7734475,16.1897138
K2-55 b,K2-55,Transit,2016,K2,1,1,44,4.43,2.849271,0.03486,0.07,900,0.688,0.715,4300,-0.78432,159.522,333.7518786,-17.2508002
K2-60 b,K2-60,Transit,2016,K2,1,1,135.39558,7.655747,3.00265,0.045,0,1400,0.97,1.12,5500,0.28233,491.87,338.6062312,-13.7318044
Kepler-405 c,Kepler-405,Transit,2014,Kepler,1,2,19.6,4.66,29.726682,0.188,0,557,0.873,0.893,5818,-0.33143,1065.08,291.4094615,38.3400107
Kepler-256 d,Kepler-256,Transit,2014,Kepler,1,4,6.71,2.48,5.839172,0.064,0,1097,1.037,1.301,5551,-0.0591,1026.43,292.58042,46.0973588
Kepler-258 c,Kepler-258,Transit,2014,Kepler,1,2,12.7,3.61,33.653079,0.193,0,470,0.82,0.915,4942,-0.57541,575.988,294.0684116,46.5791357
Kepler-387 c,Kepler-387,Transit,2014,Kepler,1,2,0.64,0.89,11.837549,0.098,0,826,0.85,1.046,5774,0.13738,801.052,287.7982699,45.6567655
Kepler-334 d,Kepler-334,Transit,2014,Kepler,1,3,2.57,1.41,25.09849,0.168,0,656,1.022,1.068,5828,0.05556,426.59,287.1406177,47.1151153
Kepler-336 b,Kepler-336,Transit,2014,Kepler,1,3,1.04,1.02,2.024823,0.033,0,1625,1.09,1.304,5867,0.26,768.86,290.2376224,41.3313637
Kepler-149 c,Kepler-149,Transit,2014,Kepler,1,3,3.22,1.61,55.328328,0.281,0,436,1.013,0.953,5381,-0.11929,571.034,285.8537014,38.3840916
Kepler-393 c,Kepler-393,Transit,2014,Kepler,1,2,2.33,1.33,14.613612,0.124,0,901,1.256,1.382,6189,0.52394,881.404,290.995205,45.192188
Kepler-292 c,Kepler-292,Transit,2014,Kepler,1,5,2.76,1.47,3.715335,0.045,0,1001,0.865,0.826,5299,-0.33691,1056.48,295.7661979,42.4242822
Kepler-337 b,Kepler-337,Transit,2014,Kepler,1,2,2.99,1.54,3.292781,0.045,0,1458,1.081,1.761,5684,0.48057,677.975,290.0605123,47.1639533
Kepler-338 c,Kepler-338,Transit,2014,Kepler,1,4,6.08,2.34,24.310856,0.172,0.03,831,1.105,1.735,5923,0.5857,552.798,282.9790593,40.7844188
Kepler-164 b,Kepler-164,Transit,2014,Kepler,1,4,2.57,1.41,5.03503,0.058,0,1141,1.036,1.148,5888,0.11291,890.758,287.7808115,47.6298453
Kepler-169 f,Kepler-169,Transit,2014,Kepler,1,5,7.18,2.58,87.090195,0.359,0,321,0.825,0.763,4997,-0.49611,406.529,285.9999204,40.9193822
Kepler-265 b,Kepler-265,Transit,2014,Kepler,1,4,4.12,1.86,6.846262,0.069,0,1022,0.97,1.103,5835,0.00548,1280.25,290.5104788,41.244743
Kepler-269 c,Kepler-269,Transit,2014,Kepler,1,2,3.5,1.69,8.127899,0.081,0,875,0.92,0.959,5847,0.36836,2257.32,290.2151459,41.775981
Kepler-395 b,Kepler-395,Transit,2014,Kepler,1,2,1.08,1.03,7.054346,0.061,0,576,0.622827,0.556,4262,-1.194,421.382,293.5111889,45.1366252
Kepler-298 d,Kepler-298,Transit,2014,Kepler,1,3,6.8,2.5,77.473633,0.305,0,277,0.66,0.582,4465,-0.73284,518.204,283.0398448,48.8253303
Kepler-339 c,Kepler-339,Transit,2014,Kepler,1,3,7.3,1.15,6.988055,0.069,0,914,0.87,0.802,5631,-0.31322,616.637,293.351701,48.4445922
Kepler-339 d,Kepler-339,Transit,2014,Kepler,1,3,14.7,1.17,10.558345,0.091,0,796,0.87,0.802,5631,-0.31322,616.637,293.351701,48.4445922
Kepler-171 d,Kepler-171,Transit,2014,Kepler,1,3,4.23,1.89,39.595519,0.223,0,497,0.978,0.839,5642,-0.07917,863.855,296.7719082,41.7555958
Kepler-174 d,Kepler-174,Transit,2014,Kepler,1,3,5.43,2.19,247.35373,0.677,0,212,0.602,0.622,4880,-0.5704,384.757,287.4389454,43.8320052
Kepler-272 d,Kepler-272,Transit,2014,Kepler,1,3,5.69,2.25,10.937304,0.091,0,777,0.91,0.929,5297,0.06634,889.608,299.1275257,47.5938319
Kepler-206 d,Kepler-206,Transit,2014,Kepler,1,3,1.81,1.19,23.44281,0.163,0,681,0.957,1.185,5764,0.08357,594.447,291.6346564,41.8338415
Kepler-122 c,Kepler-122,Transit,2014,Kepler,1,5,29,5.87,12.465988,0.108,0,897,0.982,1.216,6050,0.26993,1027.45,291.1118647,39.9490248
Kepler-251 c,Kepler-251,Transit,2014,Kepler,1,4,8.1,2.77,16.514043,0.122,0,655,0.891,0.89,5526,-0.17197,924.625,296.5662171,44.1058077
Kepler-234 c,Kepler-234,Transit,2014,Kepler,1,2,12.1,3.51,7.21205,0.077,0,1025,1.129,1.113,6224,0.23955,1733.1,291.6535379,38.4946597
KOI-1257 b,KOI-1257,Transit,2014,Kepler,2,1,460.83,10.54,86.647661,0.382,0.772,511,0.99,1.13,5520,0.0292,656,291.2250888,44.9272918
OGLE-2008-BLG-355L b,OGLE-2008-BLG-355L,Microlensing,2014,OGLE,1,1,1500,12.9,,1.7,,,0.37,,,,6800,269.786708,-30.7594722
Kepler-200 b,Kepler-200,Transit,2014,Kepler,1,2,5.18,2.13,8.594805,0.08,0,854,0.972,0.944,5678,0.00778,665.912,284.4099503,41.2374928
Kepler-188 c,Kepler-188,Transit,2014,Kepler,1,2,10.3,3.19,5.996553,0.066,0,1025,1.021,1.141,6021,0.03447,968.544,281.2797173,44.3154743
Kepler-252 c,Kepler-252,Transit,2014,Kepler,1,2,5.27,2.15,10.848463,0.08,0,499,0.61,0.549,4208,-0.78566,379.424,295.579329,44.5459052
Kepler-158 c,Kepler-158,Transit,2014,Kepler,1,3,4.27,1.9,28.551383,0.158,0,418,0.655,0.624,4623,-0.75667,315.177,284.0323723,39.7815365
TOI-1272 b,TOI-1272,Transit,2022,Transiting Exoplanet Survey Satellite (TESS),1,2,27,4.13204907,3.31599,0.0417,0.35,975,0.8772,0.7934,5065,-0.42597,137.572,199.1962036,49.8610591
KELT-12 b,KELT-12,Transit,2017,KELT-North,1,1,301.9385,19.95202,5.031623,0.06708,0,1800,1.591,2.37,6279,0.89209,368.03,267.6404906,36.5701761
TOI-5720 b,TOI-5720,Transit,2024,Transiting Exoplanet Survey Satellite (TESS),1,1,4.3,1.09,1.4344555,0.018288,,708,0.383,0.383,3325,-1.79183,35.8256,170.3135774,25.2732942
Kepler-421 b,Kepler-421,Transit,2014,Kepler,1,1,16.1,4.16,704.1984,1.219,0.041,185,0.794,0.757,5308,-0.398,348.558,283.2568116,45.0876823
Kepler-343 c,Kepler-343,Transit,2014,Kepler,1,2,4.74,2.02,23.22182,0.167,0,746,1.055,1.433,5807,0.2162,927.193,291.960662,42.4329567
Kepler-347 c,Kepler-347,Transit,2014,Kepler,1,3,3.71,1.75,27.320871,0.183,0,705,0.922,1.005,6088,0.34232,1298.88,289.1995995,49.3056404
Kepler-190 b,Kepler-190,Transit,2014,Kepler,1,2,3.05,1.56,2.019999,0.03,0,1166,0.834,0.795,5106,-0.44055,433.387,288.5839761,44.7337701
Kepler-253 c,Kepler-253,Transit,2014,Kepler,1,3,7.51,2.65,10.281951,0.089,0,680,0.86,0.786,5208,-0.38741,838.595,291.8419337,44.858124
Kepler-170 c,Kepler-170,Transit,2014,Kepler,1,2,8.55,2.86,16.665863,0.131,0,702,1.066,1.035,5679,-0.05453,738.657,284.5211975,41.6296562
Kepler-205 c,Kepler-205,Transit,2014,Kepler,1,2,3.33,1.64,20.306546,0.122,0,389,0.592,0.546,4321,-0.95618,159.72,285.2866912,41.8609357
KELT-7 b,KELT-7,Transit,2015,KELT,1,1,441.7837,17.9344,2.73477,0.04415,0,2048,1.76,1.81,6768,0.758,136.681,78.2955912,33.3179532
WASP-127 b,WASP-127,Transit,2016,SuperWASP,2,1,52.346601,14.694999,4.17806203,0.0484,0,1400,0.95,1.333,5620,0.27574,159.507,160.5587646,-3.8349989
TOI-216.02,TOI-216,Transit,2019,Transiting Exoplanet Survey Satellite (TESS),1,2,18.75187601,8,17.16073,0.1293,0.16,628,0.77,0.748,5026,-0.44159,177.945,73.9800129,-63.2603301
HATS-59 c,HATS-59,Radial Velocity,2018,HATSouth,1,2,4036.441,12.3,1422,2.504,0.083,175.9,1.038,1.036,5670,-0.00436,642.884,170.324325,-22.388177
Kepler-202 b,Kepler-202,Transit,2014,Kepler,1,2,3.29,1.63,4.069427,0.045,0,802,0.683,0.667,4668,-0.63817,285.111,282.9734874,41.3217991
Kepler-214 c,Kepler-214,Transit,2014,Kepler,1,2,5.18,2.13,28.7798,0.194,0,619,1.11,1.352,6169,0.5108,1208.44,284.7548499,44.95605
Kepler-192 b,Kepler-192,Transit,2014,Kepler,1,3,7.95,2.74,9.926746,0.09,0,803,1.028,1.007,5479,-0.09429,651.674,287.9179379,45.5928829
Kepler-196 c,Kepler-196,Transit,2014,Kepler,1,3,5.65,2.24,47.427737,0.24,0,407,0.839,0.782,5128,-0.39257,451.312,284.9685077,42.0791214
Kepler-245 d,Kepler-245,Transit,2014,Kepler,1,4,21.6,3.03,36.277108,0.202,0,445,0.856,0.795,5100,-0.39579,861.527,291.6389972,42.4363482
Kepler-101 c,Kepler-101,Transit,2014,Kepler,1,2,3.78,1.25,6.02976,0.0684,0,1413,1.17,1.56,5667,0.42034,927.981,283.255507,48.3552474
Kepler-154 b,Kepler-154,Transit,2014,Kepler,1,5,5.73,2.26,33.040532,0.198,0,561,0.933,1.001,5690,0.03322,915.212,289.7805393,49.8965624
Kepler-359 d,Kepler-359,Transit,2014,Kepler,1,3,2.7,4.01,77.095691,0.372,0,464,0.827,1.086,6248,-0.09657,1443.21,293.2936129,42.1963497
Kepler-256 c,Kepler-256,Transit,2014,Kepler,1,4,5.27,2.15,3.38802,0.045,0,1315,1.037,1.301,5551,-0.0591,1026.43,292.58042,46.0973588
Kepler-254 b,Kepler-254,Transit,2014,Kepler,1,3,14.3,3.87,5.826662,0.064,0,1013,0.849,0.91,5957,-0.12491,1389.48,288.1646541,45.8164257
Kepler-184 c,Kepler-184,Transit,2014,Kepler,1,3,8.8,1.97,20.303005,0.141,0,630,0.872,0.873,5788,-0.22509,610.326,291.9518784,43.0746172
Kepler-248 b,Kepler-248,Transit,2014,Kepler,1,2,9.38,3.02,6.308205,0.066,0,819,0.838,0.831,5190,-0.41834,738.792,293.0613138,43.5813577
KIC 10001893 b,KIC 10001893,Orbital Brightness Modulation,2014,Kepler,1,3,,,0.2197,,,,0.47,0.18,27500,1.43069,1672.94,287.3892308,46.9844491
KIC 10001893 c,KIC 10001893,Orbital Brightness Modulation,2014,Kepler,1,3,,,0.32528,,,,0.47,0.18,27500,1.43069,1672.94,287.3892308,46.9844491
Kepler-172 b,Kepler-172,Transit,2014,Kepler,1,4,6.12,2.35,2.940309,0.04,0,1256,1.081,1.085,5526,-0.03187,828.592,283.3684093,41.821839
Kepler-205 b,Kepler-205,Transit,2014,Kepler,1,2,2.89,1.51,2.75564,0.032,0,757,0.592,0.546,4321,-0.95618,159.72,285.2866912,41.8609357
Kepler-257 c,Kepler-257,Transit,2014,Kepler,1,3,25.2,5.41,6.581484,0.066,0,881,0.916,1.037,5180,-0.37756,780.256,297.3159994,46.0232642
Kepler-217 b,Kepler-217,Transit,2014,Kepler,1,3,5.6,2.23,5.374943,0.065,0,1413,1.342,1.799,6171,0.75356,1104.64,293.0377331,46.2775223
Kepler-174 c,Kepler-174,Transit,2014,Kepler,1,3,2.83,1.49,44.000529,0.214,0,377,0.602,0.622,4880,-0.5704,384.757,287.4389454,43.8320052
Kepler-251 d,Kepler-251,Transit,2014,Kepler,1,4,8.1,2.77,30.133001,0.182,0,536,0.891,0.89,5526,-0.17197,924.625,296.5662171,44.1058077
Kepler-423 b,Kepler-423,Transit,2014,Kepler,1,1,189.101,13.361,2.6843285,0.03585,0.019,1605,0.85,0.95,5560,-0.018,758.753,292.8557189,46.3911883
TOI-561 e,TOI-561,Transit,2020,Transiting Exoplanet Survey Satellite (TESS),1,4,12.4,2.517,77.144,0.33,0.074,416,0.806,0.843,5342,-0.28233,85.799,148.1851516,6.216103
LTT 1445 A b,LTT 1445 A,Transit,2019,Transiting Exoplanet Survey Satellite (TESS),3,2,2.73,1.34,5.3587635,0.0381,0.18,431,0.257,0.271,3562,-2.04591,6.86929,45.4624781,-16.5944956
KELT-11 b,KELT-11,Transit,2017,KELT-South,1,1,65.15482343,15.13212395,4.73620865,0.0623,0,1712,1.44,2.69,5375,0.74429,99.1596,161.7069053,-9.3993646
TOI-2537 c,TOI-2537,Radial Velocity,2024,Multiple Observatories,1,2,2297.899383,12.7,1920,2.78,0.287,123.1,0.771,0.771,4870,-0.52143,184.986,54.3882661,10.0577464
TOI-1749 b,TOI-1749,Transit,2021,Transiting Exoplanet Survey Satellite (TESS),1,3,57,1.39,2.38839,0.0291,0.14,831,0.58,0.55,3985,-1.15649,99.5561,282.7372281,64.419466
TOI-3819 b,TOI-3819,Transit,2023,Transiting Exoplanet Survey Satellite (TESS),1,1,352.7895318,13.13692538,3.2443141,0.04611,0,1633,1.242,1.538,5859,0.39967,558.141,121.8632568,29.3886446
KIC 10001893 d,KIC 10001893,Orbital Brightness Modulation,2014,Kepler,1,3,,,0.81161,,,,0.47,0.18,27500,1.43069,1672.94,287.3892308,46.9844491
Kepler-361 b,Kepler-361,Transit,2014,Kepler,1,2,2.7,1.45,8.486616,0.086,0,1060,1.191,1.343,6169,0.45876,930.32,296.8034146,46.7411011
Kepler-362 b,Kepler-362,Transit,2014,Kepler,1,2,0.615,0.88,10.327186,0.087,0,838,0.904,0.722,5788,0.20872,1090.51,291.771603,47.5299192
Kepler-218 c,Kepler-218,Transit,2014,Kepler,1,3,10,3.14,44.699576,0.248,0,500,1.019,1.063,5502,0.00935,656.38,295.4128785,46.2665801
Kepler-193 b,Kepler-193,Transit,2014,Kepler,1,2,6.3,2.39,11.38848,0.106,0,979,1.051,1.147,6335,0.09956,1009.1,296.4985951,46.5772484
Kepler-253 d,Kepler-253,Transit,2014,Kepler,1,3,10.2,3.17,18.119869,0.13,0,563,0.86,0.786,5208,-0.38741,838.595,291.8419337,44.858124
Kepler-192 c,Kepler-192,Transit,2014,Kepler,1,3,8.2,2.79,21.2234,0.15,0,623,1.028,1.007,5479,-0.09429,651.674,287.9179379,45.5928829
TOI-2346 b,TOI-2346,Transit,2025,Transiting Exoplanet Survey Satellite (TESS),1,1,394.1072247,16.11851425,3.3312029,0.0473,0.086,1689,1.271,1.38,6480,0.48144,437.484,88.0929073,-13.3724686
HIP 113103 b,HIP 113103,Transit,2023,Transiting Exoplanet Survey Satellite (TESS),1,2,4,1.829,7.610303,0.06899,0.17,721,0.761,0.742,4930,-0.57629,46.2122,343.5723794,-43.0102291
WASP-136 b,WASP-136,Transit,2016,SuperWASP,1,1,479.9208946,16.81347105,5.215361788,0.0661,0,1630,1.41,2.39014,6250,0.82265,275.587,0.325761,-8.9262512
TOI-1439 b,TOI-1439,Transit,2024,Transiting Exoplanet Survey Satellite (TESS),1,1,38.5,4.2427861,27.644,0.192,0.157,748.4,1.2313,1.6184,5841,0.44091,230.306,241.7639371,67.8776404
K2-415 b,K2-415,Transit,2023,K2,1,1,7.5,1.015,4.0179694,0.027,,412.4,0.1635,0.1965,3173,-2.45469,21.8182,137.2015437,11.8622503
WASP-185 b,WASP-185,Transit,2019,WASP-South,1,1,311.4734,14.01125,9.38755,0.0904,0.24,1160,1.12,1.5,5900,0.41219,279.35,214.0595791,-19.5423062
Kepler-365 c,Kepler-365,Transit,2014,Kepler,1,2,3.33,1.64,17.784129,0.137,0,729,1.02,1.048,6012,0.112,1038.99,295.626564,49.130411
Kepler-220 c,Kepler-220,Transit,2014,Kepler,1,4,3.09,1.57,9.034199,0.076,0,586,0.729,0.666,4632,-0.67594,171.109,291.5060432,46.8956262
Kepler-487 d,Kepler-487,Transit,2021,Kepler,1,3,8.12,2.77513568,2.418390036,0.03445,0,1226,0.874,0.887,5422,-0.17269,872.343,295.2872318,41.2220033
K2-266 c,K2-266,Transit,2018,K2,2,4,0.29013072,0.705,7.814,0.0679,0.042,664.5,0.686,0.703,4285,-0.82333,77.5586,157.9356855,0.9372782
HD 110067 g,HD 110067,Transit,2023,Multiple Observatories,3,6,8.4,2.607,54.76992,0.2621,,440,0.798,0.788,5266,-0.36224,32.1585,189.8392243,20.0273377
TOI-1696 b,TOI-1696,Transit,2022,Transiting Exoplanet Survey Satellite (TESS),1,1,48.8,3.09,2.500311,0.0229,0,489,0.255,0.2775,3185,-2.14813,64.9172,65.280648,48.8198312
Kepler-522 b,Kepler-522,Transit,2016,Kepler,1,1,38.2,6.91,38.58422849,0.25029,0,761,1.54,1.98,6392,0.65452,639.239,288.153973,44.0688154
K2-199 c,K2-199,Transit,2018,K2,1,2,12.4,2.85,7.3744897,0.0662,0.03,694,0.711,0.682,4491,-0.73283,107.518,208.9014508,-6.1360833
TOI-3688 A b,TOI-3688 A,Transit,2023,Transiting Exoplanet Survey Satellite (TESS),2,1,311.4718389,13.08088048,3.246075,0.0456,0,1534,1.199,1.302,5950,0.2833,396.378,39.2823371,54.8512152
TOI-1723 b,TOI-1723,Transit,2024,Transiting Exoplanet Survey Satellite (TESS),1,1,10.4,3.435,13.72701264,0.113496,0,782.98,1.04,1.09,5777,0.06446,100.727,116.7971978,68.4766845
Kepler-670 b,Kepler-670,Transit,2016,Kepler,1,1,,13.18,2.816504852,0.0383,0,1219,0.99,0.99,5709,-0.1003,939.744,297.0154644,49.2252988
Kepler-196 b,Kepler-196,Transit,2014,Kepler,1,3,4.27,1.9,20.739886,0.138,0,536,0.839,0.782,5128,-0.39257,451.312,284.9685077,42.0791214
Kepler-221 c,Kepler-221,Transit,2014,Kepler,1,4,9.3,2.93,5.690586,0.059,0,860,0.854,0.821,5243,-0.40429,385.231,296.6547477,46.8352242
Kepler-163 c,Kepler-163,Transit,2014,Kepler,1,2,5.73,2.26,21.347262,0.152,0,648,0.882,0.917,5776,-0.13799,689.814,295.0027458,46.9873389
Kepler-97 c,Kepler-97,Radial Velocity,2014,W. M. Keck Observatory,1,2,344,,789,,,,0.94,0.98,5779,-0.02505,400.907,287.3265292,48.6733443
Kepler-407 c,Kepler-407,Radial Velocity,2014,W. M. Keck Observatory,1,2,4000,12.3,3000,3.27090369,0.221479,,1,1.01,5476,-0.03934,338.368,286.0363025,49.6145027
Kepler-427 b,Kepler-427,Transit,2014,Kepler,1,1,92.17,13.79,10.290994,0.091,0.57,1100,0.96,1.35,5800,0.29,1017.8,288.2545808,43.7048379
TOI-5728 b,TOI-5728,Transit,2025,Transiting Exoplanet Survey Satellite (TESS),1,1,2.27,1.31,11.49761,,,382,0.36,0.37,3419,-1.74669,54.7045,260.3509363,67.5504212
TOI-1246 c,TOI-1246,Transit,2022,Transiting Exoplanet Survey Satellite (TESS),1,4,9.1,2.45109846,5.904137,0.061,0,862.49,0.8889,0.8649,5213,-0.30103,169.422,251.1158702,70.4299917
WASP-148 c,WASP-148,Radial Velocity,2020,Haute-Provence Observatory,1,2,124.5887355,13.9,34.524,0.2044,0.1809,590,0.954,0.912,5555,-0.13906,246.353,254.1305022,44.3025361
Kepler-207 d,Kepler-207,Transit,2014,Kepler,1,3,11,3.31,5.868075,0.068,0,1254,1.313,1.588,5920,0.5343,875.519,290.0305195,42.1660555
Kepler-245 b,Kepler-245,Transit,2014,Kepler,1,4,146.78,2.57,7.49019,0.071,0,753,0.856,0.795,5100,-0.39579,861.527,291.6389972,42.4363482
Kepler-208 b,Kepler-208,Transit,2014,Kepler,1,4,3.29,1.63,4.22864,0.054,0,1379,1.082,1.314,6092,0.30912,775.328,293.8901979,42.5279413
Kepler-246 b,Kepler-246,Transit,2014,Kepler,1,2,6.08,2.34,4.60182,0.052,0,896,0.853,0.831,5206,-0.41338,626.078,296.4834007,42.6633806
Kepler-179 c,Kepler-179,Transit,2014,Kepler,1,2,4.66,2,6.40013,0.064,0,810,0.893,0.759,5302,-0.27765,605.68,298.6636163,47.7619329
Kepler-226 c,Kepler-226,Transit,2014,Kepler,1,3,45.2,2.27,5.349555,0.058,0,919,0.904,0.802,5571,-0.23921,980.138,292.3760942,47.8809596
Kepler-113 b,Kepler-113,Transit,2014,Kepler,1,2,11.7,1.82,4.754,0.05123,0,775,0.75,0.69,4725,-0.57598,262.351,287.9978721,50.9441847
Kepler-48 d,Kepler-48,Transit,2014,Kepler,1,5,7.93,2.04,42.8961,0.23302,0,448,0.88,0.89,5194,-0.28926,306.738,299.1393094,40.948939
Kepler-199 b,Kepler-199,Transit,2014,Kepler,1,2,9.85,3.11,23.637604,0.158,0,595,0.96,0.967,5644,-0.09685,521.054,295.5594278,40.236249
Kepler-237 c,Kepler-237,Transit,2014,Kepler,1,2,4.98,2.08,8.103636,0.071,0,687,0.696,0.725,4861,-0.47742,657.822,283.2213438,40.421762
HD 181234 b,HD 181234,Radial Velocity,2019,La Silla Observatory,1,1,2980.912629,12.5,7593.40512,7.427,0.726,,0.94,1.059423,5386,-0.09853,47.7458,289.9998695,-9.32497
Kepler-247 c,Kepler-247,Transit,2014,Kepler,1,3,15.7,4.09,9.439452,0.084,0,686,0.887,0.768,5100,-0.42165,663.711,288.6425609,43.0393769
Kepler-161 b,Kepler-161,Transit,2014,Kepler,1,2,2.63,2.12,4.921355,0.054,0,868,0.853,0.806,5078,-0.44679,434.632,290.5164698,43.0838642
Kepler-153 b,Kepler-153,Transit,2014,Kepler,1,2,8.85,2.92,18.870227,0.129,0,621,0.756,0.892,5404,-0.4463,459.368,282.460502,48.2570293
Kepler-106 b,Kepler-106,Transit,2014,Kepler,1,4,5.3,0.82,6.16486,0.06491,0,1021,1,1.04,5858,0.08255,444.322,300.864006,44.3375497
Kepler-100 d,Kepler-100,Transit,2014,Kepler,1,4,3,1.61,35.3331,0.21747,0.38,670,1.08,1.49,5825,0.39445,304.645,291.3861294,41.9901394
Kepler-274 b,Kepler-274,Transit,2014,Kepler,1,2,2.99,1.54,11.634788,0.101,0,961,0.883,1.007,6023,0.2013,1333.62,292.9227926,38.4772173
Kepler-312 b,Kepler-312,Transit,2014,Kepler,1,2,2.21,1.29,1.772419,0.031,0,1685,1.314,1.467,6115,0.59751,797.72,298.3957687,42.4597712
Kepler-211 c,Kepler-211,Transit,2014,Kepler,1,2,18.3,1.29,6.04045,0.062,0,841,0.867,0.816,5123,-0.4133,309.353,285.4391183,43.1685051
Kepler-212 c,Kepler-212,Transit,2014,Kepler,1,2,7.95,2.74,31.805174,0.207,0,664,1.166,1.455,5852,0.38347,687.194,287.6208165,43.1416239
Kepler-228 d,Kepler-228,Transit,2014,Kepler,1,3,15.4,4.04,11.094286,0.101,0,835,1.006,1.014,6043,0.11115,1644.61,296.2860853,48.2246328
HD 27894 d,HD 27894,Radial Velocity,2017,La Silla Observatory,1,3,2063.659847,12.7,5019.54244,5.362,0.343,,0.81,0.891767,4875,-0.449,43.8214,65.1975693,-59.4096776
Kepler-230 b,Kepler-230,Transit,2014,Kepler,1,2,16.8,4.26,32.625555,0.191,0,506,0.784,0.817,5588,-0.36784,740.754,285.7185682,48.5058038
TOI-444 b,TOI-444,Transit,2023,Transiting Exoplanet Survey Satellite (TESS),1,1,8.1,2.77,17.9636,0.133,,609,0.96,0.779,5225,-0.41794,57.3973,64.1839982,-26.7664071
TOI-2202 b,TOI-2202,Transit,2021,Transiting Exoplanet Survey Satellite (TESS),1,2,287.3168799,10.95117414,11.9126075,0.09564,0.022,652.07,0.841,0.808,5169,-0.40121,235.933,51.2284214,-73.9575458
Wendelstein-2 b,Wendelstein-2,Transit,2020,Haleakala Observatory,1,1,232.33373,12.9934728,1.7522239,0.0234,0.057,2470,0.73,0.66,4591,-0.83411,565.541,297.7909214,16.9125679
Kepler-166 b,Kepler-166,Transit,2014,Kepler,1,3,5.77,2.27,7.650254,0.072,0,772,0.811,0.742,5413,-0.38508,603.53,293.1600977,48.8812074
Kepler-181 c,Kepler-181,Transit,2014,Kepler,1,2,4.62,1.99,4.302149,0.049,0,937,0.81,0.749,5333,-0.37878,609.283,296.1512831,50.0957806
Kepler-106 d,Kepler-106,Transit,2014,Kepler,1,4,8.1,0.95,23.9802,0.16063,0,649,1,1.04,5858,0.08255,444.322,300.864006,44.3375497
Kepler-131 c,Kepler-131,Transit,2014,Kepler,1,2,8.25,0.84,25.5169,0.17391,0,615,1.02,1.03,5685,0.02191,228.678,288.5308924,40.942373
Kepler-320 b,Kepler-320,Transit,2014,Kepler,1,2,1.55,1.14,8.371554,0.085,0,1292,1.072,1.108,6435,0.37419,826.613,293.2135155,46.1751457
Kepler-169 e,Kepler-169,Transit,2014,Kepler,1,5,5.48,2.2,13.767102,0.105,0,595,0.825,0.763,4997,-0.49611,406.529,285.9999204,40.9193822
Kepler-249 c,Kepler-249,Transit,2014,Kepler,1,3,2.89,1.51,7.113702,0.058,0,429,0.510238,0.482,3568,-1.49485,190.401,296.9853002,43.6586043
Kepler-174 b,Kepler-174,Transit,2014,Kepler,1,3,4.5,1.96,13.98179,0.1,0,553,0.602,0.622,4880,-0.5704,384.757,287.4389454,43.8320052
Kepler-231 c,Kepler-231,Transit,2014,Kepler,1,2,24.1,1.93,19.271566,0.114,0,393,0.58,0.49,3767,-1.03621,316.618,293.9733913,50.531846
Kepler-197 c,Kepler-197,Transit,2014,Kepler,2,4,5.3,1.23,10.349695,0.09,0.08,930,0.857,1.12,6004,0.22187,330.575,295.2264739,50.5592348
Kepler-151 b,Kepler-151,Transit,2014,Kepler,1,2,9.59,3.06,15.228958,0.116,0,639,0.87,0.83,5460,-0.33413,649.919,292.1627933,41.0231947
Kepler-241 b,Kepler-241,Transit,2014,Kepler,1,2,6.04,2.33,12.718092,0.094,0,562,0.671,0.668,4699,-0.60729,512,292.9131121,41.0609786
Kepler-232 b,Kepler-232,Transit,2014,Kepler,1,2,9.69,3.08,4.431222,0.054,0,1104,0.97,0.968,5847,0.05183,1349.13,295.8161668,51.1217249
Kepler-233 b,Kepler-233,Transit,2014,Kepler,1,2,6.48,2.43,8.472382,0.077,0,751,0.855,0.758,5360,-0.32754,856.417,296.3665054,51.3194548
Kepler-143 b,Kepler-143,Transit,2014,Kepler,1,2,6.39,2.41,16.007583,0.127,0,838,0.982,1.359,5848,0.29363,809.467,298.0676519,49.412541
Kepler-332 d,Kepler-332,Transit,2014,Kepler,1,3,1.76,1.18,34.21154,0.189,0,427,0.743,0.72,4955,-0.5837,344.19,286.6627811,47.4136938
HIP 9618 b,HIP 9618,Transit,2023,Transiting Exoplanet Survey Satellite (TESS),1,2,8.3,3.82838127,20.772858,0.145,0,640.88,0.942,0.9593,5649,-0.0716,67.5478,30.9050061,21.2813274
Kepler-10 b,Kepler-10,Transit,2011,Kepler,1,3,3.24,1.47,0.8374907,0.01685,0,2188,0.91,1.065,5708,0.05467,185.506,285.679298,50.2414842
Kepler-453 b,Kepler-453,Transit,2015,Kepler,2,1,16,6.204,240.503,0.7903,0.0359,,0.944,0.833,5527,-0.2205,442.846,283.2413322,46.3784691
TOI-1420 b,TOI-1420,Transit,2023,Transiting Exoplanet Survey Satellite (TESS),1,1,25.1,11.89,6.9561063,0.071,0.17,957,0.987,0.923,5510,-0.15181,201.918,322.9418092,66.3490054
GJ 367 d,GJ 367,Radial Velocity,2023,La Silla Observatory,1,3,6.03,2.33,34.369,,0.14,,0.455,0.458,3522,-1.5391,9.41263,146.121464,-45.7790165
HD 24040 c,HD 24040,Radial Velocity,2021,Multiple Observatories,1,2,63.88350981,9.35,515.4,1.3,0.11,,1.10394,1.387296,5776.49,0.27569,46.6224,57.5962104,17.4752873
KIC 3558849 b,KIC 3558849,Transit,2015,Kepler,1,1,38.1,6.9,1322.3,,,,0.98,1.01,6175,0.40531,1215.7,294.9498381,38.6051867
HD 215152 c,HD 215152,Radial Velocity,2018,La Silla Observatory,1,4,468.7969003,,7.28243,0.067393,0,,0.77,0.73,4935,-0.52254,21.5974,340.8380941,-6.4020685
Kepler-440 b,Kepler-440,Transit,2015,Kepler,1,1,4.12,1.86,101.11141,0.242,0.34,229,0.575,0.559,4134,-1.102,301.03,285.3500664,41.4523695
WASP-154 b,WASP-154,Transit,2025,SuperWASP,1,1,198.9605828,10.76062147,3.811678,0.044,0,994,0.8,0.823,4774,-0.50063,215.501,327.7191734,-8.6359458
TOI-1221 b,TOI-1221,Transit,2023,Transiting Exoplanet Survey Satellite (TESS),1,1,1112.399425,2.91,91.68278,0.387,0.21,440,0.93,1.031,5592,-0.01689,138.411,107.9210254,-65.5088568
Kepler-490 b,Kepler-490,Transit,2016,Kepler,1,1,,11.65,3.268695154,0.0453,0,1597,1.08,1.12,6045,0.36497,1523,295.025662,46.9559536
TOI-1266 d,TOI-1266,Transit Timing Variations,2025,Transiting Exoplanet Survey Satellite (TESS),1,3,3.68,1.74,32.509,0.1513,0.087,288,0.437,0.4232,3563,-1.58021,36.0118,197.9965833,65.8336973
TOI-1670 b,TOI-1670,Transit,2022,Transiting Exoplanet Survey Satellite (TESS),1,2,41.31769291,2.06,10.98462,0.103,0.59,1062,1.21,1.316,6170,0.40046,168.067,259.0172522,72.1611806
HATS-66 b,HATS-66,Transit,2018,HATSouth,1,1,1694.0339,15.815899,3.1414391,0.04714,0.064,1998,1.411,1.841,6626,0.76716,1477.98,101.3948048,-33.8816918
K2-13 b,K2-13,Transit,2015,K2,1,1,4.23,1.89,39.91488,0.2114,,511,0.8,0.78,5698,-0.13534,342.394,170.1554763,2.5027534
KIC 8540376 b,KOI-7892,Transit,2015,Kepler,1,3,15.8,4.1,31.8099,,,,1.04,1.26,6474,0.2987,1072.3,282.3775397,44.694569
KIC 8540376 c,KOI-7892,Transit,2015,Kepler,1,3,6.35,2.4,75.2,,,,1.04,1.26,6474,0.2987,1072.3,282.3775397,44.694569
Kepler-436 b,Kepler-436,Transit,2015,Kepler,1,2,7.9,2.73,64.00205,0.339,0.19,322,0.729,0.697,4651,-0.701,588.867,301.7207775,44.4120856
Kepler-186 f,Kepler-186,Transit,2014,Kepler,1,5,1.71,1.17,129.9441,0.432,0.04,177,0.544,0.523,3755,-1.26,177.594,298.652736,43.9549884
Kepler-441 b,Kepler-441,Transit,2015,Kepler,1,1,3.33,1.64,207.2482,0.64,0.1,189,0.572,0.55,4340,-1.051,268.003,284.566954,49.0127077
TOI-1224 c,TOI-1224,Transit,2024,Transiting Exoplanet Survey Satellite (TESS),1,2,8.67,2.884,17.945466,,0,303.12,0.4,0.404,3326,-1.6968,37.3312,37.1978356,-80.8991053
K2-155 c,K2-155,Transit,2018,K2,1,3,7.27,2.6,13.85,0.0946,,583,0.65,0.58,4258,-1.22915,72.7998,65.469614,21.3532633
TOI-2088 b,TOI-2088,Transit,2024,Transiting Exoplanet Survey Satellite (TESS),1,1,37,3.6831179,124.72997,0.472,0,300.33,0.9027,0.8481,5081,-0.36151,126.46,261.3748943,75.8822796
WASP-1 b,WASP-1,Transit,2007,SuperWASP,2,1,271.415,16.623,2.5199454,0.03889,0,1812,1.24,1.47,6110,0.44091,393.072,5.1669536,31.9899732
KELT-3 b,KELT-3,Transit,2013,KELT,2,1,616.5902,17.48604,2.70339,0.04123,0,1816,1.96,1.7,6304,0.62523,210.252,148.6431193,40.3879446
K2-19 d,K2-19,Transit,2016,K2,1,3,6.2,1.044,2.50827,0.03478,0.44,1258,0.892,0.824,5350,-0.29196,289.827,174.9602543,0.603596
GJ 357 c,GJ 357,Radial Velocity,2019,Multiple Observatories,1,3,3.4,1.66,9.1247,0.061,,401.2,0.342,0.337,3505,-1.79833,9.44181,144.0074644,-21.6650634
Kepler-435 b,Kepler-435,Transit,2015,Kepler,1,1,266.97,22.31,8.6001536,0.0948,0.114,1729,1.538,3.21,6161,1.129,1418.77,292.2873012,43.1972542
Qatar-5 b,Qatar-5,Transit,2017,Qatar,1,1,1373.0256,12.408363,2.8792319,0.04127,0,1415,1.128,1.076,5747,0.05614,367.658,7.0539375,42.0613451
TOI-5799 b,TOI-5799,Transit,2024,Transiting Exoplanet Survey Satellite (TESS),1,2,3.65,1.733,4.164507,0.0348,,505,0.325,0.321,3452,-1.82974,27.8123,301.630179,15.9891418
WASP-132 d,WASP-132,Radial Velocity,2024,Multiple Observatories,1,3,1639.99458,12.8,1816.6,2.71,0.12,107,0.789,0.758,4686,-0.57512,122.91,217.6091998,-46.159516
HATS-56 b,HATS-56,Transit,2019,HATSouth,1,1,191.33366,18.920792,4.324799,0.06043,0.019,1902,1.573,2.201,6536,0.89763,564.409,180.165072,-45.7994559
HD 97658 b,HD 97658,Radial Velocity,2010,W. M. Keck Observatory,1,1,8.3,2.12,9.4897116,0.0805,0.05,751,0.85,0.728,5212,-0.45469,21.5618,168.6376584,25.7105962
HAT-P-12 b,HAT-P-12,Transit,2009,HATNet,1,1,67.059,10.749,3.2130598,0.0384,0,963,0.733,0.701,4650,-0.678,142.751,209.3886452,43.49331
HAT-P-18 b,HAT-P-18,Transit,2010,HATNet,1,1,62.61,11.153,5.508023,0.0559,0.084,852,0.77,0.749,4803,-0.569,161.4,256.346376,33.0123251
HAT-P-33 b,HAT-P-33,Transit,2011,HATNet,2,1,292.4036,20.73665,3.47447,0.04995,0,1782,1.82,1.79,6446,0.618,396.11,113.1842383,33.8350214
HD 149026 b,HD 149026,Radial Velocity,2005,Subaru Telescope,1,1,120.7754,8.29466,2.87589,0.04364,0,1626,1.42,1.41,6179,0.48,75.8643,247.6229827,38.3475349
TOI-6383 A b,TOI-6383 A,Transit,2024,Transiting Exoplanet Survey Satellite (TESS),2,1,331,11.29,1.79058695,0.02292,0.05,745,0.458,0.457,3444,-1.48678,171.319,60.4246951,60.8913677
HD 100508 b,HD 100508,Radial Velocity,2026,Las Campanas Observatory,1,1,381.3940884,13.7,5681,6.11,0.42,,0.94,1.0179,5419,-0.0942,32.7548,173.3014057,-67.0546386
HATS-16 b,HATS-16,Transit,2016,HATSouth,1,1,1039.3041,14.5717,2.686502,0.03744,0,1592,0.97,1.238,5738,0.17319,757.044,358.5588439,-30.0130385
NGTS-21 b,NGTS-21,Transit,2022,Next-Generation Transit Survey (NGTS),1,1,750.0750405,14.90794433,1.5433897,0.0236,0,1357,0.72,0.86,4660,-0.53854,592.891,311.2583112,-35.4278412
HD 21520 b,HD 21520,Transit,2024,Transiting Exoplanet Survey Satellite (TESS),1,1,17.7,2.697,25.1292,0.1726,0,637,1.09,1.044,5871,0.06595,79.208,51.6403449,-43.6136649
TOI-3353.01,TOI-3353,Transit,2024,Transiting Exoplanet Survey Satellite (TESS),1,1,7.59,2.6667555,4.6657965,0.060118218,,1264.36,1.332089,1.0207,6365,-0.0264,78.7577,106.5298146,-75.8195594
K2-14 b,K2-14,Transit,2015,K2,1,1,20.7,4.81,8.36802,0.0627,0.14,488,0.47,0.45,3789,-0.96847,364.048,178.0568745,2.5941222
K2-15 b,K2-15,Transit,2015,K2,1,1,6.71,2.48,11.8104,0.091,,676,0.72,0.68,5131,-0.45314,493.992,178.1105741,4.2546649
K2-17 b,K2-17,Transit,2015,K2,1,1,5.6,2.23,17.96753,0.119,0.18,487,0.71,0.66,4320,-0.9966,125.106,178.3296746,6.4123178
KIC 10525077 b,KIC 10525077,Transit,2015,Kepler,1,1,25.9,5.5,854.083,,,,1.01,1.01,6091,0.12899,1461.15,287.3781164,47.7711541
KIC 5437945 b,KIC 5437945,Transit,2015,Kepler,1,2,33.6,6.4,440.7813,1.19671,0,308,1.07,1.24,6340,0.64137,1274.01,288.4749028,40.6512848
Kepler-442 b,Kepler-442,Transit,2015,Kepler,1,1,2.36,1.34,112.3053,0.409,0.04,241,0.609,0.598,4402,-0.932,365.965,285.3666029,39.2800704
HD 67087 b,HD 67087,Radial Velocity,2015,Multiple Observatories,1,2,973,13.1,352.2,1.08,0.17,,1.36,1.55,6330,0.54,76.5217,121.9155672,31.5511553
TOI-1411 b,TOI-1411,Transit,2022,Transiting Exoplanet Survey Satellite (TESS),1,1,2,1.19880592,1.4520527,0.02122,0,976.4,0.6045,0.614,4115,-1.01323,32.4778,232.946047,47.0555507
K2-285 c,K2-285,Transit,2018,K2,1,4,15.68,3.53,7.138048,0.0824,0,741.4,0.83,0.787,4975,-0.42183,154.961,349.3843458,1.3001522
Kepler-785 b,Kepler-785,Transit,2016,Kepler,1,1,,13.02,1.973760926,0.025,0,753,0.77,0.71,4739,-0.68251,642.051,292.0683108,38.8422004
HD 33844 c,HD 33844,Radial Velocity,2015,Anglo-Australian Telescope,1,2,556.2025,13.5,916,2.24,0.13,,1.78,5.29,4861,1.14922,105.779,78.1505649,-14.9509775
HD 32963 b,HD 32963,Radial Velocity,2015,W. M. Keck Observatory,1,1,657.9048025,13.4,2372,3.41,0.07,,0.94,1.111044,5727,0.06398,38.0786,76.9820146,26.3276805
Kepler-437 b,Kepler-437,Transit,2015,Kepler,1,1,5.22,2.14,66.65062,0.288,0.02,308,0.707,0.68,4551,-0.762,304,297.3473326,44.0269249
HIP 78530 b,HIP 78530,Imaging,2010,Gemini Observatory,1,1,7300,12,,740,,2700,2.5,2.10876,10500,1.3684,136.759,240.4810052,-21.980492
1RXS J160929.1-210524 b,1RXS J160929.1-210524,Imaging,2008,Gemini Observatory,1,1,3000,18.647,,330,,1700,0.85,1.31316,4060,-0.37,139.135,242.3762343,-21.0831403
OGLE-2012-BLG-0563L b,OGLE-2012-BLG-0563L,Microlensing,2015,OGLE,1,1,120,13.6,,0.74,,,0.34,,,,1300,271.4905,-27.712
Kepler-296 c,Kepler-296,Transit,2014,Kepler,2,5,4.66,2,5.8416366,0.0521,0.33,606,0.498,0.48,3740,-1.50864,167,286.5400278,49.4372614
OGLE-2016-BLG-1266L b,OGLE-2016-BLG-1266L,Microlensing,2018,OGLE,1,1,3813.940884,12.4,,0.43,,,0.015,,,,3080,267.8535833,-29.74225
TOI-4603 b,TOI-4603,Transit,2023,Transiting Exoplanet Survey Satellite (TESS),1,1,4096.808166,11.67975789,7.24599,0.0888,0.325,1677,1.765,2.738,6264,1.01703,225.643,83.8659288,21.2942417
Kepler-731 b,Kepler-731,Transit,2016,Kepler,1,1,,13.88,3.855603551,0.0505,0,1212,1.03,1.06,5849,0.03524,1257.16,296.3931945,45.568533
K2-265 b,K2-265,Transit,2018,K2,2,1,7.3418362,1.70824866,2.36902,0.03359,0.16,1366,0.901,0.92,5420,-0.18243,138.671,342.0316493,-14.4947789
KMT-2022-BLG-1818L b,KMT-2022-BLG-1818L,Microlensing,2026,KMTNet,1,2,1271.313628,13,,2.6,,,0.79,,,,5300,270.798625,-27.4811111
WASP-2 b,WASP-2,Transit,2007,SuperWASP,2,1,295.89973,12.116929,2.152175,0.03144,0.0054,1311,0.895,0.866,5180,-0.31336,153.242,307.7255587,6.4293305
HD 106315 c,HD 106315,Transit,2017,K2,1,2,15.2,4.35,21.05704,0.1536,0.22,886,1.091,1.296,6327,0.39454,109.353,183.4724742,-0.3934357
WASP-28 b,WASP-28,Transit,2014,SuperWASP,1,1,282.5494538,13.66374747,3.40883495,0.0442,0,1456,0.993,1.083,6084,0.15,348.494,353.6162694,-1.5799849
NGTS-33 b,NGTS-33,Transit,2024,Transiting Exoplanet Survey Satellite (TESS),1,1,1153.717117,18.38272835,2.827972,0.048,0,1991,1.6,1.47,7437,0.77159,437.855,107.8333348,-35.8505185
Kepler-856 b,Kepler-856,Transit,2016,Kepler,1,1,63.3,9.3,8.027680595,0.0787,0,824,0.96,0.93,5535,-0.02166,1351.17,289.6038379,46.3149097
HD 113538 b,HD 113538,Radial Velocity,2010,La Silla Observatory,1,2,114.41,13.2,663.2,1.24,0.14,,0.585,0.53,4462,-1.04576,16.2817,196.233933,-52.4463502
Kepler-79 e,Kepler-79,Transit,2014,Kepler,1,4,4.1,3.49,81.0659,0.386,0.012,511,1.165,1.302,6174,0.342,1020.72,300.5171067,44.3815508
Kepler-79 c,Kepler-79,Transit,2012,Kepler,1,4,5.9,3.72,27.4029,0.187,0.03,734,1.165,1.302,6174,0.342,1020.72,300.5171067,44.3815508
Kepler-296 d,Kepler-296,Transit,2014,Kepler,2,5,5.02,2.09,19.850291,0.118,0.33,403,0.498,0.48,3740,-1.50864,167,286.5400278,49.4372614
BD+15 2375 b,BD+15 2375,Radial Velocity,2016,Roque de los Muchachos Observatory,1,1,337.21763,13.8,153.22,0.576,0.001,,1.08,8.95,4649,1.57,768.045,176.4820239,14.6163182
HD 5583 b,HD 5583,Radial Velocity,2016,Roque de los Muchachos Observatory,1,1,1837.0574,12.8,139.35,0.53,0.076,,1.01,9.09,4830,1.61,219.216,14.486946,34.9853306
HD 113538 c,HD 113538,Radial Velocity,2010,La Silla Observatory,1,2,295.57,13.8,1818,2.44,0.2,,0.585,0.53,4462,-1.04576,16.2817,196.233933,-52.4463502
HD 30669 b,HD 30669,Radial Velocity,2014,La Silla Observatory,1,1,149.37,14.3,1684,2.69,0.18,,0.92,0.91,5400,-0.14602,58.0844,72.1198522,-28.4190757
Kepler-79 b,Kepler-79,Transit,2012,Kepler,1,4,10.9,3.47,13.4845,0.117,0.015,929,1.165,1.302,6174,0.342,1020.72,300.5171067,44.3815508
Kepler-296 e,Kepler-296,Transit,2014,Kepler,2,5,2.96,1.53,34.14211,0.169,0.33,337,0.498,0.48,3740,-1.50864,167,286.5400278,49.4372614
Kepler-296 f,Kepler-296,Transit,2014,Kepler,2,5,3.89,1.8,63.33627,0.255,0.33,274,0.498,0.48,3740,-1.50864,167,286.5400278,49.4372614
WASP-180 A b,WASP-180 A,Transit,2019,SuperWASP,2,1,286.047,13.89916,3.409264,0.048,0,1540,1.3,1.19,6600,0.31533,253.985,123.3922465,-1.9827874
GJ 3090 b,GJ 3090,Transit,2022,Transiting Exoplanet Survey Satellite (TESS),1,2,4.52,2.18,2.85310198,0.0316,0.25,723,0.519,0.516,3707,-1.34199,22.4751,20.4384281,-46.7147234
TOI-421 b,TOI-421,Transit,2020,Transiting Exoplanet Survey Satellite (TESS),2,2,6.7,2.64,5.197576,0.0554,0.13,922,0.833,0.866,5291,-0.26777,74.7969,81.8532824,-14.2767404
HD 12484 b,HD 12484,Radial Velocity,2016,Haute-Provence Observatory,1,1,947.1334,13.2,58.83,0.297,0.07,,1.01,1.001848,5920,0.02217,48.3367,30.6115322,2.8158078
HIP 65407 b,HIP 65407,Radial Velocity,2016,Haute-Provence Observatory,1,2,136.03124,14.3,28.125,0.177,0.14,,0.93,0.952252,5460,-0.18603,61.7804,201.087663,48.8847322
HD 108341 b,HD 108341,Radial Velocity,2014,La Silla Observatory,2,1,715.1139158,13.3,1129,2,0.85,,0.843,0.79,5122,-0.37001,48.9102,186.8791724,-71.4224896
HD 103720 b,HD 103720,Radial Velocity,2014,La Silla Observatory,1,1,197.046,14.1,4.5557,0.0498,0.086,,0.794,0.73,5017,-0.45834,45.5352,179.1713308,-2.7791393
HR 2562 b,HR 2562,Imaging,2016,Gemini Observatory,1,1,4195.334972,12.44199,,27,,1255,1.368,1.334,6597,0.53147,34.0071,102.5042716,-60.2486775
WASP-195 b,WASP-195,Transit,2025,SuperWASP,1,1,33.05415433,10.31226224,5.051928,0.063,0,1522,1.3,1.578,6300,0.5414,484.852,247.5496427,49.895791
TOI-1789 b,TOI-1789,Transit,2021,Transiting Exoplanet Survey Satellite (TESS),1,1,222.4798849,16.14093221,3.208664,0.04882,,1927,1.507,2.168,5991,0.7364,229.067,142.743406,26.5399951
CoRoT-28 b,CoRoT-28,Transit,2015,CoRoT,1,1,153.82972,10.704595,5.20851,0.0603,0.047,,1.01,1.78,5150,0.38849,766.183,278.6883216,5.5736911
WASP-98 b,WASP-98,Transit,2014,SuperWASP,2,1,293.03926,12.823096,2.96264036,0.03762,0,1171,0.809,0.741,5473,-0.3578,281.742,58.4290113,-34.3282716
Kepler-10 c,Kepler-10,Transit,2011,Kepler,1,3,11.29,2.355,45.294301,0.241,0.136,579,0.91,1.065,5708,0.05467,185.506,285.679298,50.2414842
TOI-4087 b,TOI-4087,Transit,2023,Transiting Exoplanet Survey Satellite (TESS),1,1,232.0147371,13.04725353,3.1774835,0.04469,0,1458,1.178,1.112,6060,0.17609,301.676,217.9257785,83.3727061
HD 62364 b,HD 62364,Radial Velocity,2022,Multiple Observatories,1,2,5965.639199,12.1,5138,6.15,0.607,,1.157,1.401,6255,0.43297,53.112,113.9052658,-75.5442707
TOI-2019 b,TOI-2019,Transit,2024,Transiting Exoplanet Survey Satellite (TESS),1,1,34.4,5.33275337,15.3444,0.128,0,917.46,1.1832,1.7457,5626,0.44075,198.007,234.4317651,48.955206
TOI-4600 b,TOI-4600,Transit,2023,Transiting Exoplanet Survey Satellite (TESS),1,2,959.8417891,6.8,82.6869,0.349,0.25,347,0.89,0.81,5170,-0.37675,216.056,258.4503674,64.5661727
K2-140 b,K2-140,Transit,2017,K2,1,1,295.5804185,13.56286665,6.569188,0.068,0,962,0.96,1.06,5585,-0.04915,347.917,188.1373172,-9.6076115
Kepler-434 b,Kepler-434,Transit,2015,Kepler,1,1,908.96,12.67,12.8747099,0.1143,0.131,1000,1.198,1.38,5977,0.33,1222.54,293.5863887,42.9288624
Kepler-433 b,Kepler-433,Transit,2015,Kepler,1,1,896.24,16.25,5.33408384,0.0679,0.119,1776,1.46,2.26,6360,0.88,1878.31,297.5936232,40.9772546
HATS-43 b,HATS-43,Transit,2018,HATSouth,1,1,82.95363,13.22662,4.3888497,0.04944,0.173,1003,0.837,0.812,5099,-0.39794,362.273,80.5382418,-30.9708179
K2-353 b,K2-353,Transit,2021,K2,1,1,26.3,5.55,15.466805,,,735,0.87,0.99,5698,-0.07632,268.515,201.6168564,-2.2819018
Kepler-685 b,Kepler-685,Transit,2016,Kepler,1,1,78.8,10.58,1.6255222,0.0265,0,1579,1.11,1.16,5963,-0.05138,938.715,293.8719143,38.4229184
TOI-1806.01,TOI-1806,Transit,2024,Transiting Exoplanet Survey Satellite (TESS),1,1,11.5,3.4095367,15.1454693,0.087735044,,337.47,0.392935,0.401575,3272,-1.77852,55.5211,166.1181474,30.4585763
HIP 41378 e,HIP 41378,Transit,2016,K2,1,6,12,4.92,369,,,335,1.16,1.273,6320,0.39646,106.289,126.6158279,10.0803708
HD 207897 b,HD 207897,Transit,2021,Transiting Exoplanet Survey Satellite (TESS),1,1,14.8,2.34302132,16.20166,0.117,0,581.75,0.8208,0.7827,5106,-0.42136,28.2938,325.2016451,84.3337613
HD 110067 b,HD 110067,Transit,2023,Multiple Observatories,3,6,5.69,2.2,9.113678,0.0793,,800,0.798,0.788,5266,-0.36224,32.1585,189.8392243,20.0273377
TOI-3474 b,TOI-3474,Transit,2025,Transiting Exoplanet Survey Satellite (TESS),1,1,193.8753283,14.67255574,3.8795105,0.0502,0.13,1451,1.121,1.256,6020,0.26951,420.123,233.5033482,-47.9636597
HIP 109384 b,HIP 109384,Radial Velocity,2016,Haute-Provence Observatory,1,1,495.8148,13.5,499.48,1.134,0.549,,0.78,0.831075,5180,-0.31878,58.9582,332.408972,71.313956
HD 220842 b,HD 220842,Radial Velocity,2016,Haute-Provence Observatory,2,1,1010.6994,13.1,218.47,0.74,0.404,,1.13,1.41647,5960,0.35703,64.6498,351.6534162,56.8871415
Kepler-445 d,Kepler-445,Transit,2015,Kepler,1,3,2.1,1.25,8.15275,0.0439,0,305,0.18,0.21,3157,-2.09994,127.201,298.7363395,46.4991236
Kepler-445 c,Kepler-445,Transit,2015,Kepler,1,3,6.85,2.51,4.871229,0.0301,0,341,0.18,0.21,3157,-2.09994,127.201,298.7363395,46.4991236
Kepler-432 b,Kepler-432,Transit,2015,Kepler,2,2,1719.4603,12.834305,52.501129,0.301,0.5134,812,1.32,4.06,4995,0.92561,848.023,293.2822344,48.2859173
TOI-5181 A b,TOI-5181 A,Transit,2025,Transiting Exoplanet Survey Satellite (TESS),2,1,330.5415433,13.34989601,3.8922295,0.0522,0.15,1585,1.25,1.53,6060,0.45788,480.155,280.6774738,21.6998203
HD 20329 b,HD 20329,Transit,2022,Transiting Exoplanet Survey Satellite (TESS),1,1,7.42,1.72,0.926118,0.018,0,2141,0.9,1.13,5596,0.04922,63.6796,49.178124,15.6563542
TOI-260 b,TOI-260,Transit,2024,Transiting Exoplanet Survey Satellite (TESS),1,1,4.23,1.71,13.475853,0.0943,0,493,0.616,0.607,4026,-1.05899,20.1852,4.7730178,-9.9661505
WASP-87 b,WASP-87,Transit,2016,Anglo-Australian Telescope,2,1,692.8694,15.524465,1.682795,0.02946,0,2049.54,1.204,1.627,6450,0.53683,298.392,185.3246821,-52.8408163
OGLE2-TR-L9 b,OGLE2-TR-L9,Transit,2008,OGLE,1,1,1430.175,18.046,2.4855335,0.0308,,2034,1.52,1.53,6933,0.51197,1627.63,166.9798793,-61.1462496
NN Ser c,NN Ser,Eclipse Timing Variations,2010,Multiple Observatories,2,2,2329.6,12.6,6987,5.35,0.089,,0.535,,57000,,515.818,238.2337015,12.9120871
NN Ser d,NN Ser,Eclipse Timing Variations,2010,Multiple Observatories,2,2,724.622,13.3,2880,3.39,0.24,,0.535,,57000,,515.818,238.2337015,12.9120871
Kepler-1624 b,Kepler-1624,Transit,2016,Kepler,1,1,35.3,6.59,3.290314,0.0327,0,540,0.541,0.552,3768,-1.32262,258.979,292.5798564,37.3762616
HAT-P-68 b,HAT-P-68,Transit,2020,HATNet,1,1,230.10892,12.016048,2.29840551,0.02996,0.041,1027.8,0.6785,0.6701,4508,-0.77911,202.152,118.4831501,23.9382192
TOI-2141 d,TOI-2141,Radial Velocity,2025,Roque de los Muchachos Observatory,1,3,14.9,3.97,60.45,0.2906,,491.4,0.896,0.95,5635,-0.05,77.682,258.7623456,18.3403449
TOI-2497 b,TOI-2497,Transit,2023,Transiting Exoplanet Survey Satellite (TESS),1,1,1531.932922,11.14172682,10.655669,0.1166,0.195,1595,1.859,2.36,7360,1.16732,285.289,90.0625878,11.8840577
HD 158259 c,HD 158259,Radial Velocity,2020,Haute-Provence Observatory,1,5,5.6,2.23,3.432,,,,1.08,1.21,5801.89,0.21233,27.0498,261.3495847,52.7904721
TOI-5795 b,TOI-5795,Transit,2025,Transiting Exoplanet Survey Satellite (TESS),1,1,23.66,5.62,6.1406325,0.064,0.25,1136.78,0.901,1.082,5715,0.05308,156.53,304.868782,-7.5476595
HR 858 b,HR 858,Transit,2019,Transiting Exoplanet Survey Satellite (TESS),2,3,3.55,2.004,3.585287,0.04888,0,1552,1.204,1.258,6354,0.36361,31.964,42.9849779,-30.8140609
OGLE-2008-BLG-092L b,OGLE-2008-BLG-092L,Microlensing,2014,OGLE,2,1,57,8.74,,15,,,0.71,,,,8100,267.540708,-34.6731944
OGLE-2005-BLG-071L b,OGLE-2005-BLG-071L,Microlensing,2005,OGLE,1,1,1200,13,,3.6,,55,0.46,,,,3200,267.540708,-34.6731944
Kepler-445 b,Kepler-445,Transit,2015,Kepler,1,3,3.12,1.58,2.984151,0.0217,0,401,0.18,0.21,3157,-2.09994,127.201,298.7363395,46.4991236
Kepler-446 d,Kepler-446,Transit,2015,Kepler,1,3,2.39,1.35,5.148921,0.0403,0,436,0.22,0.24,3359,-2.24766,96.339,282.2501047,44.921002
8 UMi b,8 UMi,Radial Velocity,2015,Bohyunsan Optical Astronomical Observatory,1,1,524.4168716,13.5,93.31,0.462,0.062,,1.51,10.73,4847,1.72346,162.552,224.201685,74.9009379
K2-133 c,K2-133,Transit,2017,K2,1,4,3.2,1.603,4.86784,0.04341,,,0.461,0.455,3655,-1.47886,75.1703,70.1493775,25.0098135
HIP 41378 f,HIP 41378,Transit,2016,K2,1,6,12,9.2,542.07975,,,294,1.16,1.273,6320,0.39646,106.289,126.6158279,10.0803708
OGLE-2006-BLG-109L b,OGLE-2006-BLG-109L,Microlensing,2008,OGLE,1,2,231,14,1788.5,2.3,,82,0.51,,,,1510,268.143792,-30.0877778
HAT-P-16 b,HAT-P-16,Transit,2010,HATNet,3,1,1341.56043,14.68376472,2.77596727,0.0413,0.0462,1566,1.218,1.158,6140,0.29447,226.637,9.5730343,42.4630961
HAT-P-13 b,HAT-P-13,Transit,2009,HATNet,1,2,270.462,14.258,2.91625,0.04383,0.0133,1740,1.32,1.756,5653,0.346,246.81,129.8823772,47.3519076
2MASS J02192210-3925225 b,2MASS J02192210-3925225,Imaging,2015,Cerro Tololo Inter-American Observatory,1,1,4417.837,16.14096,,156,,,0.108,0.281,3064,-2.23,40.08964117,34.8427046,-39.4230767
GJ 480 b,GJ 480,Radial Velocity,2020,Multiple Observatories,1,1,8.8,2.91,9.5536,0.068,0,406,0.45,0.449,3509,-1.562,14.2358,189.7134226,11.6950708
WASP-32 b,WASP-32,Transit,2010,SuperWASP,1,1,835.8929,10.76064,2.71866,0.0394,0,1388,0.72,0.95,6140,0.19345,275.994,3.9617073,1.2005122
TOI-4201 b,TOI-4201,Transit,2023,Transiting Exoplanet Survey Satellite (TESS),1,1,788.2144494,13.67495645,3.5819194,0.04,0.041,725,0.61,0.63,3794,-1.11919,189.011,90.4747237,-13.461371
HD 118203 c,HD 118203,Radial Velocity,2024,Multiple Observatories,1,2,3747.196919,12.4,5103,6.28,0.26,146,1.27,2.04,5742,0.6458,92.2589,203.509956,53.7281876
TOI-1386 c,TOI-1386,Radial Velocity,2024,W. M. Keck Observatory,1,2,75.2,10.3,232,0.75,0.38,327.4,1.0363,1.0235,5735,0.0103,146.858,334.5041029,54.3190454
NGTS-24 b,NGTS-24,Transit,2022,Next-Generation Transit Survey (NGTS),1,1,165.2707716,13.60770257,3.4678796,0.0479,0,1499,1.26,1.64,5820,0.44592,683.062,168.5638892,-37.9101328
WASP-66 b,WASP-66,Transit,2012,SuperWASP,1,1,746.9005,15.6926,4.08605,0.0546,0,1569.7,1.33,1.76,6600,0.63724,500.258,158.2250301,-34.9899074
Qatar-8 b,Qatar-8,Transit,2019,Qatar,1,1,117.91493,14.403565,3.71495,0.0474,0,1457,1.029,1.315,5738,0.22789,281.498,157.4123405,70.5270835
TOI-1136 e,TOI-1136,Transit,2022,Transiting Exoplanet Survey Satellite (TESS),1,6,6.07,2.639,18.801,0.14,0.0425,737,1.022,0.968,5770,-0.02687,84.5362,192.1848981,64.8552755
KELT-18 b,KELT-18,Transit,2017,KELT-North,2,1,375.0394,17.59813,2.8717518,0.0455,0,2085,1.524,1.908,6670,0.81291,321.376,216.5238248,59.4442735
TOI-431 d,TOI-431,Transit,2021,Transiting Exoplanet Survey Satellite (TESS),1,3,9.9,3.29,12.46103,0.098,0,633,0.78,0.731,4850,-0.56509,32.5686,83.2692502,-26.7238698
HAT-P-22 b,HAT-P-22,Transit,2010,HATNet,2,1,785.0401,12.89035,3.21222,0.0414,0.02,1463,1.13,1.11,5302,-0.114,81.7647,155.6814593,50.1287115
K2-287 b,K2-287,Transit,2018,K2,1,1,100.11645,9.494023,14.893291,0.1206,0.478,804,1.056,1.07,5695,-0.10829,158.335,233.0743401,-22.3583447
GJ 341 b,GJ 341,Transit,2025,Transiting Exoplanet Survey Satellite (TESS),1,1,4,0.88,7.57686,,0,629,0.48,0.5066,3770,-1.31072,10.454,140.3993759,-60.2811692
K2-138 b,K2-138,Transit,2017,K2,1,6,3.1,1.51,2.35309,0.03385,0.048,1157,0.935,0.863,5356.3,-0.28654,202.585,348.9490311,-10.8497391
K2-178 b,K2-178,Transit,2018,K2,1,1,12.4,3.55790985,8.747818,,,840.29,0.95109,0.887267,5525,-0.28382,214.753,52.8888524,22.4348186
Kepler-449 c,Kepler-449,Transit,2015,Kepler,1,2,8.07,2.764,33.6727,0.1979,0.05,661,1.02,1.467,5649.18,0.296,241.949,293.732787,41.9006366
CoRoT-1 b,CoRoT-1,Transit,2008,CoRoT,1,1,327.35,16.7,1.5089557,0.02752,0,1898,0.95,1.11,5950,0.29793,787.909,102.0798591,-3.1021394
GJ 436 b,GJ 436,Radial Velocity,2004,W. M. Keck Observatory,1,1,22.1,4.17,2.64388312,0.0291,0.13827,686,0.47,0.455,3586.11,-1.585,9.75321,175.5505363,26.7030669
HIP 94235 b,HIP 94235,Transit,2022,Transiting Exoplanet Survey Satellite (TESS),2,1,379,3,7.713057,0.0787,0.32,1060,1.094,1.08,5991,0.13759,58.5146,287.7411441,-60.2726358
TOI-6628 b,TOI-6628,Transit,2025,Transiting Exoplanet Survey Satellite (TESS),1,1,235.1930212,10.98480109,18.18424,0.134,0.67,833,0.97,1.01,5463,-0.08778,320.527,225.8370504,-35.2305793
TOI-1736 b,TOI-1736,Transit,2023,Transiting Exoplanet Survey Satellite (TESS),1,2,12.3,3.18175535,7.073076,0.073,0,1099.79,1.0373,1.4286,5636,0.27068,88.9482,43.4344615,69.101345
TOI-5174 b,TOI-5174,Transit,2022,Transiting Exoplanet Survey Satellite (TESS),1,1,24.8,5.351,12.214286,,,808.37,1,1.09457,5643.77,0.03946,197.243,174.1094967,-2.0233506
Kepler-318 c,Kepler-318,Transit,2014,Kepler,1,2,13.1,3.68,11.815007,0.105,0,762,1.073,1.189,5746,0.00394,489.141,298.4828337,46.7936357
TOI-3235 b,TOI-3235,Transit,2023,Transiting Exoplanet Survey Satellite (TESS),1,1,211.3558907,11.39953337,2.59261842,0.02709,0.029,604,0.3939,0.3697,3388.8,-1.78968,72.811,207.4738488,-46.0665139
Kepler-431 d,Kepler-431,Transit,2015,Kepler,1,3,1.41,1.11,11.922,0.1045,0,856,1.071,1.092,6004,0.49839,486.546,281.1123072,43.2277663
Kepler-431 c,Kepler-431,Transit,2015,Kepler,1,3,0.229,0.668,8.703,0.0847,0,951,1.071,1.092,6004,0.49839,486.546,281.1123072,43.2277663
HATS-57 b,HATS-57,Transit,2019,HATSouth,1,1,1000.21101,12.767051,2.350621,0.03493,0.028,1413.4,1.026,0.96,5587,-0.0942,279.485,60.9482779,-19.0568182
WASP-34 b,WASP-34,Transit,2010,SuperWASP,1,1,177.9848,11.209,4.31768,0.0524,0.04,1250,0.96,0.91,5700,0.0393,132.096,165.3993679,-23.8609457
WASP-3 b,WASP-3,Transit,2007,SuperWASP,3,1,772.3269,15.91678,1.84683,0.0315,0,2020,1.62,1.44,6400,0.43416,231.161,278.6317411,35.6614312
Kepler-449 b,Kepler-449,Transit,2015,Kepler,1,2,4.88,2.056,12.58242,0.1027,0.03,917,1.02,1.467,5649.18,0.296,241.949,293.732787,41.9006366
HD 1461 b,HD 1461,Radial Velocity,2010,W. M. Keck Observatory,1,2,6.44,2.42,5.77152,0.0634,0.172,,1.02,1.152288,5765,0.0954,23.4534,4.6762645,-8.0536206
HD 1461 c,HD 1461,Radial Velocity,2015,La Silla Observatory,1,2,5.59,2.23,13.5052,0.1117,0.305,,1.02,1.152288,5765,0.0954,23.4534,4.6762645,-8.0536206
GJ 3341 b,GJ 3341,Radial Velocity,2015,La Silla Observatory,1,1,6.6,2.46,14.207,0.089,0.31,,0.47,0.439,3526,-1.538,23.619,78.9471415,-31.2948458
Kepler-430 c,Kepler-430,Transit,2015,Kepler,1,2,3.71,1.75,110.979,0.4757,0,458,1.166,1.485,5884,0.31207,917.477,292.8085984,49.5794242
Kepler-444 b,Kepler-444,Transit,2015,Kepler,3,5,0.0374,0.403,3.6001053,0.04178,0.16,938,0.758,0.752,5046,-0.42455,36.4396,289.7528323,41.631884
Kepler-444 c,Kepler-444,Transit,2015,Kepler,3,5,0.0793,0.497,4.5458841,0.04881,0.31,868,0.758,0.752,5046,-0.42455,36.4396,289.7528323,41.631884
TOI-4010 d,TOI-4010,Transit,2023,Transiting Exoplanet Survey Satellite (TESS),1,4,38.15,6.18,14.70886,0.113,0.07,650,0.88,0.83,4960,-0.3996,177.504,20.2148196,66.0722009
K2-275 c,K2-275,Transit,2018,K2,1,2,5.52,2.21,8.4388385,0.0881,,653,0.77,0.69,4841,-0.59332,123.438,132.1698795,20.4550162
WASP-193 b,WASP-193,Transit,2023,WASP-South,2,1,35.59678158,14.78464554,6.2463475,0.0668,0.081,1250,1.018,1.213,6080,0.26007,362.087,164.3491401,-29.9971229
HD 135694 b,HD 135694,Transit,2023,Transiting Exoplanet Survey Satellite (TESS),1,1,6.1,2.857,15.92347557,0.124695,0,750.83,1.02,1.08,5712,0.03941,73.8713,227.8678636,71.8412965
MOA-2011-BLG-262L b,MOA-2011-BLG-262L,Microlensing,2014,MOA,1,1,17,4.29,,0.95,,,0.11,,,,7200,270.097833,-31.2452583
HD 40307 d,HD 40307,Radial Velocity,2009,La Silla Observatory,1,5,1775.389482,,20.432,0.1321,0.07,541,0.77,0.716684,4956,-0.639,12.9363,88.5172191,-60.0237289
HD 87883 b,HD 87883,Radial Velocity,2009,Lick Observatory,1,1,2005.497248,12.7,3006,3.77,0.72,,0.8,0.798557,4980,-0.47108,18.2912,152.1794175,34.2419984
TOI-815 c,TOI-815,Transit,2024,Transiting Exoplanet Survey Satellite (TESS),2,2,23.5,2.62,34.976145,0.193,0.22,469,0.776,0.77,4869,-0.50459,59.7117,155.8719377,-43.8349248
Kepler-25 d,Kepler-25,Radial Velocity,2014,W. M. Keck Observatory,2,3,71.9,10,122.4,0.416422183,0.13,,1.165,1.316,6354,0.4216,243.249,286.6383905,39.4879038
TOI-3331 A b,TOI-3331 A,Transit,2022,Transiting Exoplanet Survey Satellite (TESS),2,1,721.4704839,12.97999965,2.0180231,0.03144,0,1488,1.016,0.952,5609,-0.09313,217.193,271.3241672,-34.107171
TOI-1438 b,TOI-1438,Transit,2025,Transiting Exoplanet Survey Satellite (TESS),1,2,9.4,3.04,5.13967,0.0553,0,971,0.876,0.82,5230,-0.34679,110.513,280.9237844,74.9378327
K2-132 b,K2-132,Transit,2017,K2,1,1,155.7367,14.5717,9.1751,0.0916,0.29,1586,1.08,3.85,4840,0.94349,609.818,182.1662666,-8.7472172
HD 40307 f,HD 40307,Radial Velocity,2013,La Silla Observatory,1,5,5.2,2.13,51.76,0.247,0.02,398,0.77,0.716684,4956,-0.639,12.9363,88.5172191,-60.0237289
Kepler-444 e,Kepler-444,Transit,2015,Kepler,3,5,0.1,0.546,7.743493,0.0696,0.1,727,0.758,0.752,5046,-0.42455,36.4396,289.7528323,41.631884
Kepler-444 d,Kepler-444,Transit,2015,Kepler,3,5,0.2,0.53,6.189392,0.06,0.18,783,0.758,0.752,5046,-0.42455,36.4396,289.7528323,41.631884
Kepler-444 f,Kepler-444,Transit,2015,Kepler,3,5,0.332,0.741,9.740486,0.0811,0.29,673,0.758,0.752,5046,-0.42455,36.4396,289.7528323,41.631884
HIP 107773 b,HIP 107773,Radial Velocity,2015,Multiple Observatories,1,1,629.3034,13.4,144.3,0.72,0.09,,2.42,11.6,4945,1.87,105.18,327.5005089,-64.7126993
K2-174 b,K2-174,Transit,2018,K2,1,1,7.27,2.6,19.562307,0.126,,455,0.7,0.676,4455,-0.77269,99.9293,60.7929729,16.347166
TOI-615 b,TOI-615,Transit,2023,Transiting Exoplanet Survey Satellite (TESS),1,1,138.2553571,18.97680433,4.6615983,0.0678,0.39,1666,1.449,1.732,6850,0.7679,360.408,133.4086892,-40.543701
HIP 41378 b,HIP 41378,Transit,2016,K2,1,6,6.89,2.595,15.57208,,,959,1.16,1.273,6320,0.39646,106.289,126.6158279,10.0803708
OGLE-2005-BLG-169L b,OGLE-2005-BLG-169L,Microlensing,2006,OGLE,1,1,14.1,3.84,,3.5,,,0.69,,,,4100,271.522167,-30.7326389
K2-133 d,K2-133,Transit,2017,K2,1,4,4.67,2.003,11.02454,0.07487,,734,0.461,0.455,3655,-1.47886,75.1703,70.1493775,25.0098135
K2-165 b,K2-165,Transit,2018,K2,1,3,2.17,1.27443657,2.354992,,,,0.834847,0.803827,5185,-0.36982,134.591,184.9004881,0.968327
TOI-1694 c,TOI-1694,Radial Velocity,2023,W. M. Keck Observatory,1,2,297,13.8,393.1,0.1,0,,0.853,0.8036,5058,-0.41794,124.68,97.7487104,66.3605956
TOI-2443 b,TOI-2443,Transit,2023,Transiting Exoplanet Survey Satellite (TESS),1,1,4.8,2.363,15.66858,0.105,0.301,519,0.642,0.631,4375,-0.86487,23.9258,40.1798608,1.1996757
K2-87 b,K2-87,Transit,2016,K2,1,1,44.9,7.6,9.726618,0.094,,979,1.164,1.401,5747,-0.09769,491.242,66.2363638,18.8273617
TOI-3261 b,TOI-3261,Transit,2024,Transiting Exoplanet Survey Satellite (TESS),1,1,30.3,3.82,0.8831331,0.01714,0,1722,0.861,0.849,5068,-0.36653,300.141,47.7285242,-73.531972
HD 145675 c,14 Her,Radial Velocity,2021,Multiple Observatories,1,2,2510.844415,12.6,15732.45889,20,0.52,,0.97,0.93,5338,-0.15273,17.9323,242.6021014,43.8163621
WASP-60 b,WASP-60,Transit,2012,SuperWASP,1,1,174.8065,9.86392,4.305,0.05548,0,1479,1.19,1.17,5900,0.34748,431.052,356.6667136,31.1559115
Kepler-37 d,Kepler-37,Transit,2013,Kepler,1,4,2,2.03,39.7922622,0.2109,0.1,499,0.79,0.789,5357,-0.32187,63.9207,284.0592503,44.5183733
TOI-776 b,TOI-776,Transit,2020,Transiting Exoplanet Survey Satellite (TESS),1,2,5,1.798,8.24662,0.0653,0.052,520,0.542,0.547,3725,-1.3098,27.1701,178.577997,-37.5533568
TOI-512 b,TOI-512,Transit,2025,Transiting Exoplanet Survey Satellite (TESS),1,1,3.57,1.54,7.18886,,0.02,1009,0.74,0.89,5277,-0.25696,67.3975,96.6467023,-38.6072095
TOI-833 b,TOI-833,Transit,2022,Transiting Exoplanet Survey Satellite (TESS),1,1,2.15,1.27,1.0418777,0.0171,,1118,0.61,0.6,3920,-1.11104,41.7148,145.645472,-62.4758857
KELT-24 b,KELT-24,Transit,2019,KELT-North,2,1,1458.832388,12.71098411,5.55149296,0.0665,0.0319,1391,1.268,1.338,6426,0.43933,96.5173,161.9090273,71.655727
TOI-858 B b,TOI-858 B,Transit,2023,Transiting Exoplanet Survey Satellite (TESS),2,1,349.6112477,14.06727078,3.2797178,0.04435,0.15,1529,1.081,1.308,5842,0.25285,250.489,60.1998256,-54.5929177
WASP-13 b,WASP-13,Transit,2009,SuperWASP,1,1,114.4188,13.67498,4.35301,0.05362,0,1531,0.72,1.37,5950,0.43636,227.537,140.1029654,33.8823291
WASP-10 b,WASP-10,Transit,2008,SuperWASP,1,1,1001.12,12.106,3.0927616,0.03781,0.0473,1370,0.75,0.698,4675,-0.64029,140.998,348.9930457,31.4627508
HAT-P-32 b,HAT-P-32,Transit,2011,HATNet,2,1,216.1244,22.19382,2.1500082,0.03397,0.159,1835.7,1.132,1.367,6001,0.33806,289.205,31.0427614,46.6878512
Kepler-1704 b,Kepler-1704,Transit,2013,Kepler,1,1,1322.166173,11.94877343,988.88112,2.027,0.92,253.8,1.132,1.697,5746,0.45179,835.455,291.2012559,51.1442437
Kepler-1693 b,Kepler-1693,Transit,2020,Kepler,1,2,2.21,1.28938413,12.0999,0.1011,0,807,0.95,0.878295,5432.34,-0.21808,760.065,290.2015581,48.1857799
HD 199509 b,HD 199509,Radial Velocity,2022,Multiple Observatories,1,1,43.22466335,7.43,99.62167,0.426,0.373,,1.04,0.92,5796.02,-0.08419,24.3056,317.3445632,-82.0274926
Kepler-104 b,Kepler-104,Transit,2014,Kepler,2,3,19.6,3.1,11.427548,0.094,0,852,0.818,1.349,5711,0.08926,400.785,287.6046621,42.1665104
Kepler-945 b,Kepler-945,Transit,2016,Kepler,1,1,7.41,2.63,31.0033814,0.2037,0,616,0.97,0.97,5718,0.02447,1651.25,291.2697354,42.0960305
TOI-2416 b,TOI-2416,Transit,2023,Transiting Exoplanet Survey Satellite (TESS),1,1,953.485221,9.86390302,8.275479,0.0831,0.32,1080,1.118,1.236,5808,0.197,557.733,57.3389409,-60.7871861
HD 110113 c,HD 110113,Radial Velocity,2021,La Silla Observatory,1,2,10.5,2.11384817,6.744,0.068,0.045,990,0.997,0.968,5732,-0.03235,106.307,190.0365636,-44.3120777
TOI-2295 c,TOI-2295,Radial Velocity,2024,Haute-Provence Observatory,1,2,1783.017363,12.8,966.5,2.018,0.194,234.9,1.168,1.459,5730,0.31387,126.279,281.5761962,50.4924657
TOI-1450 A c,TOI-1450 A,Transit,2024,Gemini Observatory,2,2,1.527,1.13,5.0688,,,533,0.48,0.483,3437,-1.56499,22.4467,286.8540627,59.0866254
Kepler-20 e,Kepler-20,Transit,2011,Kepler,2,6,0.76,0.821,6.0984882,0.0637,0.092,1004,0.929,0.9164,5495,-0.16451,282.563,287.6979913,42.3385782
TOI-1136 f,TOI-1136,Transit,2022,Transiting Exoplanet Survey Satellite (TESS),1,6,9.7,3.73591482,26.321,0.174,0.001,658,1.022,0.968,5770,-0.02687,84.5362,192.1848981,64.8552755
HATS-32 b,HATS-32,Transit,2016,HATSouth,1,1,292.4036,14.000041,2.8126548,0.04024,0.471,1437,1.099,1.097,5700,0.0569,745.116,346.0750861,-21.2720168
HAT-P-46 b,HAT-P-46,Transit,2014,HATNet,1,1,156.684,14.392,4.463129,0.0577,0.123,1458,1.284,1.396,6120,0.391,290.736,270.4441831,-2.97098
Kepler-1130 b,Kepler-1130,Transit,2016,Kepler,2,3,0.437,0.8,5.45298175,0.05963,0,904,0.9,0.81,5403,-0.25964,249.343,285.207421,45.384333
HIP 56640 b,HIP 56640,Radial Velocity,2021,Multiple Observatories,1,1,2151.698315,12.7,2675.57603,4.55,0.118,,1.75,4.93,4769,1.05,122.324,174.2008941,-37.0391349
Kepler-1878 b,Kepler-1878,Transit,2021,Kepler,1,1,8.86,2.92019781,4.445879936,0.0521,0,1063,0.956,0.865,5918,0.18689,1494.3,300.7324154,44.1070231
HD 21411 b,HD 21411,Radial Velocity,2019,Las Campanas Observatory,1,1,65.9,9.52,84.288,0.362,0.4,,0.89,0.825605,5605,-0.26595,29.1328,51.5474155,-30.6168403
Kepler-239 c,Kepler-239,Transit,2014,Kepler,1,2,6.85,2.51,56.228098,0.268,0,366,0.757,0.763,4914,-0.47489,648.109,294.2020505,40.6633313
WASP-197 b,WASP-197,Transit,2025,SuperWASP,1,1,403.3242485,14.44837612,5.167228,0.065,0,1665,1.36,2.112,6050,0.77067,483.675,160.6307133,28.1986255
BEBOP-4 AB b,BEBOP-4 A,Radial Velocity,2025,Haute-Provence Observatory,2,1,8358.887104,,1823.5,3.634,0.428,,1.507,2.75645,5701.43,0.85933,234.294,192.5772651,26.1595358
WASP-132 c,WASP-132,Transit,2022,Transiting Exoplanet Survey Satellite (TESS),1,3,6.26,1.841,1.01153624,0.01833,0,1329,0.789,0.758,4686,-0.57512,122.91,217.6091998,-46.159516
WASP-192 b,WASP-192,Transit,2019,WASP-South,1,1,731.009,13.78707,2.8786765,0.0408,0,1620,1.09,1.32,5910,0.28203,508.885,223.6587187,-38.7445469
K2-394 b,K2-394,Transit,2022,K2,1,1,3.51,1.692,5.095717,,,643,0.478,0.631,4938,-0.85841,98.0152,71.110002,16.5185817
HAT-P-5 b,HAT-P-5,Transit,2007,HATNet,1,1,311.4734,13.56289,2.78849,0.04073,0,1517,1.04,1.12,5960,0.187,303.336,274.4055335,36.6214617
HAT-P-8 b,HAT-P-8,Transit,2008,HATNet,3,1,406.8224,15.6926,3.07634,0.04496,0,1713,1.27,1.57,6200,0.519,211.553,343.0414932,35.4471778
TOI-5800 b,TOI-5800,Transit,2025,Transiting Exoplanet Survey Satellite (TESS),1,1,9.5,2.46,2.6278838,0.0344,0.3,1108,0.778,0.773,4850,-0.51004,42.9052,305.0655462,-7.4119237
Kepler-1849 b,Kepler-1849,Transit,2021,Kepler,1,1,6.29,2.38685349,57.29290009,0.2597,0,355,0.709,0.729,4806,-0.66231,631.884,285.29193,41.2557275
HD 181433 b,HD 181433,Radial Velocity,2008,La Silla Observatory,1,3,1708.645516,,9.3745,0.0828,0.396,,0.86,0.79,4918,-0.45618,26.8762,291.2873731,-66.4677838
DMPP-1 e,DMPP-1,Radial Velocity,2019,La Silla Observatory,1,4,4.13,1.86,5.516,0.0651,0.07,1314,1.21,1.26,6196,0.31955,62.5388,86.7761233,-10.6303217
HD 28471 b,HD 28471,Radial Velocity,2025,La Silla Observatory,1,3,3.72,1.75,3.1649,0.042,0.195,1377,0.98,1.08,5766,0.06167,43.6455,66.2875166,-64.0786861
DMPP-6 b,DMPP-6,Radial Velocity,2026,Multiple Observatories,1,2,5.8,2.28,7.6027,0.0779,0.34,,1.079,1.27,6182.09,0.31544,54.6303,120.3857827,-70.0234291
Kepler-315 c,Kepler-315,Transit,2014,Kepler,1,2,16.1,4.15,265.469335,0.791,0,291,0.831,1.037,5796,0.00383,1160.63,298.0230967,43.3634761
Qatar-10 b,Qatar-10,Transit,2019,Qatar,1,1,233.92288,17.295487,1.645321,0.0286,0,1955,1.156,1.254,6124,0.29951,559.068,284.4439052,69.5708373
Gliese 12 b,Gliese 12,Transit,2024,Transiting Exoplanet Survey Satellite (TESS),1,1,0.95,0.93,12.761418,0.067,0.24,314.6,0.255,0.265,3328,-2.13787,12.21,3.9579137,13.5576175
HD 209458 b,HD 209458,Radial Velocity,1999,W. M. Keck Observatory,1,1,232.0159,15.58051,3.52474859,0.04707,0,1459,1.23,1.19,6091,0.23086,48.3016,330.7950219,18.8842419
Qatar-2 b,Qatar-2,Transit,2011,Qatar,1,1,792.635,14.056,1.33711647,0.02153,0,1344,0.743,0.776,4645,-0.6832,181.374,207.6554928,-6.8040714
TOI-2015 c,TOI-2015,Transit Timing Variations,2025,Multiple Observatories,1,2,8.91,2.93,5.582796,0.041232,0.00033,448,0.3041,0.3273,3297,-1.49214,47.3444,232.1326528,27.361073
Kepler-417 c,Kepler-417,Transit Timing Variations,2014,Kepler,1,2,7.7,2.69,15.943,0.1194,0,616,0.9,0.806,5177,-0.41061,973.989,293.8241813,42.779648
KMT-2017-BLG-1146L b,KMT-2017-BLG-1146L,Microlensing,2019,KMTNet,1,1,230,14,,1.6,,,0.33,,,,6500,269.105833,-33.1424694
Kepler-1213 b,Kepler-1213,Transit,2016,Kepler,1,1,1.81,1.19,5.34982412,0.06026,0,1156,1.14,1.21,6050,0.39455,807.812,289.4858423,50.9441967
Kepler-1020 b,Kepler-1020,Transit,2016,Kepler,1,1,5.82,2.28,96.9151496,0.37594,0,325,0.87,0.8,5227,-0.43597,415.358,292.672471,46.3772776
Kepler-682 b,Kepler-682,Transit,2016,Kepler,1,1,42.6,7.37,12.61190667,0.1058,0,753,0.92,0.89,5559,0.47994,1979.25,289.1122204,51.7373589
K2-194 b,K2-194,Transit,2018,K2,1,1,12.9,3.64229858,39.721386,,,,1.110086,1.281115,5979,0.36302,629.51,204.6089755,-8.9271609
BD+05 4868 A b,BD+05 4868 A,Transit,2025,Transiting Exoplanet Survey Satellite (TESS),2,1,6.2,,1.271869,0.0208,,1820,0.7,0.69,4596,-0.7167,43.5687,326.8614036,6.6053185
Kepler-579 b,Kepler-579,Transit,2016,Kepler,1,1,4.66,2,9.66857723,0.0854,0,730,0.99,0.96,5636,-0.31094,530.765,295.0020771,39.9528613
HD 216770 b,HD 216770,Radial Velocity,2003,La Silla Observatory,1,1,181.1631,14.1,118.45,0.46,0.37,,0.74,0.93,5399,-0.1,36.6625,343.9748751,-26.6595286
Kepler-1074 b,Kepler-1074,Transit,2016,Kepler,1,1,2.1,1.25,5.94566534,0.0536,0,568,0.6,0.57,4002,-1.12071,250.817,284.4766869,46.2526781
WASP-133 b,WASP-133,Transit,2016,SuperWASP-South,1,1,368.6828,13.56289,2.176423,0.0345,0.17,1790,1.16,1.44,5700,0.30545,559.084,314.5754375,-35.7966224
TOI-2194 b,TOI-2194,Transit,2023,Transiting Exoplanet Survey Satellite (TESS),1,1,4.61,1.9892,15.337597,,,590.88,0.74,0.6909,4756,-0.68955,19.5711,299.1563393,-31.3351812
TOI-1224 b,TOI-1224,Transit,2024,Transiting Exoplanet Survey Satellite (TESS),1,2,5.08,2.104,4.1782745,0.0355,,541,0.4,0.404,3326,-1.6968,37.3312,37.1978356,-80.8991053
TOI-564 b,TOI-564,Transit,2020,Transiting Exoplanet Survey Satellite (TESS),1,1,464.98529,11.43318,1.651144,0.02734,0.072,1714,0.998,1.088,5640,0.03262,199.581,130.2951535,-16.0363275
Kepler-1656 c,Kepler-1656,Radial Velocity,2022,W. M. Keck Observatory,1,2,126.4,14,1919,3.053,0.527,,1.03,1.1,5569,0.02083,185.875,284.4722473,39.911889
TOI-1410 c,TOI-1410,Radial Velocity,2024,W. M. Keck Observatory,1,2,27,5.63,47.56,0.239,0,,0.7941,0.7558,4635,-0.6216,72.7512,334.8828486,42.5603141
HATS-55 b,HATS-55,Transit,2019,HATSouth,1,1,292.72143,14.022459,4.2042001,0.05412,0.092,1367,1.1955,1.126,6214,0.22891,609.838,114.2833819,-32.7554188
WASP-183 b,WASP-183,Transit,2019,SuperWASP,1,1,159.55066,16.47723,4.1117771,0.04632,,1111,0.784,0.871,5313,-0.20873,325.377,163.7888521,-0.7370663
HD 45184 b,HD 45184,Radial Velocity,2019,La Silla Observatory,1,2,12.19,3.52,5.8854,0.0644,0.07,,1.03,1.075139,5869,0.05308,21.9532,96.1820205,-28.7806402
Kepler-700 b,Kepler-700,Transit,2016,Kepler,1,1,30,5.99,80.8720639,0.3577,0,452,0.98,0.96,5692,0.22961,1491.76,287.154224,41.5657775
WASP-170 b,WASP-170,Transit,2018,SuperWASP-South,1,1,508.528,12.285064,2.34478022,0.0337,,1422,0.93,0.938,5600,-0.11351,305.603,135.4163028,-20.7203686
TOI-1693 b,TOI-1693,Transit,2022,Transiting Exoplanet Survey Satellite (TESS),1,1,2.57,1.41,1.7666957,0.0226,,764,0.49,0.46,3499,-1.55409,30.7947,90.3083455,34.7730904
OGLE-2018-BLG-0298L b,OGLE-2018-BLG-0298L,Microlensing,2022,OGLE,1,1,44.49597698,7.56,,2.86,,,0.69,,,,6540,264.2845,-29.7091111
OGLE-2013-BLG-0102L b,OGLE-2013-BLG-0102L,Microlensing,2014,OGLE,1,1,4100,12.3,,0.8,,,0.096,,,,3040,268.0295,-31.6905833
Kepler-948 b,Kepler-948,Transit,2016,Kepler,1,1,4.08,1.85,7.76846622,0.0749,0,841,0.96,0.94,5679,-0.10938,868.017,293.3002774,41.5233244
TOI-1472 b,TOI-1472,Transit,2024,Transiting Exoplanet Survey Satellite (TESS),1,2,18.05,4.058,6.36338574,0.064,0.041,891,0.87,0.84,5100,-0.35556,121.84,14.1142611,48.6375168
TOI-5786 b,TOI-5786,Transit,2025,Transiting Exoplanet Survey Satellite (TESS),2,1,73,8.54,12.779107,0.114,,1040,1.23,1.36,6235,0.39733,192.475,293.3223259,30.7042468
TIC 231949697 b,TIC 231949697,Transit,2025,Transiting Exoplanet Survey Satellite (TESS),1,1,2.95,1.52831855,0.907204487,,,982.91,0.490679,0.492584,3451.32,-1.38707,50.2408,94.2576817,-43.3661845
TIC 270471727 b,TIC 270471727,Transit,2026,Transiting Exoplanet Survey Satellite (TESS),1,1,8,2.75029559,10.45623257,,,1147.1,0.9,0.997091,5271.39,-0.17008,182.104,97.2114071,-78.4730589
TOI-5153 b,TOI-5153,Transit,2022,Transiting Exoplanet Survey Satellite (TESS),1,1,1036.120607,11.88151954,20.33003,0.158,0.091,906,1.24,1.4,6300,0.46423,390.484,91.5403204,-19.9534443
LP 714-47 b,LP 714-47,Transit,2020,Transiting Exoplanet Survey Satellite (TESS),1,1,30.8,4.7,4.052037,0.0417,0.04,700,0.59,0.584,3950,-1.12494,52.616,64.1902212,-12.0848643
TOI-4588 b,TOI-4588,Transit,2026,Kepler,1,1,8.9,2.92922558,13.11881174,0.1376,0,1768,2.018,1.57458,7746.12,0.9174,225.181,282.0004201,48.542256
TOI-205 b,TOI-205,Transit,2026,Transiting Exoplanet Survey Satellite (TESS),1,1,6.81,2.50121142,4.253007738,,,1799.55,1.2,1.45382,6302.74,0.45558,177.759,7.9754636,-56.9650808
TOI-209 b,TOI-209,Transit,2026,Transiting Exoplanet Survey Satellite (TESS),1,1,6.32,2.3947209,4.379435874,,,845.78,0.81,0.742779,4806.66,-0.53714,113.387,19.3941777,-66.903066
TOI-697 b,TOI-697,Transit,2026,Transiting Exoplanet Survey Satellite (TESS),1,1,6.16,2.35859364,8.607887136,,,839.8,0.97,0.968149,5681.95,-0.10598,93.7714,69.7042208,-36.6813257
TOI-799 b,TOI-799,Transit,2026,Transiting Exoplanet Survey Satellite (TESS),1,1,4.92,2.06631784,5.545191397,,,958.69,1,0.915519,5662.81,-0.12179,158.526,98.4691249,-52.4602958
TOI-808 b,TOI-808,Transit,2026,Transiting Exoplanet Survey Satellite (TESS),1,1,5.49,2.20344362,9.73944854,,,710.98,0.87,0.833198,5078.2,-0.35523,98.1848,133.7485497,-44.2886304
TOI-883 b,TOI-883,Transit,2026,Transiting Exoplanet Survey Satellite (TESS),1,1,40.7,7.17166228,10.05771849,,,861,1.003,1.01477,5713.15,-0.02407,102.637,103.3690609,-6.5078349
TOI-921 b,TOI-921,Transit,2026,Transiting Exoplanet Survey Satellite (TESS),1,1,12.2,3.53409617,5.128719076,,,951,1.13,1.14165,6011.66,0.19836,294.015,99.6742038,-56.2205396
TOI-929 b,TOI-929,Transit,2026,Transiting Exoplanet Survey Satellite (TESS),1,1,7.7,2.68983343,5.830153669,,,774,0.7,0.717414,4457.16,-0.73994,114.421,45.9071657,-39.9307758
TOI-938 b,TOI-938,Transit,2026,Transiting Exoplanet Survey Satellite (TESS),1,1,20.8,4.82401567,8.807338822,,,1073,1.1,0.985134,5829.42,0.04878,215.034,63.0323442,-12.1188357
TOI-941 b,TOI-941,Transit,2026,Transiting Exoplanet Survey Satellite (TESS),1,1,34.6,6.51165317,8.514608888,,,1000,1.078,1.1849,5745.88,0.19135,263.386,78.3005249,6.5459146
TOI-1036 b,TOI-1036,Transit,2026,Transiting Exoplanet Survey Satellite (TESS),1,1,32.5,6.28499593,3.779521255,,,1294,1.03,1.17554,5664.68,0.14017,184.015,157.8671116,-42.2404483
TOI-1105 b,TOI-1105,Transit,2026,Transiting Exoplanet Survey Satellite (TESS),1,1,9.58,3.05823658,10.86818411,,,594,0.74,0.755833,4678.46,-0.61342,79.5225,146.0539694,-89.4715133
TOI-1226 b,TOI-1226,Transit,2026,Transiting Exoplanet Survey Satellite (TESS),1,1,6.39,2.4101112,3.928808816,,,1123.44,1.01,0.986943,5434.91,-0.04296,257.93,103.7548364,-69.8671293
TOI-1269 b,TOI-1269,Transit,2024,Transiting Exoplanet Survey Satellite (TESS),1,2,6.4,2.40144286,4.2529913,0.0496,0,1004.9,0.9027,0.8521,5499,-0.21968,172.138,249.6966397,64.559181
TOI-1269 c,TOI-1269,Transit,2026,Transiting Exoplanet Survey Satellite (TESS),1,2,5.6,2.22999162,9.237861442,,,757,0.9027,0.848906,5554.02,-0.21968,172.138,249.6966397,64.559181
TOI-1291 b,TOI-1291,Transit,2026,Transiting Exoplanet Survey Satellite (TESS),1,1,27.1,5.63826391,7.162009755,,,1649,1.2,1.8109,6139.95,0.64816,428.123,245.8180089,62.9251213
TOI-1466 b,TOI-1466,Transit,2026,Transiting Exoplanet Survey Satellite (TESS),1,1,6.65,2.46741991,1.871906022,,,1001,0.66,0.749646,4435.39,-0.80218,86.5783,307.3965319,61.5507253
TOI-1718 b,TOI-1718,Transit,2026,Transiting Exoplanet Survey Satellite (TESS),1,1,15.8,4.10824994,5.587037686,,,948,0.93,0.939285,5304.91,-0.17723,52.3044,112.0180254,30.3217322
TOI-1722 b,TOI-1722,Transit,2026,Transiting Exoplanet Survey Satellite (TESS),1,1,17.6,4.38298108,9.605232069,,,952,1.162,1.09414,5999.55,0.18466,136.419,114.3452126,61.1539249
TOI-1732 b,TOI-1732,Transit,2026,Transiting Exoplanet Survey Satellite (TESS),1,1,6.78,2.49549787,4.119236783,,,657.79,0.613891,0.632571,4201.93,-1.08955,74.7599,111.8014509,53.0452684
TOI-1750 b,TOI-1750,Transit,2026,Transiting Exoplanet Survey Satellite (TESS),1,1,8.19,2.78943837,11.3372713,,,612.92,0.767,0.768675,4683.75,-0.56157,162.46,240.3019781,68.9373001
TOI-1756 b,TOI-1756,Transit,2026,Transiting Exoplanet Survey Satellite (TESS),1,1,4.43,1.94225664,2.783017363,,,696.39,0.556454,0.562607,3891.86,-1.24599,86.7159,306.3287741,77.6364119
TOI-1814 b,TOI-1814,Transit,2026,Transiting Exoplanet Survey Satellite (TESS),1,1,23.5,5.18536642,6.368610105,,,977.83,,2.3895,4872.84,0.463,362.522,236.8168817,77.2326429
TOI-1839 b,TOI-1839,Transit,2026,Transiting Exoplanet Survey Satellite (TESS),1,2,5.56,2.21895097,1.423784409,,,1405.35,0.934,0.848099,5315.91,-0.26441,116.086,196.8331106,5.8520458
TOI-1873 b,TOI-1873,Transit,2026,Transiting Exoplanet Survey Satellite (TESS),1,1,8.57,2.86356397,7.005727088,,,923.5,1.015,0.971675,5597.99,-0.04707,182.014,212.5684755,84.3718582
TOI-2071 b,TOI-2071,Transit,2026,Transiting Exoplanet Survey Satellite (TESS),1,1,7.1,2.56484195,5.67395387,,,1029.33,1.063,1.00286,5755.41,0.03271,231.311,256.6011813,57.6610327
TOI-2092 b,TOI-2092,Transit,2026,Transiting Exoplanet Survey Satellite (TESS),1,1,9,2.94892961,4.303255281,,,1042,0.956,1.0519,5842.06,-0.04981,176.759,212.5474866,45.5638685
TOI-2104 b,TOI-2104,Transit,2026,Transiting Exoplanet Survey Satellite (TESS),1,1,2.95,1.52898127,5.904370457,,,846,0.8,0.723757,4856.13,-0.56286,76.7418,151.6122146,83.0878397
TOI-2200 b,TOI-2200,Transit,2026,Transiting Exoplanet Survey Satellite (TESS),1,1,38.7,6.96310517,2.936028365,,,1147,0.85,0.826247,5036.17,-0.39105,251.245,98.7835071,-72.4567778
TOI-2227 b,TOI-2227,Transit,2026,Transiting Exoplanet Survey Satellite (TESS),1,1,9.79,3.09885187,4.221758156,,,1164,1.03,1.20847,5889.54,0.1619,165.441,337.5177563,-67.8501459
TOI-2453 b,TOI-2453,Transit,2026,Transiting Exoplanet Survey Satellite (TESS),1,1,10.6,3.24380341,4.441434632,,,550.78,0.500519,0.502498,3720.23,-1.41349,81.9043,74.8374845,12.9363528
TOI-2518 b,TOI-2518,Transit,2026,Transiting Exoplanet Survey Satellite (TESS),1,1,5.77,2.26838675,6.897974252,,,1095,1.11,0.993374,5751.2,0.06615,160.825,105.4448495,-34.9196867
TOI-2654 b,TOI-2654,Transit,2026,Transiting Exoplanet Survey Satellite (TESS),1,1,48.4,7.94454164,2.967604259,,,819,0.69,0.756095,4594.08,-0.71592,248.964,52.9815377,-47.9946912
TOI-3896 b,TOI-3896,Transit,2026,Transiting Exoplanet Survey Satellite (TESS),1,1,10.1,3.14949237,4.377303697,,,966,0.86,0.747752,5110.91,-0.45834,181.653,187.9302395,63.9085462
TOI-4029 b,TOI-4029,Transit,2026,Transiting Exoplanet Survey Satellite (TESS),1,1,36.6,6.73756618,5.884982346,,,1142,1.018,1.17834,5662.53,0.12452,274.436,239.2337189,16.9802854
TOI-4030 b,TOI-4030,Transit,2026,Transiting Exoplanet Survey Satellite (TESS),1,1,28.8,5.8462559,2.509001995,,,1384,0.98,0.991737,5640.37,-0.06784,571.615,277.6228367,56.7704522
TOI-4156 b,TOI-4156,Transit,2026,Transiting Exoplanet Survey Satellite (TESS),1,2,6.98,2.53823825,4.461890341,,,1289,1.1,1.03963,5971.64,0.097,213.719,230.7808336,76.3318816
TOI-4363 b,TOI-4363,Transit,2026,Transiting Exoplanet Survey Satellite (TESS),1,1,3.77,1.76689273,2.118675923,,,884.71,0.62,0.69132,4278.45,-0.95684,77.7751,37.1105554,-12.5493631
TOI-4405 b,TOI-4405,Transit,2026,Transiting Exoplanet Survey Satellite (TESS),1,1,7.06,2.55505441,5.921439953,,,671.87,0.68,0.687025,4467.38,-0.81302,155.501,101.5953368,-75.4441271
TOI-4511 b,TOI-4511,Transit,2026,Transiting Exoplanet Survey Satellite (TESS),1,1,8.01,2.75304932,10.98090969,,,1542,1.017,1.00145,5418.77,-0.01811,121.832,49.3052786,15.5017268
TOI-4513 b,TOI-4513,Transit,2026,Transiting Exoplanet Survey Satellite (TESS),1,1,6.11,2.34587608,9.760422537,,,653,0.979,0.796628,5623.93,-0.26312,102.609,18.0905179,13.7550796
TOI-4561 b,TOI-4561,Transit,2026,Transiting Exoplanet Survey Satellite (TESS),1,1,3.81,1.77789214,8.935479367,,,789.81,1,0.851957,5537.93,-0.18213,179.008,60.9618951,-76.0214574
TOI-4578 b,TOI-4578,Transit,2026,Transiting Exoplanet Survey Satellite (TESS),1,1,5.77,2.26974262,8.623926304,,,842.42,1.077,0.878735,5951.32,-0.06918,182.249,184.2109675,75.1402358
TOI-4640 b,TOI-4640,Transit,2026,Transiting Exoplanet Survey Satellite (TESS),1,1,8.46,2.84326517,2.685660152,,,1378.86,1.1,1.06715,5743.01,0.11737,245.089,38.205319,10.0724659
TOI-4662 b,TOI-4662,Transit,2026,Transiting Exoplanet Survey Satellite (TESS),1,1,8.65,2.87998299,4.703437646,,,741,0.703,0.69375,4520.41,-0.7574,111.047,57.5160311,-31.0940247
TOI-4747 b,TOI-4747,Transit,2026,Transiting Exoplanet Survey Satellite (TESS),1,1,14.8,3.95803201,5.219241586,,,1035,1.01,0.988751,5595.08,-0.03529,304.615,86.427665,-45.0292291
TOI-4898 b,TOI-4898,Transit,2026,Transiting Exoplanet Survey Satellite (TESS),1,1,13.4,3.7197954,2.765204702,,,667,0.619077,0.639344,4201.57,-1.10104,98.5958,197.3416711,-32.8294537
TOI-4930 b,TOI-4930,Transit,2026,Transiting Exoplanet Survey Satellite (TESS),1,1,38.4,6.93277225,6.781302415,,,1169,1.04,1.15926,5624.72,0.13797,413.757,208.6418883,-45.1544786
TOI-5159 b,TOI-5159,Transit,2026,Transiting Exoplanet Survey Satellite (TESS),1,1,3.01,1.54732112,5.836394288,,,866.29,0.9,0.854084,5156.16,-0.29869,55.1788,142.7859562,20.0193431
TOI-5160 b,TOI-5160,Transit,2026,Transiting Exoplanet Survey Satellite (TESS),1,1,6.33,2.39729851,4.280773256,,,1016,1.003,1.03315,5622.14,-0.00776,151.465,114.6393985,31.3944536
TOI-5335 b,TOI-5335,Transit,2026,Transiting Exoplanet Survey Satellite (TESS),1,1,15.3,4.02422162,3.613659884,,,1048,0.945,0.916633,5528.92,-0.18268,331.289,46.9523734,15.3590831
TOI-5380 b,TOI-5380,Transit,2026,Transiting Exoplanet Survey Satellite (TESS),1,1,11.9,3.48093238,3.772292479,,,1479,1.343,1.5621,6400.78,0.60044,286.781,112.7611492,73.1287844
TOI-5486 b,TOI-5486,Transit,2026,Transiting Exoplanet Survey Satellite (TESS),1,1,14.9,3.96824928,2.024700732,,,752,0.548138,0.553216,3750.17,-1.30844,89.6811,190.5495041,3.7886012
TOI-5502 b,TOI-5502,Transit,2026,Transiting Exoplanet Survey Satellite (TESS),1,1,15.9,4.1287378,11.62592988,,,870,1.244,1.32375,6088.71,0.40035,248.654,135.204056,27.9983339
TOI-5515 b,TOI-5515,Transit,2026,Transiting Exoplanet Survey Satellite (TESS),1,1,7.53,2.65362762,8.592258108,,,778.1,0.963,0.835682,5483.65,-0.24167,135.459,139.6163639,16.9899558
TOI-5532 b,TOI-5532,Transit,2026,Transiting Exoplanet Survey Satellite (TESS),1,1,6.93,2.52763693,5.653965943,,,617.33,0.636083,0.662052,4208.45,-1.00617,90.9985,41.3804035,5.1507331
TOI-5595 b,TOI-5595,Transit,2026,Transiting Exoplanet Survey Satellite (TESS),1,1,20.1,4.73740402,5.990025539,,,621,0.645,0.743344,4417.3,-0.84376,136.955,110.4601649,35.2219829
TOI-5599 b,TOI-5599,Transit,2026,Transiting Exoplanet Survey Satellite (TESS),1,1,40.9,7.1888212,5.436915039,,,1496,1.21,1.91334,6137.02,0.70069,547.948,199.3262375,55.6815392
TOI-5605 b,TOI-5605,Transit,2026,Transiting Exoplanet Survey Satellite (TESS),1,1,6.92,2.52611303,5.913404548,,,669,0.68,0.736044,4583.79,-0.74768,95.0735,150.5380078,50.1453867
TOI-5614 b,TOI-5614,Transit,2026,Transiting Exoplanet Survey Satellite (TESS),1,1,10.4,3.21759316,4.172213289,,,817,0.674,0.734919,4553,-0.77371,223.016,189.4323154,69.4584273
TOI-5630 b,TOI-5630,Transit,2026,Transiting Exoplanet Survey Satellite (TESS),1,1,6.22,2.37117553,3.221184525,,,1541,0.934,0.933361,5385.64,-0.1813,134.047,236.4538532,40.3748618
TOI-5777 b,TOI-5777,Transit,2026,Transiting Exoplanet Survey Satellite (TESS),1,1,9.78,3.09551273,6.917161774,,,602,0.658,0.671912,4408.03,-0.89438,114.277,141.002239,82.8586961
TOI-5926 b,TOI-5926,Transit,2026,Transiting Exoplanet Survey Satellite (TESS),1,1,44.6,7.56807148,3.811227942,,,987,0.946,0.890046,5388.92,-0.20728,275.103,308.0784435,15.5030795
TOI-6080 b,TOI-6080,Transit,2026,Transiting Exoplanet Survey Satellite (TESS),1,1,11,3.32424168,8.055623481,,,919.33,1.01,1.06221,5775.46,0.02451,188.183,266.6044226,38.0787076
TOI-4156 c,TOI-4156,Transit,2026,Transiting Exoplanet Survey Satellite (TESS),1,2,8.87,2.92303762,12.82282706,,,809.32,1.1,1.03963,5971.64,0.097,213.719,230.7808336,76.3318816
TOI-6281 b,TOI-6281,Transit,2026,Transiting Exoplanet Survey Satellite (TESS),1,1,4.36,1.92416074,1.054262442,,,2240,0.65,0.874219,4533.23,-0.68565,57.7451,172.3785238,-40.6094246
TOI-6393 b,TOI-6393,Transit,2026,Transiting Exoplanet Survey Satellite (TESS),1,1,8.04,2.75958542,9.531761103,,,696,0.835,0.766023,5008.2,-0.47332,186.229,141.2436918,68.7883127
TOI-6677 b,TOI-6677,Transit,2026,Transiting Exoplanet Survey Satellite (TESS),1,1,28.7,5.83507112,5.450606616,,,334,1.45,1.57167,6572.28,0.6672,340.52,290.4719117,-46.8749591
TOI-6699 b,TOI-6699,Transit,2026,Transiting Exoplanet Survey Satellite (TESS),1,1,6.02,2.32645266,5.320059268,,,976,0.75,0.75309,4705.1,-0.59732,85.8463,317.0695839,-63.2504996
TOI-6707 b,TOI-6707,Transit,2026,Transiting Exoplanet Survey Satellite (TESS),1,1,27.8,5.72673066,3.834793638,,,1509.43,1.14,1.58202,6289.49,0.49111,641.467,109.7634707,-58.1155263
TOI-6954 b,TOI-6954,Transit,2026,Transiting Exoplanet Survey Satellite (TESS),1,1,12.8,3.63524486,4.020741274,,,930,0.834,0.947112,5170.87,-0.28972,190.042,168.3240591,-2.7877643
TOI-5624 b,TOI-5624,Transit,2026,Transiting Exoplanet Survey Satellite (TESS),1,1,5.4,2.18231452,3.390359847,,,1108,0.923,0.827372,5415.89,-0.29909,101.913,180.8443476,49.2512257
TOI-7008 b,TOI-7008,Transit,2026,Transiting Exoplanet Survey Satellite (TESS),1,1,21.7,4.94735276,0.840690414,,,1783,0.88,0.95255,5116.06,-0.23357,410.467,216.9882531,79.450396
TOI-7155 b,TOI-7155,Transit,2026,Transiting Exoplanet Survey Satellite (TESS),1,1,6.38,2.40821473,3.89489712,,,914,0.755,0.670748,4673.03,-0.69716,144.751,12.4454481,79.2878555
TOI-7333 b,TOI-7333,Transit,2026,Transiting Exoplanet Survey Satellite (TESS),1,1,5.04,2.09469416,6.264498037,,,755,0.721,0.666066,4586.87,-0.75937,157.217,243.5319622,75.9166315
TOI-1839 c,TOI-1839,Transit,2026,Transiting Exoplanet Survey Satellite (TESS),1,2,6.39,2.40867246,4.023938542,,,,0.934,0.848099,5315.91,-0.26441,116.086,196.8331106,5.8520458
Kepler-1278 b,Kepler-1278,Transit,2016,Kepler,1,1,1.01,1.01,3.23941344,0.04417,0,1213,1.11,1.16,6074,0.36593,889.426,282.9569197,42.8255589
HD 106270 b,HD 106270,Radial Velocity,2011,W. M. Keck Observatory,1,1,3623.24384,12.4,1888,3.34,0.185,,1.39,2.66,5509,0.75587,93.808,183.4049258,-9.5135645
TOI-4406 b,TOI-4406,Transit,2023,Transiting Exoplanet Survey Satellite (TESS),1,1,95.3485221,11.2089807,30.08364,0.201,0.15,904,1.19,1.29,6219,0.36173,261.834,18.0485164,-56.9253875
HATS-10 b,HATS-10,Transit,2015,HATSouth,1,1,167.17858,10.861521,3.312846,0.04491,0.501,1407,1.101,1.105,5880,0.117,534.889,294.3068385,-22.2044872
TOI-762 A b,TOI-762 A,Transit,2024,Transiting Exoplanet Survey Satellite (TESS),2,1,79.77493016,8.33948164,3.4716826,0.03418,0.083,555.4,0.442,0.425,3266,-1.73283,98.4458,166.0747423,-47.8214964
Kepler-472 b,Kepler-472,Transit,2016,Kepler,1,1,10.5,3.22,4.176255514,0.04823,0,876,0.85,0.78,4996,-0.51255,306.602,296.5245187,39.2498503
Kepler-1129 b,Kepler-1129,Transit,2016,Kepler,1,2,9.06,2.96,24.3397804,0.16481,0,737,1,1,5831,-0.0274,1183.88,291.6044965,41.3093275
Kepler-1275 b,Kepler-1275,Transit,2016,Kepler,1,1,2.79,1.48,3.65691115,0.0488,0,1368,1.23,1.36,6296,0.31503,1153.98,293.5004955,44.9324455
Kepler-1983 b,Kepler-1983,Transit,2023,Kepler,1,1,6.04,2.33,7.32851947,0.0689,0,807,0.812,0.874,5135,-0.48076,424.428,297.042015,39.9121864
HATS-61 b,HATS-61,Transit,2018,HATSouth,1,1,1080.622,13.394755,7.817953,0.07908,0.092,1226.1,1.076,1.664,5542,0.36922,679.761,61.6578005,-25.3496674
TOI-2266 b,TOI-2266,Transit,2024,Transiting Exoplanet Survey Satellite (TESS),1,1,2.99,1.54,2.326318,0.02,,550,0.23,0.24,3200,-2.16716,51.6004,245.2800398,31.5770413
WASP-132 b,WASP-132,Transit,2016,SuperWASP-South,1,3,136.0305582,10.09929161,7.1335164,0.0674,0.0163,682,0.789,0.758,4686,-0.57512,122.91,217.6091998,-46.159516
Kepler-60 c,Kepler-60,Transit,2012,Kepler,1,3,3.85,1.9,8.9187,0.08422,0.039,1023,1.041,1.257,5905,0.36906,1025.1,288.9612535,42.2650472
TOI-6041 c,TOI-6041,Radial Velocity,2025,Multiple Observatories,1,2,77.9,10.5,88,0.3721,,403.5,0.885,0.879,5445,-0.21254,72.4731,46.0610334,43.5576668
WASP-49 b,WASP-49,Transit,2012,SuperWASP,2,1,117.5971,12.44199,2.78174,0.0379,0,1400,0.92,0.97,5600,-0.05339,194.553,91.0897193,-16.9653901
WASP-15 b,WASP-15,Transit,2009,SuperWASP,1,1,171.6282,15.80469,3.7521,0.05165,0,1676,1.18,1.48,6300,0.49,282.091,208.9280111,-32.1597118
HD 109833 c,HD 109833,Transit,2022,Transiting Exoplanet Survey Satellite (TESS),1,2,7.22,2.59,13.900148,,0.3,756.7,1.08,1,5881,0.07188,79.5561,189.7758591,-74.5740205
GJ 9827 d,GJ 9827,Transit,2017,K2,1,3,3.02,1.98,6.20183,0.053,0,675,0.62,0.58,4236,-1.00436,29.661,351.7717763,-1.2853435
Kepler-1870 b,Kepler-1870,Transit,2021,Kepler,1,1,5.07,2.10143764,3.606940031,0.0452,0,1046,0.955,0.84,5508,-0.22577,407.216,293.9335076,40.590704
K2-8 c,K2-8,Transit,2016,K2,1,2,6.39,2.41,5.06416,0.0532,,801,0.78,0.74,4870,-0.55319,403.513,169.7935178,-0.2844389
Kepler-1339 b,Kepler-1339,Transit,2016,Kepler,1,1,0.285,0.71,1.341555127,0.02356,0,1642,0.94,0.93,5586,0.18765,371.049,283.7457695,48.373469
GJ 508.2 b,GJ 508.2,Radial Velocity,2025,Calar Alto Observatory,1,1,587.982553,,5300,4.85,0.27,,0.54,0.53,3720,-1.222,16.6374,200.2443854,34.2776644
Kepler-1905 b,Kepler-1905,Transit,2021,Kepler,1,1,2.69,1.4460734,3.42392993,0.0451,0,1212,1.038,1.015,5788,-0.02528,1051.53,292.5733475,46.3668273
Kepler-230 c,Kepler-230,Transit,2014,Kepler,1,2,4.82,2.04,91.773242,0.38,0,359,0.784,0.817,5588,-0.36784,740.754,285.7185682,48.5058038
Kepler-1839 b,Kepler-1839,Transit,2021,Kepler,1,1,4.46,1.9493759,5.056759834,0.0583,0,1049,1.03,0.939,5926,0.19174,1136.6,294.2244432,50.0755761
Kepler-694 b,Kepler-694,Transit,2016,Kepler,1,1,8.25,2.8,6.365841612,0.0659,0,914,0.97,0.95,5700,-0.07753,1023.06,291.1495269,40.4204569
K2-32 e,K2-32,Transit,2019,K2,2,4,2.1,1.212,4.34934,0.04899,0.043,1066,0.83,0.86,5271,-0.29607,157.682,252.426008,-19.5430504
TOI-5108 b,TOI-5108,Transit,2025,Transiting Exoplanet Survey Satellite (TESS),1,1,32,6.6,6.753581,0.073,,1180,1.1,1.29,5808,0.27505,130.919,166.2695041,11.2464069
TOI-4914 b,TOI-4914,Transit,2024,Transiting Exoplanet Survey Satellite (TESS),1,1,227,12.87,10.60057,0.098,0.408,894,1.03,1,5805,0.00903,299.89,204.5426717,-28.1429206
Kepler-919 b,Kepler-919,Transit,2016,Kepler,1,1,5.69,2.25,11.04603384,0.0981,0,869,1.15,1.21,6113,0.16662,1119.87,298.1147862,48.4943834
EPIC 212297394 c,EPIC 212297394,Transit,2021,K2,1,2,5.77,2.27,5.213965,,,866,0.83,0.8,5171,-0.46654,418.395,207.2061241,-17.6098985
Kepler-1858 b,Kepler-1858,Transit,2021,Kepler,1,1,6.44,2.42168247,88.07160187,0.3575,0,330,0.785,0.819,4939,-0.45269,833.055,292.3074315,46.626579
Kepler-949 c,Kepler-949,Transit,2023,Kepler,1,2,9.11,2.97,20.99757968,0.1394,0,582,0.817,0.895,5211,-0.44164,486.105,298.6079128,46.45366
HD 95872 b,HD 95872,Radial Velocity,2015,Multiple Facilities,1,1,1188.6842,13,4375,5.15,0.06,,0.7,0.84,5312,-0.24208,72.2195,165.8658796,-22.0943303
Kepler-411 b,Kepler-411,Transit,2013,Kepler,2,4,25.6,2.401,3.005156,0.0375,0.146,1138,0.87,0.82,4974,-0.57899,153.676,287.6057027,49.5233937
TOI-1416 b,TOI-1416,Transit,2023,Transiting Exoplanet Survey Satellite (TESS),1,1,3.48,1.62,1.0697568,0.019,0,1517,0.798,0.793,4884,-0.46008,55.0135,216.9234892,41.9529862
K2-31 b,K2-31,Transit,2016,K2,2,1,563.83042,11.88154,1.25785,0.022,0,1688,0.91,0.78,5280,-0.11028,110.527,245.4405531,-23.548273
K2-39 b,K2-39,Transit,2016,K2,1,1,28.6047,6.27704,4.60543,0.05708,0,1670,0.66,2.97,4881,0.67409,307.47,338.3682095,-9.0229405
HIP 38594 c,HIP 38594,Radial Velocity,2020,Multiple Observatories,2,2,48.4,7.94,3477.768,3.805,0.16,,0.61,0.626646,4086.3,-1.06243,17.7886,118.5439118,-25.3023073
Kepler-144 b,Kepler-144,Transit,2014,Kepler,1,2,2.33,1.33,5.885273,0.066,0,1253,1.154,1.235,6075,0.28203,384.917,281.9156128,42.7755535
Kepler-1121 b,Kepler-1121,Transit,2016,Kepler,1,1,4.31,1.91,13.15141081,0.11818,0,1008,1.29,1.59,6231,0.47495,482.047,297.7865467,47.8861542
HD 10442 b,HD 10442,Radial Velocity,2014,W. M. Keck Observatory,1,1,472.61321,13.6,1032.3,2.01,0.132,,1.01,1.97,4912,0.31,135.374,25.471524,2.7044193
Kepler-402 d,Kepler-402,Transit,2014,Kepler,1,4,2.48,1.38,8.921099,0.087,0,1006,1.072,1.264,6090,0.2035,625.339,288.3701976,43.3546109
TOI-4515 b,TOI-4515,Transit,2024,Transiting Exoplanet Survey Satellite (TESS),1,1,637,12.17,15.266446,0.118,0.461,705,0.949,0.86,5433,-0.23582,193.499,21.1861778,21.5130638
HAT-P-41 b,HAT-P-41,Transit,2012,HATNet,2,1,378.2177,22.97845,2.69405,0.04258,0,1941,2.56,2.05,6390,0.628,348.185,297.3226523,4.6724124
AU Mic c,AU Mic,Transit,2021,Transiting Exoplanet Survey Satellite (TESS),1,4,14.46,2.79,18.859023,0.119,0.18,424.7,0.635,0.862,3540,-0.97757,9.7221,311.2911369,-31.34245
HAT-P-7 b,HAT-P-7,Transit,2008,HATNet,3,1,584.8072,16.92559,2.20474,0.03809,0,2733,1.56,2,6389,0.8142,341.079,292.24719,47.9695429
AU Mic b,AU Mic,Transit,2020,Transiting Exoplanet Survey Satellite (TESS),1,4,8.99,4.79,8.463446,0.07,0.07,554.8,0.635,0.862,3540,-0.97757,9.7221,311.2911369,-31.34245
WASP-63 b,WASP-63,Transit,2012,SuperWASP,1,1,117.5971,15.80469,4.37808,0.0574,0,1469.91,1.28,1.86,5550,0.44936,290.684,94.3363562,-38.3233826
TOI-3540 A b,TOI-3540 A,Transit,2022,Transiting Exoplanet Survey Satellite (TESS),2,1,375.0375203,23.53885947,3.119999,0.04289,0,1498,1.081,1.228,5810,0.19005,,328.9113712,28.1794996
HATS-62 b,HATS-62,Transit,2018,HATSouth,1,1,56.89157,11.825495,3.2768837,0.04163,0.298,1237,0.896,0.933,5416,-0.17328,523.067,312.4493079,-24.303506
Kepler-1690 b,Kepler-1690,Transit,2020,Kepler,1,1,8.3,2.81109223,234.636,0.7097,0,267,0.94,0.862346,5404,-0.24308,703.789,288.1566649,41.8779417
Kepler-1118 b,Kepler-1118,Transit,2016,Kepler,1,1,7.95,2.74,38.6715075,0.2079,0,502,0.96,0.97,5688,-0.06047,888.325,299.9656619,44.1608805
Kepler-150 b,Kepler-150,Transit,2014,Kepler,1,5,2.1,1.25,3.428054,0.044,0,1131,0.956,0.939,5560,-0.16141,891.092,288.2341025,40.520897
Kepler-1841 b,Kepler-1841,Transit,2021,Kepler,1,1,2.82,1.48912557,25.88599968,0.1606,0,542,0.823,0.899,5190,-0.27843,631.7,287.7069031,40.6852161
Kepler-620 b,Kepler-620,Transit,2016,Kepler,1,1,11,3.32,12.91375431,0.1053,0,849,1.15,1.22,6155,0.34079,1355.28,291.1593939,51.3348228
HD 105618 b,HD 105618,Radial Velocity,2022,Multiple Observatories,1,2,25.42627256,5.44,10.02245,0.091,0.455,,1.01,1.27399,5671,0.17967,70.0837,182.4021288,11.2115695
KMT-2016-BLG-1836L b,KMT-2016-BLG-1836L,Microlensing,2019,KMTNet,1,1,700,13.3,,3.5,,,0.49,,,,7100,268.250333,-30.04075
TOI-3160 A b,TOI-3160 A,Transit,2025,Transiting Exoplanet Survey Satellite (TESS),2,1,378.2158043,13.7646283,3.971281,0.0505,0.18,1539,1.088,1.346,6190,0.3784,567.678,224.5658555,-27.6825503
K2-312 c,HD 80653,Radial Velocity,2023,Roque de los Muchachos Observatory,1,2,1719.451682,12.8,921.2,1.961,0.853,,1.18,1.22,5959,0.24,109.86,140.3390845,14.3678691
TOI-262 b,TOI-262,Transit,2023,Transiting Exoplanet Survey Satellite (TESS),1,1,4.94,2.07,11.14529,0.163,,584,0.913,0.853,5310,-0.28987,43.932,32.534687,-31.0706272
TOI-4184 b,TOI-4184,Transit,2023,Transiting Exoplanet Survey Satellite (TESS),1,1,6.48,2.43,4.9019804,0.0336,,412,0.2109,0.2347,3238,-2.2644,69.3649,43.8284749,-79.4147039
TOI-5489 b,TOI-5489,Transit,2025,Transiting Exoplanet Survey Satellite (TESS),1,2,2.54,1.4,3.15222,,,624,0.41,0.42,3547,-1.60776,45.0907,128.691294,11.4895882
Kepler-405 b,Kepler-405,Transit,2014,Kepler,1,2,4.98,2.08,10.613839,0.095,0,785,0.873,0.893,5818,-0.33143,1065.08,291.4094615,38.3400107
Kepler-1471 b,Kepler-1471,Transit,2016,Kepler,1,2,2.57,1.41,3.63899398,0.0453,0,1238,0.95,0.93,5660,-0.19895,978.678,289.6649171,50.0200612
Kepler-129 b,Kepler-129,Transit,2014,Kepler,1,3,20,2.4,15.79,0.13,0.01,910,1.178,1.653,5770,0.46365,408.845,285.3111845,47.8484775
GJ 3082 b,GJ 3082,Radial Velocity,2020,Multiple Facilities,1,1,8.2,2.79,11.949,0.079,0.22,,0.47,0.465216,3910,-1.46273,16.6186,18.6432425,-53.9407751
Kepler-1515 b,Kepler-1515,Transit,2016,Kepler,1,1,66.2,9.55,214.3114164,0.75235,0,380,1.3,1.41,6511,0.56587,539.321,290.9739057,48.1782059
Kepler-1723 b,Kepler-1723,Transit,2021,Kepler,1,1,8.65,2.88046569,39.75289917,0.2249,0,568,0.96,1.01,6072,0.03393,811.278,294.4627362,46.8214022
Kepler-1176 b,Kepler-1176,Transit,2016,Kepler,1,1,6.57,2.45,24.1738579,0.1589,0,595,1.01,1.02,5844,-0.11691,864.699,297.919724,45.2742038
Kepler-1783 b,Kepler-1783,Transit,2021,Kepler,1,1,2.3,1.31946731,8.277440071,0.07595,0,1088,0.887,1.781,5129,-0.45102,264.078,297.0210984,41.3771655
TOI-6255 b,TOI-6255,Transit,2024,Transiting Exoplanet Survey Satellite (TESS),1,1,1.44,1.079,0.23818244,,0,1256.46,0.353,0.37,3421,-1.77344,20.3167,331.5031606,39.2988284
TOI-157 b,TOI-157,Transit,2020,Transiting Exoplanet Survey Satellite (TESS),1,1,375.0394,14.414774,2.0845435,0.03138,0,1588,0.948,1.167,5404,0.01995,355.683,73.7014398,-76.6806061
OGLE-2017-BLG-0640L b,OGLE-2017-BLG-0640L,Microlensing,2024,OGLE,1,1,514.8820193,13.5,,1.14,,,0.32,,,,6630,267.465125,-29.4615
OGLE-2013-BLG-1761L b,OGLE-2013-BLG-1761L,Microlensing,2018,OGLE,1,1,860,13.2,,1.8,,,0.33,,,,6900,268.409485,-28.8952713
OGLE-2017-BLG-1099L b,OGLE-2017-BLG-1099L,Microlensing,2021,OGLE,1,1,959.8417891,13.1,,2.73,,,0.45,,,,7250,263.96425,-29.5858611
Kepler-1421 b,Kepler-1421,Transit,2016,Kepler,1,1,0.749,0.93,6.9131112,0.07576,0,1209,1.25,1.42,6335,0.59941,783.401,286.5806115,48.5442312
Kepler-1442 b,Kepler-1442,Transit,2016,Kepler,1,1,14.7,3.93,81.4162941,0.40814,0,522,1.34,1.44,6394,0.65109,608.68,291.2556226,48.8469171
Kepler-414 b,Kepler-414,Transit Timing Variations,2014,Kepler,1,2,3.5,1.71,4.7,0.0543,0,1024,0.89,0.946,5536,-0.16917,413.46,297.9615616,48.2443363
HD 102888 b,HD 102888,Radial Velocity,2025,La Silla Observatory,1,1,1808.443636,12.8,252.06,1.05,0.11,,2.42,8.6,4990,1.61584,126.484,177.6545263,-27.2779074
Kepler-109 c,Kepler-109,Transit,2014,Kepler,1,2,8.2,2.65,21.22265,0.1546,0.098,859,1.094,1.387,5950,0.34654,474.861,290.3926795,40.2849074
K2-59 b,K2-59,Transit,2016,K2,1,2,6.39,2.41,20.6921,0.1354,,,0.774,0.731,5055,-0.66037,311.313,338.94255,-14.027727
TOI-2458 c,TOI-2458,Radial Velocity,2024,La Silla Observatory,1,2,10.22,3.18,16.553,0.129,0.29,,1.05,1.31,6005,0.34128,112.958,79.621529,1.253439
HAT-P-61 b,HAT-P-61,Transit,2021,HATNet,1,1,335.9446262,10.07687365,1.90231289,0.0301,0.113,1505,1.004,0.938,5587,-0.1152,338.84,75.4801665,50.1311784
TOI-3082 b,TOI-3082,Transit,2023,Transiting Exoplanet Survey Satellite (TESS),1,1,13,3.6621,1.926907,,,1032.78,0.664,0.6847,4263,-0.86121,113.048,195.9080719,-19.2189845
K2-284 b,K2-284,Transit,2018,K2,1,1,8.15,2.78,4.795069,0.04771,0.078,653,0.63,0.607,4140,-1.01323,107.272,79.1407971,20.2549034
NGTS-4 b,NGTS-4,Transit,2019,Next-Generation Transit Survey (NGTS),1,1,20.6,3.18,1.3373508,0.019,0,1650,0.75,0.84,5143,-0.3533,280.555,89.5988945,-30.8117992
TOI-125 b,TOI-125,Transit,2019,Transiting Exoplanet Survey Satellite (TESS),1,3,9.5,2.726,4.65382,0.05186,0.194,1037,0.859,0.848,5320,-0.28483,111.059,23.5934253,-66.6763495
TOI-125 c,TOI-125,Transit,2019,Transiting Exoplanet Survey Satellite (TESS),1,3,6.63,2.759,9.15059,0.0814,0.066,827.8,0.859,0.848,5320,-0.28483,111.059,23.5934253,-66.6763495
TOI-125 d,TOI-125,Transit,2020,Transiting Exoplanet Survey Satellite (TESS),1,3,13.6,2.93,19.98,0.137,0.168,638.1,0.859,0.848,5320,-0.28483,111.059,23.5934253,-66.6763495
TOI-849 b,TOI-849,Transit,2020,Transiting Exoplanet Survey Satellite (TESS),1,1,41.8,3.64,0.765548,0.0155,0,1932,0.97,0.97,5257,-0.2184,225.734,28.7157956,-29.4217086
HATS-38 b,HATS-38,Transit,2020,HATSouth,1,1,23.51942,6.882326,4.375021,0.05036,0,1294,0.89,1.105,5732,0.07151,343.525,154.2710615,-25.2762982
TOI-763 b,TOI-763,Transit,2020,Transiting Exoplanet Survey Satellite (TESS),1,2,9.79,2.28,5.6057,0.06,0.04,1038,0.917,0.897,5450,-0.15377,95.1274,194.468098,-39.7580613
TOI-763 c,TOI-763,Transit,2020,Transiting Exoplanet Survey Satellite (TESS),1,2,9.32,2.63,12.2737,0.1011,0.04,800,0.917,0.897,5450,-0.15377,95.1274,194.468098,-39.7580613
HD 5278 b,HD 5278,Transit,2021,Transiting Exoplanet Survey Satellite (TESS),1,2,7.8,2.45,14.339156,0.1202,0.08,943,1.126,1.194,6203,0.28035,57.5846,12.5467785,-83.7437671
HD 5278 c,HD 5278,Radial Velocity,2021,Paranal Observatory,1,2,18.4,4.49,40.87,0.2416,0.07,,1.126,1.194,6203,0.28035,57.5846,12.5467785,-83.7437671
TOI-532 b,TOI-532,Transit,2021,Transiting Exoplanet Survey Satellite (TESS),1,1,61.5,5.82,2.3266508,0.0296,0,867,0.639,0.612,3927,-1.09528,135.047,85.0800537,11.5626373
K2-405 b,K2-405,Transit,2022,K2,1,1,18.9,4.569,3.435471,,,969,1.034,0.765,4927,-0.48798,197.234,164.3759959,12.535614
TOI-1064 b,TOI-1064,Transit,2022,Transiting Exoplanet Survey Satellite (TESS),1,2,13.5,2.587,6.443868,0.06152,0.047,784,0.748,0.726,4734,-0.62342,68.0726,296.0039349,-47.5620305
TOI-1064 c,TOI-1064,Transit,2022,Transiting Exoplanet Survey Satellite (TESS),1,2,2.5,2.651,12.226574,0.09429,0.088,634,0.748,0.726,4734,-0.62342,68.0726,296.0039349,-47.5620305
TOI-1075 b,TOI-1075,Transit,2022,Transiting Exoplanet Survey Satellite (TESS),1,1,9.95,1.791,0.6047328,0.01159,0,1323,0.604,0.581,3875,-1.14436,61.4592,309.9712091,-65.4496994
TOI-669 b,TOI-669,Transit,2023,Transiting Exoplanet Survey Satellite (TESS),1,1,10,2.58606487,3.945152,0.048,0,1124.85,0.9245,0.9882,5597,-0.06248,142.867,158.9007013,-5.1813735
TOI-913 b,TOI-913,Transit,2023,Transiting Exoplanet Survey Satellite (TESS),1,1,6.59,2.4528,11.098644,,,712.01,0.82,0.7325,4969,-0.53057,65.1769,234.5723244,-80.8034265
TOI-1180 b,TOI-1180,Transit,2024,Transiting Exoplanet Survey Satellite (TESS),1,1,10,3.072,9.686760378,0.080799,0,638.18,0.75,0.73,4738,-0.57675,72.0238,214.5557741,82.1937642
TOI-1184 b,TOI-1184,Transit,2024,Transiting Exoplanet Survey Satellite (TESS),1,1,6.8,2.39,5.748433803,0.056027,0,715.47,0.71,0.69,4534,-0.70115,58.5946,272.2045196,60.6787845
TOI-1238 c,TOI-1238,Transit,2022,Transiting Exoplanet Survey Satellite (TESS),1,2,8.32,2.11,3.294736,0.037,0.15,695,0.59,0.58,4089,-1.08249,70.7145,201.3823387,68.8360678
TOI-1238 b,TOI-1238,Transit,2022,Transiting Exoplanet Survey Satellite (TESS),1,2,3.76,1.21,0.764597,0.0139,0.25,1133,0.59,0.58,4089,-1.08249,70.7145,201.3823387,68.8360678
TOI-1244 b,TOI-1244,Transit,2024,Transiting Exoplanet Survey Satellite (TESS),1,1,6.6,2.467,6.400316483,0.060694,0,714.86,0.73,0.721,4599,-0.62893,102.551,256.279559,69.519093
TOI-1301.01,TOI-1301,Transit,2024,Transiting Exoplanet Survey Satellite (TESS),1,1,6.7,2.477,6.096407209,0.059866,,737.36,0.77,0.732,4820,-0.59857,90.8693,275.8625432,71.5817479
TOI-1470 b,TOI-1470,Transit,2023,Transiting Exoplanet Survey Satellite (TESS),1,2,7.32,2.18,2.527093,0.0285,0.3,734,0.471,0.469,3709,-1.42481,51.9503,10.0891431,61.2133868
TOI-1782.01,TOI-1782,Transit,2024,Transiting Exoplanet Survey Satellite (TESS),1,2,6.2,2.368,4.987641028,0.05024,,697.84,0.68,0.669,4336,-0.84649,95.2649,213.0787718,74.4117909
TOI-1782.02,TOI-1782,Transit,2024,Transiting Exoplanet Survey Satellite (TESS),1,2,4.04,1.839,1.829024227,0.025739,,974.95,0.68,0.669,4336,-0.84649,95.2649,213.0787718,74.4117909
TOI-1794 b,TOI-1794,Transit,2024,Transiting Exoplanet Survey Satellite (TESS),1,1,8.7,3.29701268,8.765528,0.082,0,992.91,0.9698,1.3162,5631,0.19728,155.791,203.3974857,49.0608433
TOI-1798.01,TOI-1798,Transit,2024,Transiting Exoplanet Survey Satellite (TESS),1,2,6.5,2.448,8.021522331,0.074984,0,734.31,0.87,0.78,5165,-0.41567,113.181,211.0939367,46.5192825
TOI-1798.02,TOI-1798,Transit,2024,Transiting Exoplanet Survey Satellite (TESS),1,2,5.6,1.464,0.437811822,0.010789,0,1935.83,0.87,0.78,5165,-0.41567,113.181,211.0939367,46.5192825
TOI-2211.01,TOI-2211,Transit,2024,Transiting Exoplanet Survey Satellite (TESS),1,1,3.06,1.561,3.092686757,0.04011,,1056.92,0.9,0.834,5253,-0.32094,70.2932,308.5390859,-29.6726127
TOI-2345 b,TOI-2345,Transit,2025,Transiting Exoplanet Survey Satellite (TESS),1,2,3.49,1.504,1.0528573,0.01705,,1478,0.727,0.729,4687,-0.63639,81.6541,43.884794,-34.9779745
TOI-2345 c,TOI-2345,Transit,2025,Transiting Exoplanet Survey Satellite (TESS),1,2,7.27,2.451,21.064302,0.1257,,544,0.727,0.729,4687,-0.63639,81.6541,43.884794,-34.9779745
TOI-3785 b,TOI-3785,Transit,2023,Transiting Exoplanet Survey Satellite (TESS),1,1,14.95,5.14,4.6747373,0.043,0.11,582,0.52,0.5,3576,-1.43533,79.7634,130.9002258,63.0780768
TOI-4529 b,TOI-4529,Transit,2026,Transiting Exoplanet Survey Satellite (TESS),1,1,4.9,1.77,5.879577,,,511,0.482,0.48,3697,-1.41263,28.384,16.9688462,12.8809549
TOI-5736 b,TOI-5736,Transit,2025,Transiting Exoplanet Survey Satellite (TESS),1,1,3.05,1.56,0.64899,,,1311,0.57,0.58,3949,-1.1332,92.3604,213.7583971,49.5009379
TOI-1470 c,TOI-1470,Transit,2023,Transiting Exoplanet Survey Satellite (TESS),1,2,7.24,2.47,18.08816,0.106,0.5,373,0.471,0.469,3709,-1.42481,51.9503,10.0891431,61.2133868
TIC 18942729 b,TIC 18942729,Transit,2026,Transiting Exoplanet Survey Satellite (TESS),1,1,4.66,2.00021315,0.998178381,,,,0.652,0.825257,4360.11,-0.73197,115.169,119.2150697,16.6772341
TIC 24750448 b,TIC 24750448,Transit,2026,Transiting Exoplanet Survey Satellite (TESS),1,2,6.51,2.43722231,3.59159193,,,,0.69,0.713599,4545.43,-0.7721,178.146,26.1958598,-68.6447552
TIC 24750448 c,TIC 24750448,Transit,2026,Transiting Exoplanet Survey Satellite (TESS),1,2,9.75,3.09028272,10.14385271,,,,0.69,0.713599,4545.43,-0.7721,178.146,26.1958598,-68.6447552
TIC 32032563 b,TIC 32032563,Transit,2026,Transiting Exoplanet Survey Satellite (TESS),1,1,11.9,3.47739942,13.83460488,,,,1.05,1.00188,5567.93,0.01512,507.858,56.0905221,-68.8580554
TIC 34085383 b,TIC 34085383,Transit,2026,Transiting Exoplanet Survey Satellite (TESS),1,1,14.6,3.91982296,3.477933685,,,,0.733,0.809951,4694.84,-0.56869,149.12,59.235363,-7.3757198
TIC 38825265 b,TIC 38825265,Transit,2026,Transiting Exoplanet Survey Satellite (TESS),1,1,5.43,2.18869476,3.31336981,,,,0.64,0.664503,4375.52,-0.94114,165.638,68.2492759,-65.2039666
TIC 38828280 b,TIC 38828280,Transit,2026,Transiting Exoplanet Survey Satellite (TESS),1,1,7.4,2.62701629,4.855589848,,,,0.84,0.741147,5046.63,-0.49681,286.415,68.3926457,-62.1697135
TIC 62895484 b,TIC 62895484,Transit,2026,Transiting Exoplanet Survey Satellite (TESS),1,1,12,3.49391667,2.839854343,,,,0.98,0.874291,5520.79,-0.17702,294.857,116.6385519,22.5903733
TIC 65612701 b,TIC 65612701,Transit,2026,Transiting Exoplanet Survey Satellite (TESS),1,1,22.7,5.07802804,10.22467975,,,,1.06,1.73709,5692.29,0.50623,151.624,310.4738195,36.3388288
TIC 67686059 b,TIC 67686059,Transit,2026,Transiting Exoplanet Survey Satellite (TESS),1,1,7.23,2.59125922,3.521635296,,,,0.86,0.820458,5090.09,-0.38623,249.203,19.884337,-35.2930148
TIC 77319217 b,TIC 77319217,Transit,2026,Transiting Exoplanet Survey Satellite (TESS),1,1,9.85,3.10879526,7.548307651,,,,1.16,1.18439,5961.52,0.25039,267.62,71.0406969,-39.8976018
TIC 77552382 b,TIC 77552382,Transit,2026,Transiting Exoplanet Survey Satellite (TESS),1,1,27.5,5.69176189,3.510259049,,,,0.83,0.886956,4981.07,-0.35293,373.415,152.5133767,-4.903525
TIC 86380416 b,TIC 86380416,Transit,2026,Transiting Exoplanet Survey Satellite (TESS),1,1,6.4,2.4123612,6.040864346,,,,1.07,0.989724,5723.74,0.02589,244.68,145.160376,65.7327948
TIC 88692598 b,TIC 88692598,Transit,2026,Transiting Exoplanet Survey Satellite (TESS),1,1,3.94,1.81295951,2.649094368,,,,0.529218,0.532473,3483.17,-1.36028,73.5258,149.2109097,47.7706699
TIC 117642575 b,TIC 117642575,Transit,2026,Transiting Exoplanet Survey Satellite (TESS),1,1,8.38,2.82716337,4.944590602,,,,1.06,1.08102,5719.98,0.09455,188.758,9.4800698,-37.0662905
TIC 139702105 b,TIC 139702105,Transit,2026,Transiting Exoplanet Survey Satellite (TESS),1,1,6.59,2.45316949,6.836019034,,,,0.9,1.25423,5742.35,0.03698,91.7884,66.498034,-18.214545
TIC 142589416 b,TIC 142589416,Transit,2026,Transiting Exoplanet Survey Satellite (TESS),1,1,7.65,2.67899519,2.095184663,,,,0.641,0.713832,4396.27,-0.88783,168.933,168.2439697,73.8301439
TIC 153919886 b,TIC 153919886,Transit,2026,Transiting Exoplanet Survey Satellite (TESS),1,1,7.78,2.70601108,2.105104923,,,,0.581261,0.591697,4137.16,-1.16922,132.33,171.8440734,68.1810449
TIC 154870955 b,TIC 154870955,Transit,2026,Transiting Exoplanet Survey Satellite (TESS),1,1,9.77,3.09467466,7.969874713,,,,0.828,0.724328,4739.58,-0.5299,226.463,191.7456685,88.8298759
TIC 160113658 b,TIC 160113658,Transit,2026,Transiting Exoplanet Survey Satellite (TESS),1,1,12,3.49015778,6.729522621,,,,0.76,0.789834,4817.31,-0.54309,200.156,59.4555606,-41.6320332
TIC 161045582 b,TIC 161045582,Transit,2026,Transiting Exoplanet Survey Satellite (TESS),1,1,5.67,2.24566738,8.8557719,,,,1.04,1.07976,5683.87,0.07687,162.246,223.6258514,49.097725
TIC 178172313 b,TIC 178172313,Transit,2026,Transiting Exoplanet Survey Satellite (TESS),1,1,8.27,2.80405322,4.373181614,,,,0.91,0.84345,5405.59,-0.29608,178.137,43.4062672,-32.077048
TIC 188624430 b,TIC 188624430,Transit,2026,Transiting Exoplanet Survey Satellite (TESS),1,1,12.9,3.64811843,6.218604331,,,,0.929,0.786574,5369.46,-0.33522,300.743,258.5566927,53.7060189
TIC 198190129 b,TIC 198190129,Transit,2026,Transiting Exoplanet Survey Satellite (TESS),1,1,8.87,2.92284949,7.948049107,,,,0.638,0.640675,4377.53,-0.99152,130.035,246.3322839,60.3771414
TIC 206466666 b,TIC 206466666,Transit,2026,Transiting Exoplanet Survey Satellite (TESS),1,1,5.26,2.14817673,9.104868652,,,,0.76,0.667193,4620.3,-0.69846,127.837,56.7694828,-52.3667509
TIC 249022743 b,TIC 249022743,Transit,2026,Transiting Exoplanet Survey Satellite (TESS),1,1,20.6,4.79568155,2.257196815,,,,1,1.2084,5567.58,0.12392,396.46,78.5762192,-3.4466123
TIC 260969020 b,TIC 260969020,Transit,2026,Transiting Exoplanet Survey Satellite (TESS),1,1,5.59,2.22686612,8.48584502,,,,0.75,0.68988,4572.94,-0.68492,121.222,74.9407148,-79.5859489
TIC 290487717 b,TIC 290487717,Transit,2026,Transiting Exoplanet Survey Satellite (TESS),1,1,35.7,6.63777941,3.400818229,,,,0.92,0.943767,5328.97,-0.1841,395.574,139.0870563,2.5508053
TIC 294329732 b,TIC 294329732,Transit,2026,Transiting Exoplanet Survey Satellite (TESS),1,1,4.97,2.07692266,9.756587618,,,,0.89,0.920172,5201.93,-0.24856,189.333,109.1177907,-58.2371507
TIC 320419023 b,TIC 320419023,Transit,2026,Transiting Exoplanet Survey Satellite (TESS),1,1,8.11,2.77280763,5.263756516,,,,1.056,0.952319,5703.36,-0.01971,288.893,118.0726215,11.8241773
TIC 349520724 b,TIC 349520724,Transit,2026,Transiting Exoplanet Survey Satellite (TESS),1,1,8.38,2.82626313,7.94044635,,,,0.89,0.818771,5098.6,-0.3523,241.105,111.2314215,-64.6398433
TIC 356227008 b,TIC 356227008,Transit,2026,Transiting Exoplanet Survey Satellite (TESS),1,1,6.3,2.39024009,2.961474487,,,,1.02,0.959792,5731.86,-0.05745,387.609,267.2508238,50.130808
TIC 390586021 b,TIC 390586021,Transit,2026,Transiting Exoplanet Survey Satellite (TESS),1,1,8.55,2.86009388,2.747037558,,,,0.648,0.726565,4434.81,-0.85517,114.558,199.8225789,-31.4655097
TIC 423703298 b,TIC 423703298,Transit,2026,Transiting Exoplanet Survey Satellite (TESS),1,1,8.11,2.77230429,4.03712712,,,,0.691,0.729825,4540.37,-0.73914,136.191,22.9360486,-17.0135676
TIC 437041147 b,TIC 437041147,Transit,2026,Transiting Exoplanet Survey Satellite (TESS),1,1,5.54,2.21526814,3.823014215,,,,0.931,0.961092,5224.36,-0.15853,246.6,132.9480195,6.7648369
TIC 445839811 b,TIC 445839811,Transit,2026,Transiting Exoplanet Survey Satellite (TESS),1,1,6.7,2.47771211,11.10862603,,,,0.95,0.850041,5408.25,-0.24255,235.655,200.1188173,48.4072699
K2-330 b,K2-330,Transit,2021,K2,1,1,8.1,2.77,13.774798,,,969,1.23,1.5,6232,0.47702,160.125,126.8968265,11.6674131
Kepler-348 c,Kepler-348,Transit,2014,Kepler,1,2,2.33,1.33,17.265427,0.138,0,888,1.189,1.359,6177,0.4331,570.783,297.2550814,40.5483883
Kepler-1200 b,Kepler-1200,Transit,2016,Kepler,1,1,1.2,1.06,1.118549717,0.0188,0,1174,0.74,0.7,4612,-0.68923,588.715,296.6034317,44.1292537
HD 204941 b,HD 204941,Radial Velocity,2011,La Silla Observatory,2,1,73.1009,10.1,1733,2.55,0.37,,0.58,0.78,5026,-0.50864,28.7165,323.0966714,-20.957957
TOI-1130 c,TOI-1130,Transit,2020,Transiting Exoplanet Survey Satellite (TESS),1,2,336,13,8.3501898,0.0731,0.0398,650,0.745,0.697,4360,-0.85387,58.2609,286.3760037,-41.4376399
TOI-1516 b,TOI-1516,Transit,2022,Transiting Exoplanet Survey Satellite (TESS),1,1,1004.337766,15.24421375,2.056014,,,1839,1.14,1.14,6520,0.39065,247.054,340.0846204,69.5037313
HD 101581 b,HIP 56998,Transit,2025,Transiting Exoplanet Survey Satellite (TESS),1,2,0.827,0.956,4.46569,0.046,,834,0.653,0.63,4675,-0.78186,12.7781,175.2563039,-44.4041485
OGLE-2017-BLG-0406L b,OGLE-2017-BLG-0406L,Microlensing,2020,OGLE,1,1,130,14.2,,3.5,,,0.56,,,,5200,268.999667,-29.8631389
KMT-2017-BLG-0428L b,KMT-2017-BLG-0428L,Microlensing,2023,KMTNet,1,1,5.59,2.23,,1.81,,,0.34,,,,5400,271.38525,-28.4902806
Kepler-698 b,Kepler-698,Transit,2016,Kepler,1,1,13.1,3.68,16.32976218,0.1255,0,727,0.94,0.91,5612,0.38841,1995.57,288.5099994,41.3017465
WASP-121 b,WASP-121,Transit,2016,SuperWASP,1,1,371.8592362,19.52604438,1.27492504,0.02571,0,2409,1.33,1.461,6628,0.64372,269.898,107.6002312,-39.0972705
GJ 536 c,GJ 536,Radial Velocity,2025,Multiple Facilities,1,2,5.89,2.3,32.761,0.1617,0,290.5,0.528,0.529,3641,-1.35291,10.4092,210.2597264,-2.6522901
TOI-663 b,TOI-663,Transit,2024,Transiting Exoplanet Survey Satellite (TESS),1,3,4.45,2.27,2.598902,0.0295,,674,0.514,0.512,3681,-1.37033,64.2308,160.0658525,-8.5110827
TOI-1259 A b,TOI-1259 A,Transit,2021,Transiting Exoplanet Survey Satellite (TESS),2,1,140.1623275,11.45557828,3.477978,0.0407,0,963,0.744,0.711,4775,-0.58996,118.106,282.1001665,79.2564761
Qatar-4 b,Qatar-4,Transit,2017,Qatar,1,1,1938.763,12.722215,1.8053564,0.02803,0,1385,0.896,0.849,5215,-0.31785,329.036,4.859275,44.0275965
K2-113 b,K2-113,Transit,2017,K2,1,1,410.0007,12.14,5.817685,0.0642,0,1098,1.04,1.24,5660,0.0086,635.722,19.4493823,6.8688469
TOI-150.01,TOI-150,Transit,2019,Transiting Exoplanet Survey Satellite (TESS),1,1,797.7533,14.067295,5.857487,0.07037,0.262,1404.5,1.351,1.526,6255,0.49651,336.267,112.965421,-73.6060358
TOI-2107 b,TOI-2107,Transit,2024,Transiting Exoplanet Survey Satellite (TESS),1,1,263.7975778,13.57407563,2.4545467,0.03515,0.033,1397,0.961,0.932,5627,-0.10458,236.705,286.7965405,-58.6968348
Kepler-1321 b,Kepler-1321,Transit,2016,Kepler,1,3,21.5,4.92,11.12830484,0.0781,0,408,0.54,0.53,4094,-0.8624,769.146,294.528597,46.6408737
HD 10180 h,HD 10180,Radial Velocity,2010,La Silla Observatory,1,6,64.4,9.4,2205,3.381,0.095,,1.06,1.109,5911,0.17319,38.9607,24.4731133,-60.5114881
HD 7924 b,HD 7924,Radial Velocity,2008,W. M. Keck Observatory,1,3,2058.256764,,5.39792,0.06,0.06,825.9,0.65,0.78,5131,-0.40636,16.9922,20.4956562,76.7101475
HIP 57274 d,HIP 57274,Radial Velocity,2011,W. M. Keck Observatory,1,3,167.4,14.2,431.7,1.01,0.27,,0.73,0.68,4640,0.19,25.8618,176.1705487,30.9576484
HD 215152 e,HD 215152,Radial Velocity,2018,La Silla Observatory,1,4,975.4153811,,25.1967,0.15417,0,,0.77,0.73,4935,-0.52254,21.5974,340.8380941,-6.4020685
KMT-2020-BLG-0414L c,KMT-2020-BLG-0414L,Microlensing,2021,KMTNet,1,2,8581.366989,11.9,,22.3,,,0.49,,,,1220,271.915,-28.4852222
GJ 328 b,GJ 328,Radial Velocity,2013,McDonald Observatory,1,2,797.7493016,13.3,3771,4.11,0.227,,0.65,0.63,3897,-1.08,20.5266,133.7819507,1.5420011
HD 16175 b,HD 16175,Radial Velocity,2009,Lick Observatory,1,1,1875.187601,12.8,990,2.12,0.6,,1.63,1.72,5981,0.50786,59.859,39.2577379,42.0624526
Kepler-1195 b,Kepler-1195,Transit,2016,Kepler,1,1,4.98,2.08,8.49642241,0.0726,0,702,0.74,0.71,4965,-0.44607,918.566,284.3510523,40.8529319
Kepler-739 b,Kepler-739,Transit,2016,Kepler,1,1,11,3.32,12.53248465,0.1054,0,775,0.93,0.9,5601,0.01798,1370.65,290.067994,46.5791535
14 And b,14 And,Radial Velocity,2008,Okayama Astrophysical Observatory,1,1,1131.151301,13.1,186.76,0.775,0,,1.78,11.55,4888,1.83992,75.4392,352.82415,39.2358367
K2-146 c,K2-146,Transit,2019,K2,1,2,7.49,2.19,4.00498,0.0327,0.075,,0.331,0.33,3385,-1.82391,79.3002,130.0266951,19.0923416
OGLE-2013-BLG-0341L B b,OGLE-2013-BLG-0341L B,Microlensing,2014,OGLE,2,1,1.66,1.16,,0.702,,,0.1127,,,,911,268.031208,-29.8461111
TOI-1248 b,TOI-1248,Transit,2024,Transiting Exoplanet Survey Satellite (TESS),1,1,27.4,6.8084859,4.3601561,0.051,0,952.09,0.9042,0.8686,5205,-0.30016,168.735,259.0235918,63.1056072
Qatar-7 b,Qatar-7,Transit,2019,Qatar,1,1,597.5204,19.0553,2.032046,0.0352,0,2053,1.409,1.564,6387,0.56348,705.981,358.5151344,37.0218242
HATS-22 b,HATS-22,Transit,2017,HATSouth,1,1,870.8542,10.682177,4.7228124,0.05025,0.079,858,0.759,0.689,4803,-0.64589,229.518,174.0098693,-29.5433642
TOI-4465 b,TOI-4465,Transit,2025,Transiting Exoplanet Survey Satellite (TESS),1,1,1872.009317,14.01122587,101.94054,0.416,0.24,427,0.93,1.014,5545,-0.07267,121.139,276.1340312,15.8418856
TOI-5788 c,TOI-5788,Transit,2026,Transiting Exoplanet Survey Satellite (TESS),1,2,6.4,2.272,16.213362,0.1197,0.046,667,0.87,0.87,5615,-0.14752,97.614,287.4249017,31.7615284
TOI-5788 b,TOI-5788,Transit,2026,Transiting Exoplanet Survey Satellite (TESS),1,2,3.72,1.528,6.340758,0.064,0.061,910,0.87,0.87,5615,-0.14752,97.614,287.4249017,31.7615284
HAT-P-38 b,HAT-P-38,Transit,2012,HATNet,1,1,84.857,9.247,4.640382,0.0523,0.067,1082,0.886,0.923,5330,-0.208,255.206,35.3834942,32.2460441
HD 106315 b,HD 106315,Transit,2017,K2,1,2,12.6,2.44,9.55237,0.0907,0.093,1153,1.091,1.296,6327,0.39454,109.353,183.4724742,-0.3934357
TOI-1136 g,TOI-1136,Transit,2022,Transiting Exoplanet Survey Satellite (TESS),1,6,5.6,2.53,39.545,0.229,0.04,574,1.022,0.968,5770,-0.02687,84.5362,192.1848981,64.8552755
TOI-5232 b,TOI-5232,Transit,2024,Transiting Exoplanet Survey Satellite (TESS),1,1,743.7184724,12.778238,4.0966692,0.05593,0.035,1772,1.389,1.785,6500,0.71265,609.388,294.3374248,35.2764934
TOI-912 b,TOI-912,Transit,2025,Transiting Exoplanet Survey Satellite (TESS),1,1,5.1,1.93,4.6780691,0.041,0.58,551,0.418,0.419,3572,-1.59007,26.1072,229.3285665,-80.4733446
V1298 Tau e,V1298 Tau,Transit,2019,K2,3,4,15.3,10.17,48.677714,0.2689,0.0124,527,1.1,1.32,4970,-0.02045,108.199,61.331654,20.1570318
V1298 Tau c,V1298 Tau,Transit,2019,K2,3,4,4.7,5.08,8.249164,0.0824,0.0094,953,1.1,1.32,4970,-0.02045,108.199,61.331654,20.1570318
Kepler-1914 b,Kepler-1914,Transit,2021,Kepler,1,1,8.97,2.9429803,30.82789993,0.1954,0,585,1.047,0.96,5982,0.07728,1621.56,291.4314024,38.6543635
Kepler-224 c,Kepler-224,Transit,2014,Kepler,1,4,9.91,3.12,5.925003,0.058,0,758,0.777,0.676,5018,-0.51445,782.088,290.9342679,47.3575414
HAT-P-64 b,HAT-P-64,Transit,2021,HATNet,1,1,184.3404761,19.08889413,4.007232,0.05387,0.101,1766,1.298,1.735,6457,0.66839,651.897,68.9743955,2.4312732
TOI-1768.01,TOI-1768,Transit,2024,Transiting Exoplanet Survey Satellite (TESS),1,1,11.8,3.453,7.337703649,0.076381,,1566,1.1,1.1,5994,0.145,157.597,152.1027826,55.5399599
HATS-40 b,HATS-40,Transit,2018,HATSouth,1,1,505.3497,17.71022,3.2642736,0.04997,0.312,2101,1.561,2.26,6460,0.90309,1342.29,100.5712467,-29.77678
BD+45 564 b,BD+45 564,Radial Velocity,2021,Haute-Provence Observatory,1,1,432.2466335,13.6,307.88,0.83,0.12,,0.81,0.813064,5004,-0.39918,53.622,32.9470485,45.9242187
Kepler-911 b,Kepler-911,Transit,2016,Kepler,1,1,7.27,2.6,20.310501,0.15594,0,931,1.34,1.99,6112,0.70686,556.168,298.5891948,40.7506921
HD 102329 c,HD 102329,Radial Velocity,2018,W. M. Keck Observatory,1,2,483.1016,13.5,1123,,0.209,,1.3,6.3,4830,1.29226,217.107,176.6941567,3.4742143
TOI-5803 b,TOI-5803,Transit,2023,Transiting Exoplanet Survey Satellite (TESS),1,1,10.7,3.2732,5.38305,,,678.87,0.87,0.7625,5134,-0.43899,84.0126,327.2487497,6.2781777
TOI-1749 c,TOI-1749,Transit,2021,Transiting Exoplanet Survey Satellite (TESS),1,3,14,2.12,4.4929,0.0443,0.019,673,0.58,0.55,3985,-1.15649,99.5561,282.7372281,64.419466
TOI-431 b,TOI-431,Transit,2021,Transiting Exoplanet Survey Satellite (TESS),1,3,3.07,1.28,0.490047,0.0113,0,1862,0.78,0.731,4850,-0.56509,32.5686,83.2692502,-26.7238698
Kepler-795 b,Kepler-795,Transit,2016,Kepler,2,1,3.46,1.68,29.6193421,0.1803,0,580,0.94,0.96,5631,-0.02178,492.122,291.0189951,38.5455728
TOI-2158 b,TOI-2158,Transit,2022,Transiting Exoplanet Survey Satellite (TESS),1,1,260.6192937,10.76062147,8.60077,0.075,0.07,1188,1.12,1.41,5673,0.2308,198.473,276.8100527,20.5268868
Kepler-163 b,Kepler-163,Transit,2014,Kepler,1,2,1.16,1.05,7.810937,0.078,0,906,0.882,0.917,5776,-0.13799,689.814,295.0027458,46.9873389
Kepler-1987 c,Kepler-1987,Transit,2023,Kepler,1,4,2.33,1.33,3.64830183,0.0427,0,860,0.799,0.714,4769,-0.61631,595.683,295.8254663,42.9433716
Kepler-668 b,Kepler-668,Transit,2016,Kepler,1,1,7.75,2.7,8.35390639,0.0768,0,790,0.87,0.82,5352,-0.39647,784.618,285.4992845,49.2772713
WISPIT 2 b,WISPIT 2,Imaging,2025,Paranal Observatory,1,2,1541.467774,17.93436912,,57,,,1.08,1.418,4400,-0.15552,134.907,290.8209991,-7.6820823
WISPIT 2 c,WISPIT 2,Imaging,2026,Multiple Observatories,1,2,3178.28407,17.93436912,,14,,2050,1.08,1.3,4530,-0.17,134.907,290.8209991,-7.6820823
CWISEP J193518.59-154620.3 b,CWISEP J193518.59-154620.3,Imaging,2025,James Webb Space Telescope (JWST),1,1,4926.340309,12.2,,2.48,,390,0.024,,,,14.43,293.8262172,-15.7725727
TOI-2046 b,TOI-2046,Transit,2022,Transiting Exoplanet Survey Satellite (TESS),1,1,731.0053361,16.14093221,1.4971842,,,1828.82,1.13,1.21,6250,0.27967,289.668,16.1849423,74.3313055
TOI-2459 b,TOI-2459,Transit,2023,Transiting Exoplanet Survey Satellite (TESS),1,1,9.03,2.9531,19.104718,,,445.01,0.66,0.6751,4195,-0.89565,36.6113,82.1433321,-39.3730456
Kepler-989 b,Kepler-989,Transit,2016,Kepler,1,1,5.52,2.21,7.964315352,0.0734,0,805,0.82,0.78,5074,-0.42689,491.978,281.5827983,47.2334674
HD 109833 b,HD 109833,Transit,2022,Transiting Exoplanet Survey Satellite (TESS),1,2,8.69,2.888,9.188526,,0.18,786,1.08,1,5881,0.07188,79.5561,189.7758591,-74.5740205
TOI-1758 b,TOI-1758,Transit,2024,Transiting Exoplanet Survey Satellite (TESS),1,1,6.9,3.62,20.70507469,0.141409,0,551.44,0.88,0.81,5169,-0.37263,96.6215,354.741581,75.6852317
HATS-51 b,HATS-51,Transit,2017,HATSouth,1,1,244.09344,15.80469,3.3488702,0.04639,0.33,1553,1.187,1.44,5758,0.30963,389.57,102.8474248,-29.0586551
HR 858 d,HR 858,Transit,2019,Transiting Exoplanet Survey Satellite (TESS),2,3,7.1,2.001,11.230511,0.1046,0,1061,1.204,1.258,6354,0.36361,31.964,42.9849779,-30.8140609
Kepler-1446 b,Kepler-1446,Transit,2016,Kepler,1,1,0.477,0.82,0.689967832,0.01405,0,1539,0.81,0.75,4865,-0.65135,152.075,289.4240357,46.7260823
Kepler-956 b,Kepler-956,Transit,2016,Kepler,1,1,9.27,3,5.248672631,0.06017,0,1056,1.1,1.15,6040,0.05208,544.939,292.5308289,49.0616555
Kepler-102 c,Kepler-102,Transit,2014,Kepler,1,5,1.7,0.567,7.071392,0.06702,0.094,777,0.803,0.724,4909,-0.58436,107.796,281.4824731,47.2078263
TOI-3493 b,TOI-3493,Transit,2025,Transiting Exoplanet Survey Satellite (TESS),1,1,8.97,3.22,8.1594667,,,1102,1.023,1.228,5844,0.19294,96.7224,205.7990331,-22.5854441
Wolf 327 b,Wolf 327,Transit,2024,Transiting Exoplanet Survey Satellite (TESS),1,1,2.53,1.24,0.5734745,0.01,0,996,0.405,0.406,3542,-1.62986,28.5321,148.3783199,35.570548
K2-414 b,K2-414,Transit,2022,K2,1,2,1.98,1.219,4.3696,0.0487,,,0.814,0.732,4343,-0.70538,260.036,351.6361913,-4.6066569
HATS-74 A b,HATS-74 A,Transit,2021,HATSouth,2,1,464.0294742,11.56766808,1.73185606,0.02384,0.044,895.1,0.601,0.5758,3776.9,-1.2161,299.389,171.0147921,-19.5569588
TOI-880 c,TOI-880,Transit,2025,Transiting Exoplanet Survey Satellite (TESS),1,2,21.7,4.95,6.3872703,0.0635,,805,0.87,0.83,5050,-0.44771,60.6679,94.1644734,-13.987337
TOI-1278 b,TOI-1278,Transit,2021,Transiting Exoplanet Survey Satellite (TESS),1,1,5879.82553,12.21778896,14.47567,0.095,0.013,407.87,0.54,0.573,3799,-1.21183,75.5759,320.4784442,35.648625
WASP-97 b,WASP-97,Transit,2014,SuperWASP,1,1,432.2488,12.77826,2.07276,0.03303,0,1555,1.18,1.08,5640,0.07149,151.068,24.6051389,-55.7720006
TOI-2096 b,TOI-2096,Transit,2023,Transiting Exoplanet Survey Satellite (TESS),1,2,2.08,1.243,3.1190633,0.025,0.15,445,0.231,0.235,3300,-2.22768,48.4809,151.6186989,74.8272107
Kepler-98 b,Kepler-98,Transit,2014,Kepler,1,1,3.55,1.99,1.54168,0.02614,0,1592,0.99,1.11,5539,-0.13324,350.315,285.6616933,37.9645672
Kepler-238 b,Kepler-238,Transit,2014,Kepler,1,5,3305.02,1.73,2.090876,0.034,0,1642,1.229,1.43,5751,0.43048,1798.75,287.8971066,40.6378141
Kepler-67 b,Kepler-67,Transit,2013,Kepler,1,1,8.96,2.94,15.7259,0.1171,0,602,0.865,0.778,5331,-0.37633,1131.19,294.1533505,46.1663976
WASP-46 b,WASP-46,Transit,2011,SuperWASP,1,1,607.0553,13.159366,1.43036763,0.02335,0,1636,0.828,0.858,5600,-0.11113,375.31,318.7370122,-55.8718634
WASP-48 b,WASP-48,Transit,2011,SuperWASP,1,1,254.264,16.8135,2.14363,0.03444,0,2035,0.88,1.58,5920,0.58013,454.144,291.1623865,55.4730273
WASP-6 b,WASP-6,Transit,2009,SuperWASP,1,1,148.4258661,12.5428494,3.3610026,0.04217,0.054,1167,0.854,0.79,5438,-0.29675,197.119,348.1571282,-22.6741248
PDS 70 b,PDS 70,Imaging,2018,Paranal Observatory,1,2,1017.050902,21.96960217,43500,20.8,0.17,1392,0.982,1.26,4109,-0.45593,113.064,212.0421402,-41.3980405
TYC 8998-760-1 b,TYC 8998-760-1,Imaging,2020,Paranal Observatory,1,2,4449.62,12.3,,162,,,1,0.953811,4573,-0.339,94.6177,201.3001096,-64.9391566
TrES-5 b,TrES-5,Transit,2011,TrES,1,1,568.9157,13.383546,1.48224686,0.02459,0,1480,0.901,0.868,5171,-0.34382,360.313,305.2219454,59.4489033
WASP-114 b,WASP-114,Transit,2016,SuperWASP-North,2,1,562.24127,15.008851,1.5487743,0.02851,0.012,2043,1.289,1.43,5940,0.33294,523.337,327.6656953,10.4629385
TOI-2094 b,TOI-2094,Transit,2026,Transiting Exoplanet Survey Satellite (TESS),1,1,4.27,1.9,18.793193,0.136,,276,0.425,0.384,3435,-1.74473,50.0248,254.1425333,70.0273157
HD 114386 c,HD 114386,Radial Velocity,2026,Las Campanas Observatory,1,2,117.5965106,13.4,444,1.05,0.1,,0.8,0.76,4895,-0.54,27.9243,197.6652124,-35.0561807
TOI-1442 b,TOI-1442,Transit,2022,Transiting Exoplanet Survey Satellite (TESS),1,1,1.71,1.17,0.4090677,0.0071,,1072,0.29,0.31,3330,-1.97722,41.1659,287.2921006,74.1742762
WASP-25 b,WASP-25,Transit,2010,SuperWASP,1,1,179.2552216,13.80946422,3.7648337,0.0473,0,1217,0.962,0.884,5697,-0.143,211.416,195.3597581,-27.5222273
TOI-6692 b,TOI-6692,Transit,2026,Transiting Exoplanet Survey Satellite (TESS),1,1,197.0536123,11.67975789,131.125,0.512,0.537,467,1.047,1.385,5890,0.31806,312.903,312.6940436,-81.2723982
TOI-700 c,TOI-700,Transit,2020,Transiting Exoplanet Survey Satellite (TESS),1,4,7.27,2.6,16.051137,0.0929,0.068,356,0.415,0.421,3459,-1.64016,31.1265,97.0957165,-65.5786149
WASP-44 b,WASP-44,Transit,2011,SuperWASP,1,1,276.5121,12.3299,2.423804,0.03453,0,1337,0.935,0.906,5420,-0.19777,364.512,3.9032733,-11.9382645
Kepler-1542 d,Kepler-1542,Transit,2016,Kepler,1,4,0.59,0.87,5.99273738,0.0629,0,1010,0.94,0.99,5564,0.07026,399.114,285.7284757,42.6544651
K2-316 c,K2-316,Transit,2020,K2,1,2,4.01,1.83,5.26,0.0582,,423,0.408,0.379,3436,-1.82964,112.486,233.6247336,-23.2594663
TOI-1295 b,TOI-1295,Transit,2024,Transiting Exoplanet Survey Satellite (TESS),1,1,451.3163379,15.69257298,3.1968838,0.047,0.024,2360,1.38,1.7,6280,0.58659,388.227,256.6722026,67.8715032
K2-115 b,K2-115,Transit,2017,K2,1,1,321.0066911,11.80305668,20.2729914,0.1415,0.063,696,0.918,0.855,5870,-0.10791,413.591,126.5535002,12.281851
LP 890-9 b,LP 890-9,Transit,2022,Transiting Exoplanet Survey Satellite (TESS),1,2,13.2,1.32,2.7299025,0.01875,,396,0.118,0.1556,2850,-2.84134,32.4298,64.1309096,-28.3157909
TOI-261.02,TOI-261,Transit,2021,Transiting Exoplanet Survey Satellite (TESS),1,2,11.2,3.34822227,13.03935862,,,1007.53,1.069,1.31383,5890.3,0.24978,114.495,15.2181412,-24.4239934
TOI-1203 e,TOI-1203,Radial Velocity,2025,La Silla Observatory,1,4,42.1,7.31,204.59,,0.152,,0.886,1.179,5737,0.12977,64.9943,168.2267358,-34.4069371
Kepler-1764 b,Kepler-1764,Transit,2021,Kepler,1,1,18.8,4.55527871,70.46829987,0.3512,0,511,1.162,1.131,6461,0.41465,1542.48,293.8799047,41.3938374
Kepler-1269 b,Kepler-1269,Transit,2016,Kepler,1,1,3.29,1.63,37.3331536,0.23611,0,657,1.1,1.15,5998,0.5557,1097.23,287.8055442,45.3405371
Kepler-681 b,Kepler-681,Transit,2016,Kepler,1,1,9.69,3.08,26.39435646,0.1635,0,489,0.8,0.76,5021,-0.45672,686.923,289.3997364,51.2502428
TOI-4641 b,TOI-4641,Transit,2023,Transiting Exoplanet Survey Satellite (TESS),1,1,1229.995935,8.18255591,22.09341,0.173,0.074,950.11,1.41,1.72,6560,0.69461,86.3501,42.5582023,25.3335334
XO-1 b,XO-1,Transit,2006,XO,1,1,263.7989,12.77826,3.94153,0.0488,0,1210,0.88,0.88,5750,-0.08628,163.553,240.5492745,28.1696248
WASP-190 b,WASP-190,Transit,2019,WASP-South,1,1,317.83,12.89035,5.367753,0.0663,0,1500,1.35,1.6,6400,0.69146,542.251,7.7095292,-40.5734613
TOI-480 b,TOI-480,Transit,2024,Transiting Exoplanet Survey Satellite (TESS),1,1,20.8,2.85372018,6.866196,0.077,0,1198.94,1.2793,1.4877,6174,0.46195,54.5306,88.3784618,-16.2653974
K2-196 b,K2-196,Transit,2018,K2,1,1,12.6,3.59970536,48.324222,,,,1.162095,1.538801,6045,0.64355,584.877,200.4562487,-8.4717104
HD 200964 c,HD 200964,Radial Velocity,2010,Lick Observatory,1,2,385.84562,13.7,852.5,1.96,0.243,,1.39,4.92,4982,1.064,72.5922,316.6664183,3.8033357
Kepler-1315 b,Kepler-1315,Transit,2016,Kepler,1,2,2.48,1.38,0.84338011,0.01617,0,1541,0.8,0.75,4861,-0.62783,480.869,295.8215678,46.0530562
K2-239 d,K2-239,Transit,2018,K2,1,3,1.37,1.1,10.115,0.0685,,399,0.4,0.36,3420,-1.79588,31.0849,160.5941265,4.4413751
Kepler-880 c,Kepler-880,Transit,2023,Kepler,1,2,8.6,2.87,11.8061737,0.1216,0,1407,1.714,2.599,6900,0.66603,601.324,281.9712347,43.6727839
K2-192 b,K2-192,Transit,2018,K2,1,1,2.92,1.52,4.162817,0.049,,939,0.9,0.81,5222,-0.36021,221.753,206.5823122,-11.5563527
TRAPPIST-1 b,TRAPPIST-1,Transit,2016,La Silla Observatory,1,7,1.374,1.116,1.510826,0.01154,0.00622,397.6,0.0898,0.1192,2566,-3.25727,12.42988881,346.6263919,-5.0434618
TRAPPIST-1 c,TRAPPIST-1,Transit,2016,La Silla Observatory,1,7,1.308,1.097,2.421937,0.0158,0.00654,339.7,0.0898,0.1192,2566,-3.25727,12.42988881,346.6263919,-5.0434618
TRAPPIST-1 d,TRAPPIST-1,Transit,2016,La Silla Observatory,1,7,0.388,0.788,4.049219,0.02227,0.00837,286.2,0.0898,0.1192,2566,-3.25727,12.42988881,346.6263919,-5.0434618
TRAPPIST-1 e,TRAPPIST-1,Transit,2017,Multiple Observatories,1,7,0.692,0.92,6.101013,0.02925,0.0051,249.7,0.0898,0.1192,2566,-3.25727,12.42988881,346.6263919,-5.0434618
TRAPPIST-1 f,TRAPPIST-1,Transit,2017,Multiple Observatories,1,7,1.039,1.045,9.20754,0.03849,0.01007,217.7,0.0898,0.1192,2566,-3.25727,12.42988881,346.6263919,-5.0434618
TRAPPIST-1 g,TRAPPIST-1,Transit,2017,Multiple Observatories,1,7,1.321,1.129,12.352446,0.04683,0.00208,197.3,0.0898,0.1192,2566,-3.25727,12.42988881,346.6263919,-5.0434618
TRAPPIST-1 h,TRAPPIST-1,Transit,2017,Multiple Observatories,1,7,0.326,0.755,18.772866,0.06189,0.00567,171.7,0.0898,0.1192,2566,-3.25727,12.42988881,346.6263919,-5.0434618
TOI-4602.01,TOI-4602,Transit,2024,Transiting Exoplanet Survey Satellite (TESS),1,1,7.04,2.550449,3.9812091,0.05099712,,1380.27,1.116795,1.15664,6011.9,0.19715,63.0637,60.6003316,31.3298354
HATS-26 b,HATS-26,Transit,2016,HATSouth,1,1,206.5895,19.61575,3.3023881,0.04735,0.245,1918,1.299,2.04,6071,0.70415,861.843,144.9268593,-28.5856004
K2-190 b,K2-190,Transit,2018,K2,1,2,2.41,1.35673729,10.098858,,,,0.904597,0.912206,5631,-0.06781,160.679,205.3630485,-13.1608686
WASP-186 b,WASP-186,Transit,2020,SuperWASP,1,1,1341.2426,12.44199,5.026799,0.06,0.33,1378.4,1.22,1.47,6361,0.50022,278.514,18.9953122,21.6169065
HD 95338 b,HD 95338,Radial Velocity,2020,Las Campanas Observatory,1,1,42.9,4.27174254,55.082694,0.262,0.197,443,0.848,0.868,5097,-0.3098,36.9941,164.8563364,-56.6235564
TOI-4552 b,TOI-4552,Transit,2026,Transiting Exoplanet Survey Satellite (TESS),1,1,1.83,1.11,0.30110032,0.0056255,0,1122,0.2619,0.2869,3258,-2.07779,27.2684,264.7142556,-47.6370457
TOI-261.01,TOI-261,Transit,2021,Transiting Exoplanet Survey Satellite (TESS),1,2,9.51,3.0449863,3.3639254,0.034792189,,1722.49,0.496728,1.28018,5890.3,0.24978,114.495,15.2181412,-24.4239934
TOI-1054.01,TOI-1054,Transit,2021,Transiting Exoplanet Survey Satellite (TESS),1,1,6.5,2.43432,15.5077855,,,853,1.14,1.17,6122,0.23193,88.4343,302.1141738,-54.3175014
HIP 29442 c,TOI-469,Radial Velocity,2023,Paranal Observatory,1,3,4.5,1.551,3.5379559,0.04518,,1123,0.901,0.98,5289,-0.14921,68.192,93.0578446,-14.6493167
K2-117 c,K2-117,Transit,2017,K2,1,2,4.9,2.06,5.444017,0.0492,0.15,537,0.54,0.51,3778,-1.35655,101.632,133.8557342,10.4692176
HD 18742 b,HD 18742,Radial Velocity,2011,W. M. Keck Observatory,1,1,1080.622,13.1,766,1.82,0.04,,1.36,5.13,4940,1.14301,162.685,45.0443115,-20.8027024
Kepler-873 b,Kepler-873,Transit,2016,Kepler,1,1,13.5,3.75,20.5533844,0.1542,0,749,1.18,1.27,6163,0.13449,1182.22,296.4031319,51.2712773
TOI-3837 b,TOI-3837,Transit,2025,Transiting Exoplanet Survey Satellite (TESS),1,1,187.5187601,10.87271128,11.88865,0.099,0.221,1178,0.89,1.2,5905,0.19618,311.705,152.6662832,24.2731213
K2-136 b,K2-136,Transit,2017,K2,2,3,4.3,1.014,7.9752,0.0707,0.14,610,0.742,0.677,4500,-0.7765,59.2474,67.4128615,22.8825674
HAT-P-51 b,HAT-P-51,Transit,2015,HATNet,1,1,97.57332095,13.50682174,4.21802091,0.05042,0.07,1168.2,0.961,0.995,5453,-0.10237,440.089,21.0651251,32.8107
Kepler-1297 b,Kepler-1297,Transit,2016,Kepler,1,1,0.871,0.97,1.68189002,0.0283,0,1790,0.99,0.99,5818,0.30193,1439.47,289.9564415,47.0203466
Kepler-80 f,Kepler-80,Transit,2016,Kepler,1,6,4459.73,1.21,0.9867873,0.0175,0.186,1054,0.73,0.678,4540,-0.76955,369.451,296.1125759,39.9787451
Kepler-113 c,Kepler-113,Transit,2014,Kepler,1,2,8.7,2.18,8.92507,0.07796,0,628,0.75,0.69,4725,-0.57598,262.351,287.9978721,50.9441847
WASP-8 c,WASP-8,Radial Velocity,2013,SuperWASP,2,2,3003.37,12.5,4323,5.28,0,,1.04,0.96,5690,-0.05754,89.9606,359.9008737,-35.0313349
Wendelstein-1 b,Wendelstein-1,Transit,2020,Haleakala Observatory,1,1,188.15536,11.5609626,2.663416,0.0282,0.012,2198,0.65,0.61,4251,-0.9377,305.3,299.0506412,17.5699627
HATS-17 b,HATS-17,Transit,2016,HATSouth,1,1,425.25654,8.709393,16.254611,0.1308,0.029,814,1.131,1.091,5846,0.09342,400.331,192.1895676,-47.6136789
TOI-3894 b,TOI-3894,Transit,2024,Transiting Exoplanet Survey Satellite (TESS),1,1,260.6192937,15.27784069,4.33454,0.05354,0.05,1531,1.138,1.502,6000,0.41896,417.365,201.3748265,52.7681036
Kepler-1016 b,Kepler-1016,Transit,2016,Kepler,1,2,5.39,2.18,1.954524342,0.03044,0,1540,0.99,1,5821,0.12363,1402.82,294.613689,45.9846265
WASP-68 b,WASP-68,Transit,2014,SuperWASP,2,1,343.2564,14.79588,5.0843,0.06206,0,1490,1.49,1.79,5910,0.505,226.399,305.0957239,-19.3147271
HAT-P-56 b,HAT-P-56,Transit,2015,HATNet,1,1,734.1873,16.92559,2.79083,0.0423,0.29,1840,1.42,1.47,6566,0.55274,320.639,100.8480137,27.2521823
TOI-6716 b,TOI-6716,Transit,2026,Transiting Exoplanet Survey Satellite (TESS),1,1,0.911,0.982,4.7185898,0.0319,0.88,369,0.223,0.231,3110,-2.31942,18.8873,111.657082,-30.5521801
HD 191939 f,HD 191939,Radial Velocity,2022,W. M. Keck Observatory,1,6,915.3458122,13.2,2898,3.71,0,125,0.81,0.94,5348,-0.18709,53.6089,302.0256247,66.8503014
HD 235088 b,HD 235088,Transit,2023,Transiting Exoplanet Survey Satellite (TESS),1,1,4.15,1.982,7.4341325,0.0706,0,805,0.849,0.772,5075,-0.4437,41.1706,300.6154535,53.3774418
HIP 55507 b,HIP 55507,Radial Velocity,2022,Multiple Observatories,1,1,2585.534091,12.6,5138.43727,5.062,0.362,,0.65,0.723643,4171,-0.8453,25.4893,170.5227246,46.907803
WASP-79 b,WASP-79,Transit,2012,SuperWASP,1,1,270.154146,17.14974047,3.662392,0.0519,0,1716.2,1.39,1.51,6600,0.66447,246.69,66.3709016,-30.6004362
HD 77946 b,HD 77946,Transit,2024,Transiting Exoplanet Survey Satellite (TESS),1,1,10.9,2.89646124,6.527363,0.073,0.211,1128.86,1.1973,1.3174,6007,0.30878,99.451,136.777644,46.6724251
TOI-1136 d,TOI-1136,Transit,2022,Transiting Exoplanet Survey Satellite (TESS),1,6,8.35,4.627,12.5199,0.1062,0.042,843,1.022,0.968,5770,-0.02687,84.5362,192.1848981,64.8552755
OGLE-2019-BLG-0299L b,OGLE-2019-BLG-0299L,Microlensing,2021,OGLE,1,1,1976.892692,12.7,,2.8,,,0.59,,,,5830,266.6794583,-23.5843111
TOI-500 e,TOI-500,Radial Velocity,2022,La Silla Observatory,1,4,15.05,3.99,61.3,,0.073,,0.74,0.678,4440,-0.70002,47.3924,106.559098,-47.5878156
Kepler-1651 b,Kepler-1651,Transit,2017,Kepler,2,1,4.04,1.84,9.87863917,0.0692,0.13,393,0.522,0.503,3713,-1.368,66.4074,283.6282602,48.3908081
Kepler-1354 b,Kepler-1354,Transit,2016,Kepler,1,1,9.11,2.97,76.613377,0.3521,0,466,1.16,1.24,6168,0.30208,1119.45,291.2451266,37.7590079
HD 100546 b,HD 100546,Imaging,2014,Paranal Observatory,1,1,2701.54146,77.3421,,53,,,2.4,1.85288,10500,1.5,109.677,173.3555116,-70.1947897
HD 158996 b,HD 158996,Radial Velocity,2018,Bohyunsan Optical Astronomical Observatory,1,1,4449.62,12.3,820.2,2.1,0.13,,1.8,50.3,4069,3.01481,283.659,259.9051092,80.1364033
Kepler-610 b,Kepler-610,Transit,2016,Kepler,1,2,16.3,4.19,6.996926554,0.0719,0,888,1.1,1.13,5943,-0.11034,845.824,293.1713241,45.0655934
Kepler-1053 b,Kepler-1053,Transit,2016,Kepler,1,1,0.904,0.98,2.414351654,0.0315,0,953,0.74,0.69,4529,-0.89512,151.129,291.4186349,39.1273664
Kepler-1932 b,Kepler-1932,Transit,2021,Kepler,1,1,2.91,1.51482218,0.524177015,0.0123,0,1891,0.911,0.815,5278,-0.35191,713.733,285.3314903,41.0638435
Kepler-340 c,Kepler-340,Transit,2014,Kepler,1,2,11.3,3.37,22.824669,0.178,0,946,1.65,1.85,6620,0.86749,808.762,295.933471,40.3005515
Kepler-940 b,Kepler-940,Transit,2016,Kepler,1,1,11.1,3.34,59.6225257,0.3059,0,486,0.97,0.96,5769,-0.05668,1260.78,294.2413053,47.2759642
Kepler-524 c,Kepler-524,Transit,2016,Kepler,1,2,0.84,0.96,1.88897906,0.03046,0,1574,1.09,1.1,6014,0.43947,1058.24,296.8591787,49.1620125
Kepler-534 c,Kepler-534,Transit,2021,Kepler,1,2,2.02,1.227,7.378689766,0.0761,0,933,1.075,0.965,5936,0.14739,570.659,296.4185696,49.540148
Kepler-647 b,Kepler-647,Transit,2016,Kepler,1,2,1.71,1.17,16.2254649,0.12237,0,788,1.03,1.07,6020,0.41834,1087.87,284.7882977,44.5916225
GJ 317 c,GJ 317,Radial Velocity,2018,W. M. Keck Observatory,1,2,454.494622,13.6,6500,5.04,0.217,,0.402,0.403,3496,-1.68663,15.1968,130.2445254,-23.452809
Kepler-130 b,Kepler-130,Transit,2014,Kepler,2,3,1.04,1.02,8.457458,0.079,0.15,982,0.927,1.127,5884,0.19831,316.663,288.4505905,40.2452006
Kepler-1955 b,Kepler-1955,Transit,2021,Kepler,1,1,1.69,1.16654878,14.26519966,0.11959,0,853,1.049,1.291,5825,0.22965,449.351,299.5347603,40.4777528
K2-154 b,K2-154,Transit,2018,K2,1,2,4.62,1.99,3.67626,0.0405,,715,0.65,0.63,4097,-1.01773,129.356,189.0015173,-2.6696217
Kepler-1869 c,Kepler-1869,Transit,2023,Kepler,1,2,0.33,0.74,1.716828304,0.028,0,1455,0.987,0.902,5808,-0.05012,113.025,292.6149958,42.7643438
Kepler-537 b,Kepler-537,Transit,2016,Kepler,1,1,2.57,1.41,3.247555219,0.04317,0,1181,1.07,0.99,5763,-0.03874,439.4,289.8805804,51.2769907
Kepler-1546 b,Kepler-1546,Transit,2016,Kepler,1,1,9.96,3.13,19.5974971,0.1366,0,671,0.95,0.93,5623,-0.12963,931.956,297.5839183,41.5411993
HD 106515 A b,HD 106515 A,Radial Velocity,2012,La Silla Observatory,2,1,6006.956892,12.1,3626,4.48,0.571,,0.89,0.91,5362,-0.16368,34.0915,183.7762699,-7.2575413
Kepler-1030 b,Kepler-1030,Transit,2016,Kepler,1,1,6.71,2.48,19.32952416,0.1338,0,529,0.8,0.76,4983,-0.55288,758.702,293.6819098,45.8175241
HATS-13 b,HATS-13,Transit,2015,HATSouth,1,1,172.58169,13.585308,3.0440499,0.04057,0.181,1244,0.962,0.887,5523,-0.32121,421.855,316.9614798,-26.0967205
WASP-47 e,WASP-47,Transit,2015,K2,1,4,9,1.83,0.78961,0.01673,0,1992,1.058,1.156,5565,0.03167,264.78,331.203092,-12.019067
TOI-4379 b,TOI-4379,Transit,2024,Transiting Exoplanet Survey Satellite (TESS),1,1,353.743017,16.69017226,3.25352,,0.018,1869.38,1.372,1.976,6020,0.63749,645.158,252.0478813,-32.4337532
K2-28 b,K2-28,Transit,2016,K2,1,1,5.99,2.32,2.260455,0.0214,0,568,0.257,0.288,3214,-1.9397,62.9969,335.6233145,-7.9563525
TOI-500 d,TOI-500,Radial Velocity,2022,La Silla Observatory,1,4,33.12,6.35,26.233,,0.016,,0.74,0.678,4440,-0.70002,47.3924,106.559098,-47.5878156
HD 155918 b,HD 155918,Radial Velocity,2022,Multiple Observatories,1,2,7.62788177,2.67,1.87567,0.03,0.194,,1.03,1.01906,5771.84,0.01635,27.561,260.5364025,-75.349239
Kepler-1866 b,Kepler-1866,Transit,2021,Kepler,1,1,4.99,2.08215108,11.66009998,0.1016,0,834,1.03,1.083,5791,0.14386,976.737,286.2246453,44.6544869
TOI-4582 b,TOI-4582,Transit,2023,Transiting Exoplanet Survey Satellite (TESS),1,1,168.4490557,10.53644186,31.034,,0.51,614.66,1.34,2.5,5190,0.612,383.846,256.8601374,68.8656263
TOI-2274 b,TOI-2274,Transit,2024,Transiting Exoplanet Survey Satellite (TESS),1,1,6.57,2.45,2.67963,0.05,,771.46,0.612,0.631,3943,-1.06233,48.876,277.459311,40.5414117
TOI-1751 b,TOI-1751,Transit,2024,Transiting Exoplanet Survey Satellite (TESS),1,1,19.5,2.9507845,37.46852,0.215,0.327,651.64,0.9382,1.3137,5970,0.29732,113.335,243.4888534,63.5335297
HATS-67 b,HATS-67,Transit,2018,HATSouth,1,1,460.8535,18.887165,1.6091788,0.03032,0.057,2193,1.435,1.441,6594,0.54654,960.109,180.2087883,-46.1364201
TOI-4145 A b,TOI-4145 A,Transit,2023,Transiting Exoplanet Survey Satellite (TESS),2,1,136.666215,13.30506009,4.0664428,0.04823,0,1074,0.905,0.859,5281,-0.28735,205.387,39.4297435,80.2673838
WASP-178 b,WASP-178,Transit,2019,WASP-South,1,1,527.5978,20.28829,3.3448285,0.0558,0,2470,2.07,1.67,9360,1.21484,427.678,227.270329,-42.7049658
HD 25463 b,HD 25463,Transit,2023,Transiting Exoplanet Survey Satellite (TESS),1,2,8.7,2.54535814,7.0491423,0.076,0,1198.46,1.251,1.4182,6353,0.47276,45.6181,60.7483361,9.2077676
Kepler-1990 b,Kepler-1990,Transit,2023,Kepler,1,2,10.7,3.27,1.73513619,0.0286,0,1554,1.028,1.071,5751,0.11702,392.739,299.7047433,44.4357068
Kepler-633 c,Kepler-633,Transit,2021,Kepler,1,2,5.89,2.296,23.78319931,0.16246,0,725,0.997,1.265,5877,0.236,680.54,295.2173259,40.5921599
KMT-2021-BLG-0240L b,KMT-2021-BLG-0240L,Microlensing,2022,KMTNet,1,1,66.74396547,9.6,,2.8,,,0.56,,,,6600,267.5772917,-30.0049694
Kepler-397 c,Kepler-397,Transit,2014,Kepler,1,2,31.6,6.18,135.498527,0.48,0,295,0.844,0.767,5307,-0.376,969,295.8940373,42.3805156
Kepler-781 b,Kepler-781,Transit,2016,Kepler,1,1,8.7,2.89,13.2140732,0.1019,0,629,0.81,0.78,5162,-0.38375,1064.47,287.6535874,47.4147762
Kepler-1021 b,Kepler-1021,Transit,2016,Kepler,1,1,6.04,2.33,13.47469571,0.1034,0,634,0.89,0.86,5431,-0.28836,810.082,295.2048999,42.5596699
TOI-5592 b,TOI-5592,Transit,2025,Transiting Exoplanet Survey Satellite (TESS),1,1,285.7277379,17.14974047,2.6085846,0.03935,0.062,1789,1.194,1.393,6237,0.4216,597.026,106.6800684,65.857249
TOI-1338 c,TOI-1338 A,Radial Velocity,2023,Multiple Observatories,2,2,75.4,10.3,215.79,0.794,0.037,,1.0936,1.313,5723.2,0.32898,399.017,92.1330955,-59.5409853
K2-232 b,K2-232,Transit,2018,K2,1,1,126.49634,11.209,11.168454,0.10356,0.258,1030,1.188,1.161,6154,0.23805,130.72,73.7667927,18.654323
Kepler-1952 b,Kepler-1952,Transit,2021,Kepler,1,1,2.07,1.23923346,27.21080017,0.1724,0,725,0.922,1.305,5973,0.291,852.062,288.0764082,43.9584839
Kepler-216 c,Kepler-216,Transit,2014,Kepler,1,2,9.48,3.04,17.406669,0.136,0,814,1.126,1.26,6091,0.51836,1187.47,293.7280695,46.1291139
HD 153950 b,HD 153950,Radial Velocity,2008,La Silla Observatory,1,1,937.5985,13.2,499.39999,1.28,0.34,,1.25,1.28,6124,0.34635,48.4549,256.1292826,-43.3103753
Kepler-1431 b,Kepler-1431,Transit,2016,Kepler,1,1,2.76,1.47,5.86601526,0.0648,0,1064,1.03,1.03,5806,0.24349,1623.24,292.6583919,49.8651522
GJ 806 c,GJ 806,Radial Velocity,2023,Multiple Observatories,1,2,5.8,2.28,6.64064,0.0523,,490,0.413,0.4144,3600,-1.58528,12.0445,311.2697002,44.5002351
WASP-42 b,WASP-42,Transit,2012,SuperWASP,1,1,167.49641,12.576498,4.9816819,0.0561,0.062,1021,0.951,0.892,5315,-0.36094,177.291,192.981203,-42.0736165
TOI-1775 b,TOI-1775,Transit,2024,Transiting Exoplanet Survey Satellite (TESS),1,1,96,8.04728896,10.2405549,0.08,0,707.89,0.9218,0.8288,5284,-0.31605,149.234,150.1151015,39.4577506
TOI-2796 b,TOI-2796,Transit,2023,Transiting Exoplanet Survey Satellite (TESS),1,1,139.8444991,17.26183028,4.8084983,0.0569,0,1205,1.063,1.069,5764,0.05538,350.343,84.1527191,0.8962788
GJ 849 b,GJ 849,Radial Velocity,2006,W. M. Keck Observatory,1,2,283.8207675,13.9,1925.31,2.32,0.029,,0.45,0.45,3467,-1.59,8.80058,332.4229938,-4.6408317
Kepler-347 b,Kepler-347,Transit,2014,Kepler,1,3,4.54,1.97,12.79836,0.11,0,908,0.922,1.005,6088,0.34232,1298.88,289.1995995,49.3056404
HATS-31 b,HATS-31,Transit,2016,HATSouth,1,1,279.6904,18.38276,3.37796,0.0478,0.233,1823,1.275,1.87,6050,0.61909,773.974,191.7028214,-24.4273897
TOI-2427 b,TOI-2427,Transit,2022,Transiting Exoplanet Survey Satellite (TESS),1,1,3.89,1.8,1.3060011,0.0202,,1117,0.64,0.65,4072,-0.94244,28.5147,52.2917315,-31.3628665
HD 110067 d,HD 110067,Transit,2023,Multiple Observatories,3,6,8.52,2.852,20.519617,0.1362,,602,0.798,0.788,5266,-0.36224,32.1585,189.8392243,20.0273377
Kepler-1514 c,Kepler-1514,Transit,2020,Kepler,1,2,1.74,1.1758241,10.514181,0.0997,0.32,1066,1.196,1.289,6145,0.32838,397.292,292.6274943,37.8601653
Kepler-68 e,Kepler-68,Radial Velocity,2023,Roque de los Muchachos Observatory,2,4,86.4493267,11.2,3455,4.6,0.33,,1.057,1.2564,5847,0.23106,144.166,291.0323102,49.0402129
TOI-332 b,TOI-332,Transit,2023,Transiting Exoplanet Survey Satellite (TESS),1,1,57.2,3.2,0.777038,0.0159,0,1871,0.88,0.87,5251,-0.22143,222.852,348.0589516,-44.8764852
TOI-880.02,TOI-880,Transit,2024,Transiting Exoplanet Survey Satellite (TESS),1,2,5.43,2.19,2.57571,0.0349,,1085,0.87,0.83,5050,-0.44771,60.6679,94.1644734,-13.987337
WASP-123 b,WASP-123,Transit,2016,SuperWASP,2,1,285.72917,15.13212395,2.97764359,0.04263,0,1500,1.166,1.285,5740,0.16234,197.996,289.4792124,-32.8601244
EPIC 246851721 b,EPIC 246851721,Transit,2018,K2,2,1,953.49,11.780659,6.180235,0.07229,,1401,1.317,1.586,6202,0.52634,372.632,78.9198197,16.2786991
HD 80653 b,HD 80653,Transit,2020,K2,1,2,5.72,1.613,0.719573,0.01661,0,2463,1.18,1.22,5959,0.24,109.86,140.3390845,14.3678691
TOI-6130 b,TOI-6130,Transit,2024,Transiting Exoplanet Survey Satellite (TESS),1,1,333.7198274,14.3474953,2.392679,0.036,0.036,1750,1.31,1.51,6110,0.4609,220.882,339.2050832,16.8271941
Kepler-396 b,Kepler-396,Transit,2013,Kepler,1,2,75.5,3.5,42.994,0.24067,0,496,0.85,1.06,5656,-0.13461,223.757,296.1328135,48.9773095
K2-338 b,K2-338,Transit,2021,K2,1,1,1.08,1.03,3.850614,,,783,0.66,0.63,4558,-0.83644,156.951,124.3609294,17.0241557
KMT-2019-BLG-1367L b,KMT-2019-BLG-1367L,Microlensing,2023,KMTNet,1,1,4.08,1.85,,1.7,,,0.25,,,,4670,272.4713333,-29.7622111
CoRoT-7 b,CoRoT-7,Transit,2009,CoRoT,1,3,4.07660518,1.68135,0.85359163,0.017016,0,1756,0.82,0.83,5275,-0.28938,159.906,100.9561682,-1.0630076
K2-34 b,K2-34,Transit,2016,K2,1,1,539.67534,13.75,2.9956348,0.0442,0,1687,1.16,1.42,6168,0.3997,348.646,127.5787231,22.2359194
K2-43 c,K2-43,Transit,2019,K2,1,2,6.44,2.42,2.198884,,,1093.7,0.571,0.542,3840.6,-1.21241,182.536,169.117028,-3.9754405
TOI-1422 c,TOI-1422,Radial Velocity,2025,Roque de los Muchachos Observatory,1,2,14,2.61,34.5633,0.205,0.2,628,0.9903,1.019,5840,0.04766,155.141,354.240829,39.6392793
TOI-1683.01,TOI-1683,Transit,2024,Transiting Exoplanet Survey Satellite (TESS),1,1,7.45,2.6382,3.0575356,0.036507593,,929.25,0.694661,0.7,4402,-0.78662,51.1884,65.9796504,27.8223701
TOI-5143 c,TOI-5143,Transit,2025,Transiting Exoplanet Survey Satellite (TESS),1,1,,16.25302201,5.2097118,0.05602,,904.48,0.864,0.852,5183,-0.28635,181.38,165.3651202,5.1394812
NGTS-25 b,NGTS-25,Transit,2022,Next-Generation Transit Survey (NGTS),1,1,203.0923521,11.46678726,2.823093,0.0388,0,1101,0.91,0.86,5321,-0.29158,521.233,307.4182976,-39.0323568
HD 34445 f,HD 34445,Radial Velocity,2017,Multiple Observatories,1,6,37.9,6.88,676.8,1.543,0.031,,1.07,1.38,5836,0.3032,46.0907,79.4207483,7.3527156
TOI-5726.01,TOI-5726,Transit,2024,Transiting Exoplanet Survey Satellite (TESS),1,1,7.05,2.554,5.491125215,0.062186,,1093.03,1.06,1.106,5874,0.11832,108.848,123.3950504,68.5745899
TOI-1260 b,TOI-1260,Transit,2021,Transiting Exoplanet Survey Satellite (TESS),1,3,8.56,2.41,3.127463,0.0367,0,871,0.679,0.672,4227,-0.88941,73.5977,157.1440712,65.8541986
WASP-184 b,WASP-184,Transit,2019,WASP-South,1,1,181.1631,14.90797,5.1817,0.0627,0,1480,1.23,1.65,6000,0.50133,663.231,209.51701,-30.348153
TOI-3976 A b,TOI-3976 A,Transit,2023,Transiting Exoplanet Survey Satellite (TESS),2,1,55.61997123,12.27383387,6.607662,0.0743,0,1295,1.254,1.501,5975,0.41296,516.087,224.3560083,44.2743223
HD 156846 b,HD 156846,Radial Velocity,2007,La Silla Observatory,2,1,3391.2461,12.4,359.51001,1.12,0.85,,1.38,1.9,6090,0.69723,47.7332,260.1423366,-19.334365
Kepler-399 c,Kepler-399,Transit,2014,Kepler,1,3,2.63,1.43,26.67569,0.155,0,630,0.902,0.68,5502,-0.418,740.537,299.5017242,40.6707669
Kepler-1802 b,Kepler-1802,Transit,2021,Kepler,1,2,3.43,1.671,15.45020008,0.0662,0,581,0.649,0.637,4245,-0.925,636.694,300.2420869,44.1412854
TOI-4155 b,TOI-4155,Transit,2025,Transiting Exoplanet Survey Satellite (TESS),1,1,10.4,3.21,3.320729,,,1255,1.16,0.95,5724,0.0658,240.737,325.6362269,77.7343836
TOI-431 c,TOI-431,Radial Velocity,2021,La Silla Observatory,1,3,2.83,1.49,4.8494,0.052,0,867,0.78,0.731,4850,-0.56509,32.5686,83.2692502,-26.7238698
TOI-451 c,TOI-451,Transit,2020,Transiting Exoplanet Survey Satellite (TESS),2,3,3.7,2.93,9.192463,0.0795,0,865,0.93,0.85,5490,-0.22915,123.739,62.966385,-37.93973
TOI-451 d,TOI-451,Transit,2020,Transiting Exoplanet Survey Satellite (TESS),2,3,10.2,3.93,16.364962,0.1168,0,714,0.93,0.85,5490,-0.22915,123.739,62.966385,-37.93973
PDS 70 c,PDS 70,Imaging,2019,European Southern Observatory,1,2,2383.713053,22.19378179,,34.3,0.037,1054,0.982,1.26,4109,-0.45593,113.064,212.0421402,-41.3980405
WASP-171 b,WASP-171,Transit,2019,WASP-South,1,1,344.52772,10.98482,3.8186244,0.0504,0,1642,1.171,1.637,5965,0.67172,757.84,171.8450533,-44.0887035
HATS-42 b,HATS-42,Transit,2018,HATSouth,1,1,597.5204,15.6926,2.292102,0.03689,0.229,1856,1.273,1.48,6060,0.42488,800.377,108.4523991,-33.4373462
WASP-151 b,WASP-151,Transit,2017,SuperWASP-South,1,1,100.4337766,13.30506009,4.5334775,0.055,0,1312,1.081,1.181,5871,0.14485,453.099,349.0634651,0.3066895
HD 63433 d,HD 63433,Transit,2023,Transiting Exoplanet Survey Satellite (TESS),1,3,1.25,1.073,4.209075,0.0503,0.16,1040,0.99,0.912,5688,-0.12494,22.4035,117.4793699,27.3631342
HD 35843 b,HD 35843,Radial Velocity,2025,Paranal Observatory,1,2,5.84,2.29,9.8991,0.088,0,,0.94,0.897,5666,-0.12494,69.6026,81.3488924,-44.4312849
WASP-130 b,WASP-130,Transit,2016,SuperWASP-South,1,1,390.9309,9.97601,11.55098,0.1012,0,833,1.04,0.96,5625,-0.03215,172.256,203.1060194,-42.4752733
Kepler-1099 b,Kepler-1099,Transit,2016,Kepler,1,1,8.4,2.83,2.168452593,0.0337,0,1558,1.01,1,5837,-0.11906,1022.8,288.7499866,48.2771163
Kepler-289 b,Kepler-289,Transit,2014,Kepler,1,4,3.7,2.49,34.5383,0.21183,0,607,1.08,1,5990,0.061,704.438,297.4653351,42.8828517
TOI-277 b,TOI-277,Transit,2022,Transiting Exoplanet Survey Satellite (TESS),1,1,7.51,2.65,3.994,0.0269,,587.92,0.16,0.362,4031,-1.3504,64.6692,19.0766985,-20.9532772
KOI-94 c,KOI-94,Transit,2013,Kepler,2,4,15.6,4.32,10.423648,0.1013,0.43,1012,1.277,1.52,6182,0.479,477.052,297.3330716,41.8911186
TOI-2986 b,TOI-2986,Transit,2025,Transiting Exoplanet Survey Satellite (TESS),1,1,96.61983573,9.292245,3.2783662,0.04489,0.14,1622,1.122,1.458,5906,0.36773,563.149,163.7715605,-6.4784524
mu2 Sco b,mu2 Sco,Imaging,2022,Paranal Observatory,1,1,4576.729061,12.3,,242.4,0.56,,9.1,5.6,21700,3.8,,253.0838724,-38.0176339
Kepler-1863 b,Kepler-1863,Transit,2021,Kepler,1,1,5.74,2.26309256,44.99760056,0.23678,0,508,1.097,0.983,5871,0.40952,865.546,282.2397185,43.2440854
KMT-2025-BLG-1616L b,KMT-2025-BLG-1616L,Microlensing,2026,KMTNet,1,1,42.32,7.34,,1.6,,,0.26,,,,7500,267.778875,-30.1391111
KOINTREAU-1 b,XEST 17-036,Imaging,2026,W. M. Keck Observatory,1,1,3368.981114,12.4,,690,,,0.26,,3551,,158.618,68.359288,22.758056
WASP-29 b,WASP-29,Transit,2010,SuperWASP,1,1,73.1009,8.63093,3.92273,0.0457,0.03,970,0.77,0.79,4800,-0.52509,87.5953,357.8791976,-39.9071215
HD 221416 b,HD 221416,Transit,2019,Transiting Exoplanet Survey Satellite (TESS),1,1,60.5,9.17,14.2767,0.1228,0.115,1314.67,1.212,2.943,5080,0.71181,95.5483,353.0331863,-21.8012007
XO-2 S b,XO-2 S,Radial Velocity,2014,Roque de los Muchachos Observatory,2,3,82.6358,10.9,18.157,0.13,0.18,,0.98,1,5399,-0.12302,151.398,117.0309753,50.2169068
Kepler-475 b,Kepler-475,Transit,2016,Kepler,1,1,6.76,2.49,3.105508189,0.03989,0,980,0.86,0.79,5009,-0.46424,280.069,287.051694,40.2114232
Kepler-1836 b,Kepler-1836,Transit,2021,Kepler,1,1,7.05,2.55303229,5.254169941,0.0602,0,1093,1.053,0.987,6123,0.01616,1472.62,292.3150933,40.8387799
Kepler-896 c,Kepler-896,Transit,2023,Kepler,1,2,10.1,3.15,29.5422566,0.1792,0,515,0.877,0.803,5510,0.48148,2334.93,282.4391402,43.7344291
Barnard e,Barnard's star,Radial Velocity,2025,Gemini Observatory,1,4,0.193,0.637,6.7392,0.0381,0.04,340,0.162,0.185,3195,-2.44977,1.82655,269.4486144,4.7379808
Kepler-385 b,Kepler-385,Transit,2014,Kepler,1,3,12.8,2.73,10.043686,0.097,0,951,0.992,1.126,6326,0.14374,1432.61,294.3385109,50.3365178
EPIC 201238110 b,EPIC 201238110,Transit,2019,K2,1,1,4.16,1.87,28.1656,,,,0.41,0.374,3587,-1.50834,159.259,179.7058532,-3.3894613
Kepler-691 b,Kepler-691,Transit,2016,Kepler,1,1,5.02,2.09,8.114379,0.0649,0,460,0.53,0.5,3715,-1.30464,279.115,288.8117314,40.0332311
Kepler-20 g,Kepler-20,Radial Velocity,2016,Multiple Observatories,2,6,19.96,4.71,34.94,0.2055,0.15,524,0.948,0.9639,5495,-0.16451,282.563,287.6979913,42.3385782
Kepler-332 b,Kepler-332,Transit,2014,Kepler,1,3,1.71,1.17,7.626324,0.07,0,703,0.743,0.72,4955,-0.5837,344.19,286.6627811,47.4136938
Kepler-1041 b,Kepler-1041,Transit,2016,Kepler,1,1,8.96,2.94,24.7576421,0.1688,0,644,1.06,1.08,5957,0.48914,1485.82,293.8817361,49.6831419
Kepler-1578 b,Kepler-1578,Transit,2016,Kepler,1,1,1.12,1.04,1.450886907,0.0252,0,1700,0.9,0.86,5545,-0.16523,1064.05,288.3021104,47.7756227
Kepler-1966 b,Kepler-1966,Transit,2021,Kepler,1,1,1.39,1.10479327,8.617429733,0.0763,0,733,0.797,0.84,5009,-0.56655,484.601,292.4637788,41.2990438
Kepler-1987 d,Kepler-1987,Transit,2023,Kepler,1,4,7.56,2.66,5.644914154,0.0571,0,744,0.799,0.714,4769,-0.61631,595.683,295.8254663,42.9433716
Kepler-819 b,Kepler-819,Transit,2016,Kepler,1,1,8.05,2.76,33.1995648,0.1894,0,485,0.86,0.81,5279,-0.39773,664.306,295.3708312,39.1772925
Kepler-887 c,Kepler-887,Transit,2016,Kepler,1,2,1.51,1.13,7.63846023,0.0801,0,1089,1.19,1.29,6194,0.44617,886.588,290.0907893,39.8169085
Kepler-306 d,Kepler-306,Transit,2014,Kepler,1,4,6.66,2.47,17.326644,0.12,0,535,0.75,0.719,4954,-0.4693,775.679,288.5387145,40.6160545
Kepler-177 c,Kepler-177,Transit,2013,Kepler,1,2,14.7,8.73,49.40926,0.25655,0,497,0.921,1.324,5732,0.24,1435.44,286.0471442,45.0532038
Kepler-635 b,Kepler-635,Transit,2016,Kepler,1,1,7.46,2.64,23.44971004,0.18332,0,802,1.33,1.51,6174,0.73514,1141.08,289.7732613,40.8007019
Kepler-1083 b,Kepler-1083,Transit,2016,Kepler,1,1,11.2,3.36,33.4177993,0.1899,0,448,0.81,0.77,5049,-0.47303,902.633,283.1618831,45.198336
Kepler-79 d,Kepler-79,Transit,2014,Kepler,1,4,6,7.16,52.0902,0.287,0.025,592,1.165,1.302,6174,0.342,1020.72,300.5171067,44.3815508
Kepler-195 c,Kepler-195,Transit,2014,Kepler,1,2,3.02,1.55,34.096863,0.197,0,469,0.867,0.775,5329,-0.36708,652.051,288.1209339,47.9666141
Kepler-1661 b,Kepler-1661,Transit,2020,Kepler,2,1,17,3.87,175.06,0.633,0.057,243,0.841,0.762,5100,-0.51299,410.607,285.1670927,41.9669383
HATS-25 b,HATS-25,Transit,2016,HATSouth,1,1,194.82979,14.12334,4.2986432,0.05163,0.176,1277,0.994,1.107,5715,0.06819,471.158,207.9076746,-23.7812403
TOI-836 b,TOI-836,Transit,2023,Transiting Exoplanet Survey Satellite (TESS),1,2,4.53,1.704,3.81673,0.0422,0.053,871,0.678,0.665,4552,-0.85276,27.5024,225.0798831,-24.4542022
K2-413 b,K2-413,Transit,2022,K2,1,2,0.363,0.7599,0.8094,0.0117,,,0.808,0.7,4116,-0.83322,285.162,353.4175668,-7.6120272
Kepler-212 b,Kepler-212,Transit,2014,Kepler,1,2,1.32,1.09,16.257582,0.133,0,830,1.166,1.455,5852,0.38347,687.194,287.6208165,43.1416239
Kepler-195 b,Kepler-195,Transit,2014,Kepler,1,2,4.78,2.03,8.307872,0.077,0,751,0.867,0.775,5329,-0.36708,652.051,288.1209339,47.9666141
K2-83 c,K2-83,Transit,2016,K2,1,2,2.8,1.483,9.99767,0.07131,0.06,,0.484,0.424,3910,-1.20362,125.529,59.9013782,15.5587994
Kepler-24 d,Kepler-24,Transit,2014,Kepler,1,4,293.959,1.67,4.244384,0.051,0,1305,1.046,1.289,5897,0.064,1156.81,290.4132621,38.3437283
Kepler-15 b,Kepler-15,Transit,2011,Kepler,1,1,209.76,10.76,4.942782,0.05714,0.06,1251,1.018,0.992,5515,-0.087,739.412,296.2005506,49.1400304
Kepler-83 d,Kepler-83,Transit,2014,Kepler,2,3,4.1,1.94,5.169796,0.051,0,569,0.58,0.594,4648,-1.10237,400.409,282.2325197,43.6655662
Kepler-143 c,Kepler-143,Transit,2014,Kepler,1,2,11.3,3.37,27.082511,0.181,0,703,0.982,1.359,5848,0.29363,809.467,298.0676519,49.412541
Kepler-1116 b,Kepler-1116,Transit,2016,Kepler,1,1,6.99,2.54,41.6977827,0.233,0,488,0.95,0.93,5641,-0.14676,1008.57,291.9336573,44.1154992
HD 141399 d,HD 141399,Radial Velocity,2014,Multiple Observatories,1,4,375.0394,13.7,1069.8,2.09,0.074,,1.07,1.387236,5600,0.2014,37.0169,236.7235392,46.986288
Kepler-159 c,Kepler-159,Transit,2014,Kepler,1,2,11.5,3.41,43.595792,0.218,0,275,0.628,0.663,4625,-0.75443,373.744,297.0702037,40.868734
HIP 67851 b,HIP 67851,Radial Velocity,2015,Multiple Observatories,1,2,365.5026681,13.7,89.23,0.42,0.13,,1.28,5.45,4840,1.16673,64.1181,208.465364,-35.3146536
Kepler-54 d,Kepler-54,Transit,2014,Kepler,1,3,12.0946,1.53,20.995694,0.126,0,328,0.518,0.554,4252,-1.30103,271.701,294.7739245,43.0561976
YZ Cet d,YZ Cet,Radial Velocity,2017,La Silla Observatory,1,3,1.09,1.03,4.65626,0.02851,0.07,356.7,0.142,0.157,3151,-2.65857,3.71207,18.1330792,-16.9962434
Kepler-1608 b,Kepler-1608,Transit,2016,Kepler,1,1,3.64,1.73,16.4735686,0.1126,0,612,0.75,0.72,4992,-0.537,832,295.563555,39.41757
Kepler-152 b,Kepler-152,Transit,2014,Kepler,1,2,8.2,2.79,18.207973,0.124,0,551,0.779,0.724,5088,-0.46488,441.09,286.8653826,41.9889571
HD 125612 b,HD 125612,Radial Velocity,2007,W. M. Keck Observatory,2,3,945.2216824,13.2,557.69994,1.349,0.446,,1.05,1.07,5900,0.06,57.6207,215.2227183,-17.4818147
Kepler-1641 c,Kepler-1641,Transit,2016,Kepler,1,2,9.01,2.95,32.657212,0.2065,0,767,1.12,1.19,6152,0.13083,860.37,296.359456,41.5745321
K2-45 b,K2-45,Transit,2016,K2,1,1,36.4,6.71,1.7292684,0.0224,0.1,1073.56,0.503,0.445,4103,-0.73994,495.317,169.6327547,-1.7740582
HD 68475 b,HD 68475,Radial Velocity,2026,Las Campanas Observatory,1,1,1639.99458,12.8,7832,7.27,0.62,,0.83,0.79099,5022,-0.44562,33.4297,122.7192621,-42.8128841
TrES-3 b,TrES-3,Transit,2007,TrES,1,1,607.03,14.975,1.30618581,0.02282,0,1638,0.928,0.829,5650,-0.20412,231.337,268.0291106,37.5463268
Kepler-968 c,Kepler-968,Transit,2016,Kepler,1,3,3.5,1.69,5.709404918,0.052,0,644,0.76,0.7,4598,-0.7626,290.324,285.6025889,50.1120401
HD 165131 b,HD 165131,Radial Velocity,2023,Multiple Facilities,1,1,5943.391211,12.1,2342.6,3.54,0.6708,,1.06,1.06419,5870,0.08329,57.4263,271.3444007,-21.6737039
WASP-105 b,WASP-105,Transit,2017,SuperWASP-South,1,1,572.094,10.76064,7.87288,0.075,0,900,0.89,0.9,5070,-0.02427,169.272,24.1678686,-50.659308
WASP-91 b,WASP-91,Transit,2017,SuperWASP-South,1,1,425.8922,11.54527,2.798581,0.037,0,1160,0.84,0.86,4920,-0.3827,149.942,357.846434,-70.1528621
G 268-110 b,G 268-110,Radial Velocity,2025,Calar Alto Observatory,1,1,1.52,1.13,1.43263,0.01283,0,534,0.137,0.177,,-2.63971,,16.223688,-18.124802
Kepler-1463 b,Kepler-1463,Transit,2016,Kepler,1,1,4.12,1.86,25.15864,0.1694,0,619,0.96,0.95,5679,0.09195,1687.47,294.4872785,42.0069064
Kepler-712 c,Kepler-712,Transit,2016,Kepler,1,2,21,4.85,226.89047,0.66479,0,236,0.84,0.78,5148,-0.48393,872.493,294.9096739,42.9351987
Kepler-1948 b,Kepler-1948,Transit,2021,Kepler,1,1,1.09,1.03283226,15.57129955,0.1022,0,399,0.585,0.557,3872,-0.8617,193.903,287.3640804,47.7853043
Kepler-146 c,Kepler-146,Transit,2014,Kepler,1,2,9.96,3.13,76.732171,0.364,0,473,1.079,1.208,5948,0.14794,716.797,294.1107631,38.7102222
Kepler-711 b,Kepler-711,Transit,2016,Kepler,1,1,11.5,3.41,23.58914398,0.1429,0,487,0.84,0.8,5222,-0.49939,624.575,297.4600468,42.8398172
Kepler-1080 b,Kepler-1080,Transit,2016,Kepler,1,1,10.8,3.28,77.2548396,0.3781,0,548,1.1,1.16,5956,0.86064,1382.82,296.4644914,49.1828952
WASP-113 b,WASP-113,Transit,2016,SuperWASP-North,1,1,150.96925,15.793481,4.542168745,0.05885,0,1496,1.318,1.608,5890,0.51621,435.156,224.8728589,46.9600996
Kepler-248 c,Kepler-248,Transit,2014,Kepler,1,2,15.6,4.07,16.239494,0.123,0,598,0.838,0.831,5190,-0.41834,738.792,293.0613138,43.5813577
HD 133131 A c,HD 133131 A,Radial Velocity,2016,Las Campanas Observatory,2,3,133.4886,14.3,3568,4.49,0.49,,0.95,0.955014,5799,-0.01658,51.4736,225.8984524,-27.8431369
Kepler-1319 b,Kepler-1319,Transit,2016,Kepler,2,1,2.36,1.34,2.886762645,0.0296,0.33,557,0.56,0.54,3655,-1.45739,103.917,290.9564463,49.3667933
Kepler-678 b,Kepler-678,Transit,2016,Kepler,1,1,23.1,5.14,7.27503724,0.0732,0,833,0.94,0.91,5520,0.44927,1826.15,295.4552577,50.4945093
Kepler-1535 b,Kepler-1535,Transit,2016,Kepler,1,1,7.04,2.55,138.9442,0.5329,0,384,1.08,1.11,6021,0.16473,897.733,286.613685,38.8919507
Kepler-39 b,Kepler-39,Transit,2011,Kepler,1,1,6388.1,13.9,21.08721,0.164,0.112,897,1.29,1.4,6350,0.34593,1057.41,296.9603348,46.0342954
Kepler-1532 b,Kepler-1532,Transit,2016,Kepler,1,1,2.39,1.35,1.093663559,0.0206,0,1681,0.91,0.88,5559,-0.14116,798.246,296.902784,41.1981424
Kepler-808 b,Kepler-808,Transit,2016,Kepler,1,1,2.73,1.46,0.631332353,0.01314,0,1322,0.76,0.71,4653,-0.6837,321,291.5941514,48.4454907
KELT-10 b,KELT-10,Transit,2016,KELT-South,1,1,215.80657,15.681391,4.1662739,0.0525,,1377,1.112,1.209,5948,0.21748,188.404,284.5483823,-47.0033072
WASP-119 b,WASP-119,Transit,2016,SuperWASP-South,1,1,390.9309,15.6926,2.49979,0.0363,0.058,1600,1.02,1.2,5650,0.07465,302.448,55.9336392,-65.19378
WASP-69 b,WASP-69,Transit,2014,SuperWASP,1,1,82.58,11.21,3.86813881,0.0453,0,971,0.83,0.801,4792,-0.48149,49.9605,315.0259661,-5.094857
WASP-94 A b,WASP-94 A,Transit,2014,SuperWASP,2,2,158.915,17.71022,3.95019,0.055,0,1604,1.67,1.48,6170,0.50992,211.211,313.7832393,-34.1357512
TOI-682.01,TOI-682,Transit,2021,Transiting Exoplanet Survey Satellite (TESS),1,1,13.5,3.74186,6.8392388,,,1090,0.85,1.08,5085,-0.14982,83.1548,167.88543,-22.0727803
TOI-7384 b,TOI-7384,Transit,2026,Transiting Exoplanet Survey Satellite (TESS),1,1,12.4,3.56,6.2340258,0.0439,0.4,378,0.318,0.319,3185,-2.02507,66.7902,83.1031834,-39.8342501
Kepler-335 c,Kepler-335,Transit,2014,Kepler,1,2,9.64,3.07,67.844469,0.356,0,592,1.367,1.854,5877,0.57766,1278.97,296.0642944,45.4285986
TOI-1453 b,TOI-1453,Transit,2025,Transiting Exoplanet Survey Satellite (TESS),2,2,2.32,1.173,4.3135225,,0,944.2,0.715,0.72,4975,-0.57539,78.7415,258.2232705,57.1977779
TOI-2141 b,TOI-2141,Transit,2023,Transiting Exoplanet Survey Satellite (TESS),1,3,20.1,3.147,18.261608,0.1322,0.21,728,0.896,0.95,5635,-0.05,77.682,258.7623456,18.3403449
Kepler-94 c,Kepler-94,Radial Velocity,2014,W. M. Keck Observatory,1,2,3126,12.5,820.3,1.596806621,0.345931,,0.81,0.76,4781,-0.61348,191.904,281.1947316,47.4972606
GJ 1132 b,GJ 1132,Transit,2015,Cerro Tololo Inter-American Observatory,1,2,1.83704819,1.19151465,1.62892911,0.0157,0.0118,583.8,0.1945,0.2211,3229,-2.32148,12.613,153.7090696,-47.1549358
Kepler-966 b,Kepler-966,Transit,2016,Kepler,1,1,16,4.13,99.747622,0.3907,0,391,1.02,1.02,5840,0.23291,1027.8,297.270576,50.1218365
EPIC 220492298 b,EPIC 220492298,Transit,2021,K2,1,1,0.937,0.99,0.762406,,,,0.95,0.89,5620,-0.0088,624.512,16.7615005,6.588798
HATS-28 b,HATS-28,Transit,2016,HATSouth,1,1,213.58176,13.383546,3.1810781,0.04131,0.202,1253,0.929,0.922,5498,-0.15739,535.383,284.3997616,-49.1385126
HATS-29 b,HATS-29,Transit,2016,HATSouth,1,1,207.54299,14.022459,4.6058749,0.05475,0.158,1212,1.032,1.073,5670,0.02938,353.891,285.0965172,-54.8933408
WASP-54 b,WASP-54,Transit,2012,SuperWASP,2,1,187.5197,17.71022,3.69364,0.04988,0.07,1759,1.08,1.76,6100,0.57477,251.303,205.4542456,-0.1281712
HD 63935 b,HD 63935,Transit,2021,Transiting Exoplanet Survey Satellite (TESS),1,2,10.5,2.91575244,9.058807,0.083,0,825.22,0.9406,0.9598,5513,-0.11464,48.9739,117.9246417,9.3852412
WASP-149 b,WASP-149,Transit,2025,SuperWASP,1,1,314.9679513,15.24421375,1.332813,0.024,0,1855,1.05,1.08,5750,0.04343,211.73,124.073681,-8.6865813
K2-403 b,K2-403,Transit,2022,K2,1,1,24.6,5.333,33.589979,,,949,0.784,0.886,5511,-0.17121,246.599,164.1893864,9.6739464
Kepler-260 c,Kepler-260,Transit,2014,Kepler,1,2,3.68,1.74,76.050178,0.332,0,372,1.013,0.862,5250,-0.09198,627.365,291.9259658,38.0140525
Kepler-140 c,Kepler-140,Transit,2014,Kepler,1,2,3.89,1.8,91.353282,0.414,0,428,1.044,1.288,6077,0.25061,583.859,287.3694056,46.7681473
HATS-15 b,HATS-15,Transit,2016,HATSouth,1,1,689.6911,12.385945,1.74748753,0.02712,0.126,1505,0.871,0.922,5311,-0.20412,1139.55,311.0920041,-19.4375266
TOI-2128 b,TOI-2128,Transit,2024,Transiting Exoplanet Survey Satellite (TESS),1,1,4.5,2.08874836,16.34136,0.127,0,780.53,1.0251,1.1174,5968,0.15625,36.578,256.9817998,32.1053027
MASCARA-1 b,MASCARA-1,Transit,2017,Multiple Observatories,1,1,1175.971,17.90074218,2.14877381,0.040352,0.00034,2594.3,1.9,2.082,7490,1.08279,182.273,317.5515264,10.7388967
Kepler-14 b,Kepler-14,Transit,2011,Kepler,2,1,2669.66,12.733,6.790123,0.0771,0.035,1605,1.512,2.048,6395,0.799,798,287.708814,47.33305
K2-24 c,K2-24,Transit,2016,K2,1,2,15.4,7.5,42.3391,0.247,0.07,542,1.07,1.16,5625,0.15836,170.562,242.5734559,-24.9906029
WASP-129 b,WASP-129,Transit,2016,SuperWASP-South,2,1,317.83,10.42437,5.748145,0.0628,0.096,1100,1,0.9,5900,0.11182,301.462,176.2990518,-42.0639575
WASP-124 b,WASP-124,Transit,2016,SuperWASP-South,1,1,190.698,13.89916,3.37265,0.0449,0.017,1400,1.07,1.02,6050,0.14934,448.637,332.7143373,-30.7497189
Kepler-941 b,Kepler-941,Transit,2016,Kepler,1,1,9.69,3.08,17.42395198,0.1311,0,722,0.89,0.86,5539,-0.20576,1088.36,294.3262617,47.2175461
Kepler-85 c,Kepler-85,Transit,2012,Kepler,1,4,2.15,1.978,12.51,0.10363,0.027,706,0.928,0.875,5505.2,-0.2123,765.025,290.9734395,45.2902761
Kepler-734 b,Kepler-734,Transit,2016,Kepler,1,1,12.4,3.56,6.104852856,0.0583,0,784,0.85,0.78,5326,0.37395,1157.21,297.0456122,46.0273893
GJ 2030 b,GJ 2030,Radial Velocity,2022,Multiple Observatories,1,2,4.76742611,2.03,2.38129,0.034,0.239,,0.96,2.24104,5485,0.6123,37.0788,50.8237604,-7.7950429
KELT-9 b,KELT-9,Transit,2017,KELT-North,2,1,915.3504,21.196219,1.4811235,0.03462,0,4050,2.52,2.362,10170,1.72428,204.455,307.8598998,39.9389161
NGTS-1 b,NGTS-1,Transit,2017,Next-Generation Transit Survey (NGTS),1,1,258.07796,14.90797,2.647298,0.0326,0.016,790,0.617,0.573,3916,-1.15326,218.121,82.7142134,-36.6309812
K2-157 d,K2-157,Radial Velocity,2025,Paranal Observatory,1,3,23.3,5.16,66.5,0.309,0.5,429.1,0.89,0.86,5334,-0.2102,298.373,183.7514959,-5.7820178
Kepler-599 b,Kepler-599,Transit,2016,Kepler,1,1,8.45,2.84,15.65562652,0.1128,0,623,0.83,0.79,5127,-0.52232,558.517,285.9115968,41.0695091
HATS-52 b,HATS-52,Transit,2017,HATSouth,1,1,711.9392,15.490838,1.36665436,0.02498,0.246,1834,1.111,1.046,6010,0.06819,555.134,140.0875894,-31.2692116
HATS-53 b,HATS-53,Transit,2017,HATSouth,1,1,189.10885,15.02006,3.8537768,0.04753,0.33,1312,0.964,1.101,5644,0.04532,585.77,176.628323,-33.8600764
WASP-139 b,WASP-139,Transit,2016,SuperWASP-South,2,1,37.18611,8.9672,5.924262,0.062,0,910,0.92,0.8,5310,-0.34535,212.472,49.562173,-41.3020235
WASP-142 b,WASP-142,Transit,2016,SuperWASP-South,1,1,266.9772,17.14977,2.052868,0.0347,0,2000,1.33,1.64,6010,0.51325,730.933,140.5063164,-23.946102
Kepler-1203 b,Kepler-1203,Transit,2016,Kepler,1,1,1.2,1.06,0.588000765,0.0114,0,1188,0.64,0.61,4105,-0.85362,317.022,292.7734523,44.178088
55 Cnc b,55 Cnc,Radial Velocity,1996,Lick Observatory,2,7,263.9785,13.9,14.651552,0.118,0.0029,700,1.015,0.98,5198,-0.19695,12.5855,133.1468373,28.3298154
47 UMa c,47 UMa,Radial Velocity,2001,Lick Observatory,1,3,171.621,14.2,2391,3.6,0.098,,1.06,1.21334,5872,0.1978,13.7967,164.8647611,40.4304931
61 Vir d,61 Vir,Radial Velocity,2009,Multiple Observatories,1,3,22.9,5.11,123.01,0.476,0.35,,0.942,0.963,5577,-0.095,8.50332,199.596455,-18.3157745
61 Vir b,61 Vir,Radial Velocity,2009,Multiple Observatories,1,3,5.1,2.11,4.215,0.050201,0.12,,0.942,0.963,5577,-0.095,8.50332,199.596455,-18.3157745
HD 136352 b,HD 136352,Radial Velocity,2019,La Silla Observatory,1,3,4.72,1.664,11.57797,0.0964,0,905,0.87,1.058,5664,0.0162,14.682,230.4401147,-48.3188174
Kepler-1720 b,Kepler-1720,Transit,2021,Kepler,1,1,10.4,3.21585295,12.70639992,0.1043,0,697,0.939,0.839,5573,-0.33619,629.445,296.8086813,47.1718557
HD 4732 c,HD 4732,Radial Velocity,2012,Multiple Observatories,2,2,1069.49259,13.1,3184.2,4.725,0.187,,1.39,5.03,4898,1.11826,54.7841,12.3085089,-24.1369079
Kepler-549 b,Kepler-549,Transit,2016,Kepler,1,3,11,2.57,42.9495649,0.23236,0,487,0.88,0.84,5360,-0.30618,635.145,283.0228527,47.2611431
HD 147513 b,HD 147513,Radial Velocity,2003,La Silla Observatory,2,1,385,13.7,528.4,1.32,0.26,,1.11,0.98,5883,-0.01,12.9032,246.0057894,-39.1929661
HD 160691 c,HD 160691,Radial Velocity,2004,Anglo-Australian Telescope,1,4,1398.444991,,3947,4.17,0.039,,1.13,1.33,5773,0.27848,15.5981,266.0361585,-51.8348751
Kepler-19 c,Kepler-19,Transit Timing Variations,2011,Kepler,1,3,13.1,3.68,28.731,0.1765737,0.21,,0.936,0.859,5544,-0.16056,218.562,290.4209694,37.8516556
Kepler-1727 b,Kepler-1727,Transit,2021,Kepler,1,1,10.2,3.17321625,9.029299736,0.0796,0,757,0.824,0.82,5349,-0.25065,894.187,290.3336142,38.7282722
ITG 15 b,ITG 15 A,Imaging,2024,European Space Agency (ESA) Gaia Satellite,2,1,6674.396547,12.1,,435,,2601,,,,,136.37,69.9370379,26.0312128
Kepler-531 b,Kepler-531,Transit,2016,Kepler,1,1,8.15,2.78,29.88485741,0.17446,0,453,0.78,0.75,4893,-0.55216,252.762,286.5246582,48.6835481
Kepler-1182 b,Kepler-1182,Transit,2016,Kepler,1,1,6.39,2.41,11.17394617,0.0981,0,796,1.04,1.05,5924,0.25605,1545.39,296.3079895,43.8213706
KELT-19 A b,KELT-19 A,Transit,2017,KELT,2,1,1293.5681,21.40919,4.6117093,0.0637,,1935,1.62,1.83,7500,0.97772,300.276,111.5095293,7.6157759
KELT-21 b,KELT-21,Transit,2018,KELT-North,1,1,1242.7153,17.777474,3.6127647,0.05224,0,2051,1.458,1.638,7598,0.90472,470.878,304.8000322,32.5810446
HD 37124 b,HD 37124,Radial Velocity,2002,W. M. Keck Observatory,1,3,214.53525,14,154.378,0.53364,0.054,,0.85,0.949168,5698.64,-0.11224,31.6634,84.2599947,20.7289784
Kepler-513 b,Kepler-513,Transit,2016,Kepler,1,1,5.48,2.2,28.86235584,0.1779,0,623,1.02,1.06,5849,0.07874,468.258,285.0416235,50.0753913
HD 330075 b,HD 330075,Radial Velocity,2004,La Silla Observatory,1,1,152.5584,14.3,3.38773,0.04,0,990,0.47,0.84,5000,-0.33,45.2989,237.4054997,-49.9639199
Kepler-1329 b,Kepler-1329,Transit,2016,Kepler,1,1,5.35,2.17,9.33646594,0.0747,0,577,0.72,0.69,4500,-0.77081,588.037,281.6476437,48.2709523
K2-61 b,K2-61,Transit,2016,K2,1,1,4.35,1.92,2.57336,0.0392,,1325,0.97,0.995,5748,-0.01524,405.732,339.6748444,-13.5600447
Kepler-825 c,Kepler-825,Transit,2016,Kepler,1,2,4.04,1.84,8.1818246,0.0759,0,981,1.03,1.08,5976,0.11956,807.85,294.769825,39.3984081
Kepler-382 b,Kepler-382,Transit,2014,Kepler,1,2,2.3,1.32,5.262155,0.055,0,1166,1.002,0.945,5600,0.14553,935.446,299.1362435,45.8699582
K2-165 c,K2-165,Transit,2018,K2,1,3,3.03,1.55409035,4.382745,,,,0.834847,0.803827,5185,-0.36982,134.591,184.9004881,0.968327
WASP-138 b,WASP-138,Transit,2016,SuperWASP,1,1,387.7526,12.21781,3.634433,0.0494,,1590,1.22,1.36,6272,0.43503,414.234,41.6391598,-0.4641252
XO-6 b,XO-6,Transit,2016,XO,1,1,1398.452,23.20263,3.7650007,0.0815,0,1577,1.47,1.93,6720,0.53614,235.479,94.7929552,73.8275672
Qatar-3 b,Qatar-3,Transit,2017,Qatar,1,1,1369.8473,12.285064,2.5079204,0.03783,0,1681,1.145,1.272,6007,0.27875,735.601,359.1519716,36.2129562
Kepler-19 d,Kepler-19,Radial Velocity,2017,Roque de los Muchachos Observatory,1,3,22.5,5.06,62.95,,0.05,,0.936,0.859,5544,-0.16056,218.562,290.4209694,37.8516556
Kepler-1191 b,Kepler-1191,Transit,2016,Kepler,1,1,2.89,1.51,5.60014851,0.0587,0,952,0.85,0.81,5308,-0.22611,955.536,291.6577923,48.0092619
Kepler-1891 b,Kepler-1891,Transit,2021,Kepler,1,1,2.93,1.52139156,4.02229023,0.0473,0,1017,0.873,0.827,5516,-0.23134,596.24,290.0438524,44.3705375
WASP-53 b,WASP-53,Transit,2017,Multiple Facilities,1,2,677.61356,12.038466,3.3098443,0.04101,0.03,1053,0.839,0.798,4953,-0.46344,201.338,31.9091639,-20.661843
WASP-53 c,WASP-53,Radial Velocity,2017,Multiple Facilities,1,2,5196.5205,,2840,3.73,0.8369,,0.839,0.798,4953,-0.46344,201.338,31.9091639,-20.661843
K2-198 b,K2-198,Transit,2018,K2,1,3,16.3,4.189,17.0428683,,,715.8,0.799,0.757,5212.9,-0.40084,110.567,198.8436817,-6.4649888
Kepler-1456 b,Kepler-1456,Transit,2016,Kepler,1,1,1.55,1.14,18.1373829,0.1132,0,433,0.64,0.62,4231,-0.957,370.312,286.9453381,43.8228023
Kepler-529 b,Kepler-529,Transit,2016,Kepler,1,3,4.12,1.86,1.980357663,0.0309,0,1662,1.07,1.14,6087,0.207,799.008,285.8884067,47.880364
11 UMi b,11 UMi,Radial Velocity,2009,Thueringer Landessternwarte Tautenburg,1,1,4684.8142,12.3,516.21997,1.53,0.08,,2.78,29.79,4213,2.42951,125.321,229.2745954,71.8239428
Kepler-835 b,Kepler-835,Transit,2016,Kepler,1,1,8.2,2.79,11.41909375,0.107,0,921,1.08,1.11,5954,0.32995,2406.33,283.5742181,45.7348003
Kepler-1666 c,Kepler-1666,Transit,2020,Kepler,1,2,10.5,3.23564749,40.7157,0.2383,0,578,1.23,1.14586,6293,0.26839,1379.37,297.9516071,46.2647024
Kepler-690 b,Kepler-690,Transit,2016,Kepler,1,1,29.6,5.95,7.748094374,0.081,0,964,1.11,1.16,5913,0.14056,1665.31,294.4899225,39.7714758
Kepler-136 b,Kepler-136,Transit,2014,Kepler,2,2,19.8,2.05,11.5789,0.106,0,951,1.204,1.355,6165,0.46678,420.818,296.4673039,42.5987984
Kepler-775 b,Kepler-775,Transit,2016,Kepler,1,1,1.81,1.19,0.974868926,0.01834,0,1612,0.92,0.84,5468,-0.26699,398.676,291.4332781,41.7033162
KIC 10068024 b,KIC 10068024,Orbital Brightness Modulation,2021,Kepler,1,1,635.656814,13.4,2.073549,,,,1.22,1.574,6118.4,0.496,721.105,288.8470423,47.0228607
HATS-34 b,HATS-34,Transit,2016,HATSouth,1,1,299.07803,16.02887,2.1061607,0.03166,0.108,1445,0.955,0.98,5380,-0.14026,508.842,0.7744866,-62.4693167
HATS-35 b,HATS-35,Transit,2016,HATSouth,1,1,388.38826,16.409976,1.8209993,0.03199,0.306,2037,1.317,1.433,6300,0.46538,514.555,296.688442,-63.5656488
WASP-81 b,WASP-81,Transit,2017,Multiple Facilities,1,1,231.69807,16.017661,2.7164762,0.03908,0.066,1623,1.08,1.283,5870,0.24551,398.505,304.2079924,3.2939492
Kepler-357 b,Kepler-357,Transit,2014,Kepler,1,3,4.04,1.84,6.475434,0.063,0,793,0.794,0.834,5036,-0.55635,688.573,291.2429746,44.0086337
Kepler-23 d,Kepler-23,Transit,2014,Kepler,1,3,4.44,2.206,15.27,0.12012,0.01,896,1.078,1.548,5828,0.39783,835.756,294.2189131,49.4792536
Kepler-1510 b,Kepler-1510,Transit,2016,Kepler,1,1,11.2,3.36,84.703921,0.4089,0,537,1.19,1.28,6200,0.37703,1696.25,298.9591432,48.2578295
Kepler-1324 b,Kepler-1324,Transit,2016,Kepler,1,1,2.89,1.51,4.115844679,0.0466,0,895,0.78,0.73,4776,-0.67302,481.667,291.1849503,40.3112023
HIP 67851 c,HIP 67851,Radial Velocity,2015,Multiple Observatories,1,2,2204.775659,12.7,3128.41,4.55,0.3,,1.28,5.45,4840,1.16673,64.1181,208.465364,-35.3146536
Kepler-110 b,Kepler-110,Transit,2014,Kepler,1,2,4.01,1.83,12.691112,0.107,0,1008,0.989,1.149,5960,0.27598,586.531,292.9291693,48.6028303
K2-325 b,K2-325,Transit,2020,K2,1,1,5.48,2.2,6.93,0.0419,,423,0.274,0.298,3287,-2.04801,111.638,353.9169507,-7.6867213
Kepler-716 c,Kepler-716,Transit,2020,Kepler,1,2,2.52,1.39281536,3.96999,0.04548,0,992,0.83,0.742183,5012,-0.50424,635.009,290.3931809,43.3638577
Kepler-1850 b,Kepler-1850,Transit,2021,Kepler,1,1,0.313,0.72909663,1.385800004,0.0206,0,1008,0.611,0.6,4239,-0.81005,250.199,287.1428295,43.6161177
HD 163607 b,HD 163607,Radial Velocity,2010,W. M. Keck Observatory,1,2,249.051588,13.9,75.2203,0.362,0.7441,,1.12,1.76,5522,0.42,67.7855,268.4181383,56.3924701
HD 44219 b,HD 44219,Radial Velocity,2010,La Silla Observatory,1,1,184.3404761,14.1,472,1.26,0.41,,1.2,1.32,5752,0.26,52.9051,95.0599971,-10.7250799
KELT-1 b,KELT-1,Transit,2012,KELT,1,1,8654.15,12.442,1.217514,0.02466,0.0099,2361,1.335,1.471,6516,0.545,268.43,0.3620995,39.3837953
HATS-50 b,HATS-50,Transit,2017,HATSouth,1,1,123.9537,12.66617,3.8297015,0.05046,0.516,1275.39,1.168,1.117,5990,0.14301,756.742,300.4280761,-26.077564
WASP-153 b,WASP-153,Transit,2017,SuperWASP,1,1,123.9537,17.37395,3.332609,0.048,0.009,1700,1.336,1.73,5914,0.45958,610.176,279.2624729,40.0186905
Kepler-1365 b,Kepler-1365,Transit,2016,Kepler,1,2,0.721,0.92,7.69993485,0.07839,0,969,1,1.05,5770,0.42479,840.128,292.1996573,42.0459944
HD 170469 b,HD 170469,Radial Velocity,2007,W. M. Keck Observatory,2,1,209.7678,14.1,1145,2.24,0.11,,1.1,1.24,5842,0.204,60.178,277.2955423,11.6954244
Kepler-341 d,Kepler-341,Transit,2014,Kepler,1,4,4.08,1.85,27.666313,0.182,0,622,0.976,1.024,6012,0.12721,1047.03,289.8615609,43.4727412
Kepler-977 b,Kepler-977,Transit,2016,Kepler,1,1,7.37,2.62,26.85328322,0.162,0,544,0.87,0.83,5315,-0.47627,568.751,291.5161959,42.2480736
HD 98219 b,HD 98219,Radial Velocity,2011,W. M. Keck Observatory,1,1,624.21812,13.4,433.8,1.26,0.079,,1.41,4.6,4925,1.04922,113.704,169.4475218,-23.975488
HAT-P-31 b,HAT-P-31,Transit,2011,HATNet,1,1,721.4741,12.21781,5.00542,0.061,0.25,1450,1.31,1.39,6065,0.43315,344.05,271.5376722,26.4266061
WASP-131 b,WASP-131,Transit,2016,SuperWASP-South,1,1,86.76715511,13.74221034,5.3220125,0.0608,0,1460,1.06,1.561,5990,0.53005,200.075,210.1935714,-30.5836084
AU Mic e,AU Mic,Radial Velocity,2025,Mauna Kea Observatory,1,4,21.1,4.87,33.11,,,,0.6,0.82,3665,-0.99,9.7221,311.2911369,-31.34245
KELT-16 b,KELT-16,Transit,2017,KELT,2,1,874.0325,15.860735,0.9689951,0.02044,0,2453,1.211,1.36,6236,0.4014,444.586,314.2685227,31.6610186
GJ 393 b,GJ 393,Radial Velocity,2021,Multiple Observatories,1,1,1.71,1.17,7.02679,0.05402,,485,0.426,0.426,3579,-1.57073,7.03149,157.2288672,0.8378485
Kepler-879 b,Kepler-879,Transit,2016,Kepler,1,2,7.13,2.57,33.3855938,0.2012,0,580,1.02,1.02,5792,0.0334,802.672,295.8065515,50.9097521
Kepler-1933 b,Kepler-1933,Transit,2021,Kepler,1,1,1.76,1.17984089,4.943290234,0.05605,0,1058,0.964,1.008,5661,-0.11595,328.007,283.995085,39.9170121
Kepler-1641 b,Kepler-1641,Transit,2016,Kepler,1,2,9.85,3.11,19.672266,0.1473,0,908,1.12,1.19,6152,0.13083,860.37,296.359456,41.5745321
GJ 687 b,GJ 687,Radial Velocity,2014,Lick Observatory,1,2,17.2,4.32,38.142,0.163,0.17,,0.4,0.4183,3413,-1.672,4.54939,264.1041731,68.3336741
Kepler-23 b,Kepler-23,Transit,2011,Kepler,1,3,2.56,1.638,7.1,0.07212,0.017,1157,1.078,1.548,5828,0.39783,835.756,294.2189131,49.4792536
Kepler-554 b,Kepler-554,Transit,2016,Kepler,1,1,17,4.29,1.902208556,0.03022,0,1346,0.93,0.92,5447,-0.11758,690.525,296.4068982,51.3581938
HD 159868 c,HD 159868,Radial Velocity,2012,Anglo-Australian Telescope,1,2,244.09344,14,351,1.032,0.184,,1.19,2.13,5534,0.55574,55.8503,264.7466665,-43.1462347
XO-2 S c,XO-2 S,Radial Velocity,2014,Roque de los Muchachos Observatory,2,3,435.409,13.6,120.8,0.4756,0.1528,,0.982,1.02,5399,-0.12302,151.398,117.0309753,50.2169068
TOI-5388.01,TOI-5388,Transit,2024,Transiting Exoplanet Survey Satellite (TESS),1,1,2.2,0.99,2.5946748,0.024335855,,488,0.292,0.3,3440,-1.94539,18.5226,152.1765169,35.5475571
Kepler-1331 b,Kepler-1331,Transit,2016,Kepler,1,1,1.16,1.05,0.789161653,0.0142,0,1244,0.72,0.69,4508,-0.90934,319.197,297.0737928,41.2244613
Kepler-1246 b,Kepler-1246,Transit,2016,Kepler,1,1,2.42,1.36,11.32271513,0.0848,0,554,0.73,0.69,4611,-0.7266,436.505,287.6572346,48.9822053
Kepler-287 b,Kepler-287,Transit,2014,Kepler,1,2,83,2.33,20.342199,0.145,0,667,0.963,1.032,5806,-0.13438,835.86,290.9274282,48.4434588
Kepler-432 c,Kepler-432,Radial Velocity,2015,Fred Lawrence Whipple Observatory,2,2,772.3269,13.3,406.2,,0.498,,1.32,4.06,4995,0.92561,848.023,293.2822344,48.2859173
HD 102843 b,HD 102843,Radial Velocity,2019,Las Campanas Observatory,1,1,113.9,13.1,3090.942,4.074,0.11,,0.95,0.961488,5436,-0.13814,62.758,177.5854673,-1.2522989
K2-155 b,K2-155,Transit,2018,K2,1,3,3.89,1.8,6.342,0.0562,,708,0.65,0.58,4258,-1.22915,72.7998,65.469614,21.3532633
Kepler-162 c,Kepler-162,Transit,2014,Kepler,1,2,9.43,3.03,19.446355,0.137,0,681,1.053,0.958,5816,0.1554,855.641,297.2789115,43.7239693
Kepler-603 d,Kepler-603,Transit,2016,Kepler,1,3,2.3,1.32,6.2171292,0.07117,0,1098,1.01,1.01,5808,0.39156,1539.63,294.2809679,42.2909295
Kepler-139 b,Kepler-139,Transit,2014,Kepler,1,5,7,2.94,15.771044,0.127,0,752,1.078,1.3,5594,0.01598,391.038,282.3919451,43.8894167
K2-155 d,K2-155,Transit,2018,K2,1,3,4.27,1.9,40.718,0.1937,,381,0.65,0.58,4258,-1.22915,72.7998,65.469614,21.3532633
Kepler-1443 b,Kepler-1443,Transit,2016,Kepler,1,1,0.871,0.97,2.41811321,0.03783,0,1602,1.19,1.27,6289,0.56075,593.646,283.4357392,47.0667983
Kepler-48 c,Kepler-48,Transit,2012,Kepler,1,5,14.61,2.71,9.67395,0.08633,0,736,0.88,0.89,5194,-0.28926,306.738,299.1393094,40.948939
55 Cnc d,55 Cnc,Radial Velocity,2002,Lick Observatory,2,7,1232.493,13,4799,5.6,0.0913,,1.015,0.98,5198,-0.19695,12.5855,133.1468373,28.3298154
HD 160691 e,HD 160691,Radial Velocity,2006,La Silla Observatory,1,4,2224.798849,,307.9,0.96,0.0666,,1.13,1.33,5773,0.27848,15.5981,266.0361585,-51.8348751
HD 3651 b,HD 3651,Radial Velocity,2003,Multiple Observatories,1,1,72.46524,10.1,62.25,0.295,0.645,,0.799,0.871954,5221,-0.27415,11.1336,9.8387218,21.2488844
ups And c,ups And,Radial Velocity,1999,Multiple Observatories,2,3,4443.24113,12.3,241.258,0.827774,0.2596,,1.3,1.56,6156.77,0.52541,13.4054,24.1983534,41.4038147
Kepler-1369 b,Kepler-1369,Transit,2016,Kepler,1,1,7.7,2.69,25.873148,0.1741,0,667,0.99,0.99,5761,-0.01005,1236.56,285.7972604,40.9361923
V1298 Tau b,V1298 Tau,Transit,2019,K2,3,4,13.1,9.41,24.140006,0.1685,0.0079,666,1.1,1.32,4970,-0.02045,108.199,61.331654,20.1570318
GJ 887 c,GJ 887,Radial Velocity,2020,La Silla Observatory,1,4,6.5,2.43,21.784,0.121,0.17,320,0.495,0.468,3688,-1.43415,3.28679,346.5027573,-35.8473489
TOI-4342 b,TOI-4342,Transit,2023,Transiting Exoplanet Survey Satellite (TESS),1,2,7.3,2.329,5.5382592,0.0519,0,639,0.587,0.598,3866,-1.12494,61.5204,324.3894196,-77.9791468
HD 20794 f,HD 20794,Radial Velocity,2025,Multiple Observatories,1,4,5.82,2.28,647.6,1.3541,0.45,,0.79,0.93,5368,-0.16311,6.00278,49.9997666,-43.0666533
KOINTREAU-3 b,ISO-Oph 96,Imaging,2026,W. M. Keck Observatory,1,1,1080.616584,13.1,,342,,,0.41,0.730795,3920,-1.18009,140.563,246.7687845,-24.716683
Kepler-1644 b,Kepler-1644,Transit,2016,Kepler,1,1,4.19,1.88,21.0907758,0.142,0,606,0.89,0.86,5499,-0.215,629.27,285.4750512,48.0348356
Kepler-1249 b,Kepler-1249,Transit,2016,Kepler,1,1,6.26,2.38,24.3347127,0.167,0,647,1.19,1.28,6202,0.42782,1904.54,296.8948517,44.3717429
WASP-78 b,WASP-78,Transit,2012,SuperWASP,1,1,352.7913,21.63337,2.17518,0.03488,0,2469.7,1.87,2.46,6100,0.76274,754.258,63.7562662,-22.1163901
WASP-39 b,WASP-39,Transit,2011,SuperWASP,1,1,89.31023,14.336311,4.0552941,0.04828,0,1166,0.913,0.939,5485,-0.12792,213.982,217.3266477,-3.4444994
WASP-36 b,WASP-36,Transit,2011,SuperWASP,2,1,750.39663,14.874343,1.53736596,0.02677,0,1733,1.081,0.985,5959,0.00087,386.346,131.5803897,-8.0269855
WASP-43 b,WASP-43,Transit,2011,SuperWASP,1,1,565.714,10.424,0.813475,0.0142,0,1426.7,0.58,0.6,4400,-0.82509,86.7467,154.9081869,-9.8064431
GJ 1132 c,GJ 1132,Radial Velocity,2018,La Silla Observatory,1,2,2.64,1.43,8.929,0.0476,0.27,300,0.181,0.2105,3270,-2.35853,12.613,153.7090696,-47.1549358
KIC 9663113 b,KIC 9663113,Transit,2015,Kepler,1,2,19.2,4.6,572.3847,1.55346,0,264,0.98,1.03,6065,0.7919,1594.74,297.0454037,46.3286653
Kepler-12 b,Kepler-12,Transit,2011,Kepler,1,1,137.30256,19.660586,4.4379629,0.0553,0,1480,1.166,1.483,5947,0.44933,881.386,286.2434458,50.0403671
HAT-P-24 b,HAT-P-24,Transit,2010,HATNet,2,1,238.3725,14.5717,3.35524,0.04651,0.07,1637,1.37,1.38,6373,0.408,415.344,108.8251171,14.2626064
Kepler-792 b,Kepler-792,Transit,2016,Kepler,1,1,4.5,1.96,11.30119217,0.0988,0,852,1.09,1.12,5971,0.27379,1425.47,292.0068239,38.8207001
Kepler-539 b,Kepler-539,Transit,2016,Kepler,1,2,308.2951,8.373123,125.63243,0.4988,0.39,387.6,1.048,0.952,5820,-0.06048,307.318,299.1224639,41.8667953
K2-165 d,K2-165,Transit,2018,K2,1,3,7.5,2.64809498,14.101361,,,629.38,0.834847,0.803827,5185,-0.36982,134.591,184.9004881,0.968327
Kepler-1254 c,Kepler-1254,Transit,2016,Kepler,1,3,2.24,1.3,3.60084276,0.0422,0,927,0.78,0.75,4985,-0.57202,622.818,285.1733174,48.7700099
Kepler-1674 b,Kepler-1674,Transit,2020,Kepler,1,1,10.4,3.2057749,62.5611,0.3017,0,417,0.96,0.877273,5473.91,-0.20584,1012.48,294.8160447,45.3060844
WASP-189 b,WASP-189,Transit,2020,CHaracterising ExOPlanets Satellite (CHEOPS),1,1,632.4785299,18.14733975,2.724033,0.05053,0,3353,2.03,2.36,8000,1.31471,99.731,225.686732,-3.0314874
WASP-41 b,WASP-41,Transit,2012,SuperWASP,1,2,270.1555,12.3299,3.0524,0.04022,0,1244,0.81,0.83,5545,-0.19512,163.371,190.6188034,-30.6398176
Kepler-255 c,Kepler-255,Transit,2014,Kepler,1,3,9.22,2.99,9.946047,0.092,0,807,0.867,0.933,5573,-0.18311,1052.53,296.0642702,45.9767647
Kepler-1238 b,Kepler-1238,Transit,2016,Kepler,1,1,4.38,1.93,4.14787559,0.0541,0,1389,1.3,1.48,6386,0.58441,1632.13,297.9057655,40.1628378
Ross 176 b,Ross 176,Transit,2025,Transiting Exoplanet Survey Satellite (TESS),1,1,4.57,1.84,5.0066338,0.0464,0.25,682,0.577,0.569,4041,-1.10891,46.4488,305.6897438,47.3086191
TOI-5422 b,TOI-5422,Transit,2026,Transiting Exoplanet Survey Satellite (TESS),1,1,8899.195396,9.10169233,5.377219,0.0619,0.094,1369,1.066,1.474,5820,0.35218,346.141,86.8436173,25.6260342
Kepler-5 b,Kepler-5,Transit,2009,Kepler,1,1,670.93913,15.984034,3.5484657,0.0538,0,1750,1.374,1.793,6297,0.65242,899.777,299.4070341,44.0350387
WASP-18 c,WASP-18,Transit Timing Variations,2019,Transiting Exoplanet Survey Satellite (TESS),2,2,55.2,8.58,2.1558,0.035,0.015,,1.22,1.23,6400,0.38999,123.483,24.3544618,-45.6777937
TOI-1743 b,TOI-1743,Transit,2025,Transiting Exoplanet Survey Satellite (TESS),1,1,4.01,1.83,4.266046,0.03589,,485,0.339,0.338,3277,-1.97074,41.2758,257.7473322,71.8722039
HAT-P-2 c,HAT-P-2,Radial Velocity,2023,Multiple Observatories,1,2,3400.763955,12.4,8500,,0.37,,1.33,1.416,6412,0.577,127.774,245.1514324,41.0479601
HATS-41 b,HATS-41,Transit,2018,HATSouth,1,1,3082.951,14.90797,4.193649,0.0583,0.38,1710,1.496,1.71,6424,0.65321,737.668,103.5173558,-27.0504156
Kepler-933 b,Kepler-933,Transit,2016,Kepler,1,1,6.62,2.46,14.20443009,0.1041,0,602,0.87,0.84,5346,-0.21081,1017.2,289.5685257,43.5385438
Kepler-1240 b,Kepler-1240,Transit,2016,Kepler,1,1,1.6,1.15,4.8663815,0.05791,0,1121,0.98,0.96,5682,0.22254,862.186,282.9997682,40.5574322
K2-80 c,K2-80,Transit,2016,K2,1,3,2.76,1.47,5.605,0.0596,,,0.9,0.87,5441,-0.43238,200.802,59.037486,13.5590288
Kepler-891 b,Kepler-891,Transit,2016,Kepler,1,1,33.6,6.41,53.44945593,0.2881,0,486,1.06,1.07,5887,0.58754,2340.58,291.0837644,40.3552252
Kepler-1605 b,Kepler-1605,Transit,2016,Kepler,1,1,1.28,1.08,85.7565495,0.36567,0,528,0.86,0.82,5280,0.42869,546.23,287.1349405,47.4886251
HD 80913 b,HD 80913,Radial Velocity,2022,Multiple Observatories,1,1,7505.200003,12,10839.83341,9.95,0.313,,1.11,1.6542,6013.24,0.50831,61.3603,138.1021548,-81.768451
Kepler-1984 b,Kepler-1984,Transit,2023,Kepler,1,1,37.3,6.81,1.992812339,0.0238,0,675,0.45,0.42,3638,-1.55,,291.2850446,40.7300225
Kepler-598 c,Kepler-598,Transit,2020,Kepler,1,2,9.4,3.02420941,86.4945,0.36672,0,367,0.9,0.900316,5245,-0.25753,681.086,293.1234493,40.9348005
HAT-P-29 b,HAT-P-29,Transit,2011,HATNet,2,1,279.6904,13.11453,5.72319,0.0667,0.09,1281,1.45,1.3,6087,0.31175,313.576,33.1310921,51.7787754
Kepler-288 d,Kepler-288,Transit,2014,Kepler,1,3,7.61,2.67,56.633742,0.287,0,570,0.842,1.091,5918,0.05605,1194.15,288.9163997,39.5947523
Kepler-264 c,Kepler-264,Transit,2014,Kepler,1,2,8.4,2.83,140.101261,0.566,0,511,1.426,1.55,6158,0.68915,942.173,292.044628,37.3761861
Kepler-1786 b,Kepler-1786,Transit,2021,Kepler,1,1,10.1,3.16305828,78.5460968,0.35722,0,501,1.058,1.397,5808,0.15863,863.909,292.5877743,38.5219827
Kepler-1119 b,Kepler-1119,Transit,2016,Kepler,1,1,4.35,1.92,8.3265153,0.0812,0,938,1.11,1.17,6083,0.48586,1757.23,297.0191018,44.3274936
Kepler-49 d,Kepler-49,Transit,2014,Kepler,1,4,235.982,1.6,2.576549,0.031,0,717,0.549,0.559,4252,-1.13077,311.222,292.2945208,40.5918123
GJ 687 c,GJ 687,Radial Velocity,2020,Multiple Observatories,1,2,16,4.14,727.562,1.165,0.4,,0.4,0.4183,3413,-1.672,4.54939,264.1041731,68.3336741
Kepler-1465 b,Kepler-1465,Transit,2016,Kepler,1,1,3.78,1.77,31.8277111,0.1939,0,668,0.75,0.71,4726,-0.65202,359.497,289.8194222,51.9048541
Kepler-1844 b,Kepler-1844,Transit,2021,Kepler,1,1,9.46,3.03648191,3.924510002,0.0478,0,1074,0.939,0.849,5776,0.22606,1804.36,292.6903973,37.9345682
Kepler-1036 b,Kepler-1036,Transit,2016,Kepler,1,1,9.32,3.01,122.8808058,0.47726,0,326,0.95,0.89,5533,-0.20151,489.435,295.1817093,49.9458172
Kepler-358 b,Kepler-358,Transit,2014,Kepler,1,2,7.85,2.72,34.060467,0.21,0,554,0.94,0.954,5908,-0.13809,1101.1,293.2302333,48.2813901
HD 206893 c,HD 206893,Imaging,2022,European Southern Observatory,1,2,4036.420769,16.36511182,2090,3.53,0.41,1181.9,1.32,1.31116,6500,0.4561,40.7583,326.3416874,-12.7833522
HD 202772 A b,HD 202772 A,Transit,2019,Transiting Exoplanet Survey Satellite (TESS),2,1,323.23311,17.317905,3.308958,0.05208,0.038,2132,1.72,2.591,6272,0.97128,161.498,319.6995877,-26.6163743
Kepler-1179 b,Kepler-1179,Transit,2016,Kepler,1,1,2.3,1.32,2.685057492,0.03497,0,1137,0.84,0.81,5212,-0.44424,415.205,284.0974305,47.8104856
Kepler-1544 b,Kepler-1544,Transit,2016,Kepler,1,1,3.82,1.78,168.811174,0.54465,0,269,0.81,0.74,4886,-0.606,335.09,297.2852168,49.2124526
G 192-15 c,G 192-15,Radial Velocity,2025,Calar Alto Observatory,1,2,14.3,3.87,1219,1.137,0.676,55.9,0.132,0.170718,2999,-2.67285,9.53114,90.6220931,49.861939
Kepler-457 d,KOI-7892,Transit,2021,Kepler,1,3,9.19,2.98467257,10.6906004,0.0996,0,1008,1.148,1.242,6474,0.2987,1072.3,282.3775397,44.694569
Kepler-868 b,Kepler-868,Transit,2016,Kepler,1,1,4.86,2.05,5.03251791,0.0575,0,1047,0.93,0.89,5614,0.06838,1593.13,282.3635315,46.6752384
TOI-7510 b,TOI-7510,Transit,2025,Transiting Exoplanet Survey Satellite (TESS),1,3,18.1,7.31,11.530869,0.1019,0.0572,878,1.063,1.035,5720,0.01115,249.006,273.728188,-54.4340547
Kepler-355 c,Kepler-355,Transit,2014,Kepler,1,2,7.8,2.71,25.762294,0.179,0,633,0.933,1.066,6184,0.19516,1432.17,285.7994917,42.8117427
Kepler-1299 b,Kepler-1299,Transit,2016,Kepler,1,1,9.17,2.98,19.9400874,0.1357,0,588,0.94,0.91,5609,-0.10621,1404.94,286.1501263,37.4113438
Kepler-381 d,Kepler-381,Transit,2021,Kepler,1,3,1.23,1.0667865,8.256299973,0.08364,0,1387,1.198,2.188,6197,0.5139,267.323,285.1828685,43.8310283
Kepler-1806 b,Kepler-1806,Transit,2021,Kepler,1,1,6.15,2.35560189,9.033320427,0.0813,0,729,0.884,0.788,5311,-0.43504,978.066,287.5349528,49.8016283
Kepler-1570 b,Kepler-1570,Transit,2016,Kepler,1,1,1.24,1.07,26.548955,0.16699,0,836,0.92,0.89,5550,0.41425,918.995,299.8617842,45.8274232
Kepler-232 c,Kepler-232,Transit,2014,Kepler,1,2,14,3.83,11.379349,0.101,0,806,0.97,0.968,5847,0.05183,1349.13,295.8161668,51.1217249
KIC 5479689 b,KIC 5479689,Orbital Brightness Modulation,2021,Kepler,1,1,158.9142035,14.2,1.701531,,,,0.966,0.894,5459.1,-0.20099,454.95,299.3254983,40.6381229
Kepler-1759 b,Kepler-1759,Transit,2021,Kepler,1,1,0.676,0.9037791,3.720230103,0.0429,0,954,0.76,0.797,5017,-0.56331,385.348,298.4656275,48.5593334
Kepler-225 c,Kepler-225,Transit,2014,Kepler,1,2,4.04,1.84,18.794234,0.111,0,412,0.593,0.48,3682,-0.99568,561.101,292.1939846,47.4570808
Kepler-833 b,Kepler-833,Transit,2016,Kepler,1,1,4.74,2.02,18.7546998,0.1139,0,382,0.64,0.62,4339,-0.79309,467.37,290.4799052,45.6005798
Kepler-321 b,Kepler-321,Transit,2014,Kepler,1,2,3.78,1.77,4.915379,0.057,0,1042,1.024,1.194,5740,-0.00798,384.542,294.4536991,44.1457626
Kepler-973 b,Kepler-973,Transit,2016,Kepler,1,1,4.5,1.96,49.6077331,0.2489,0,402,0.86,0.78,5213,-0.34416,328.52,290.1653203,49.9238126
Kepler-243 b,Kepler-243,Transit,2014,Kepler,1,2,6.57,2.45,5.715442,0.062,0,850,0.904,0.842,5228,-0.37337,693.86,285.1104819,42.0339619
Kepler-308 b,Kepler-308,Transit,2014,Kepler,1,2,5.14,2.12,9.694928,0.09,0,833,0.92,0.941,5895,-0.11567,1335.92,295.7852423,40.4395753
HD 97037 b,HD 97037,Radial Velocity,2022,Multiple Observatories,1,1,6707.76853,12.1,6449.08337,6.925,0.357,,1.06,1.26356,5874.1,0.23365,32.413,167.5545621,-7.3901483
Kepler-776 b,Kepler-776,Transit,2016,Kepler,1,1,2.18,1.28,4.89718784,0.0523,0,904,0.83,0.78,5071,-0.43656,727.904,287.2726117,41.6356009
TOI-5734 b,TOI-5734,Transit,2026,Transiting Exoplanet Survey Satellite (TESS),1,1,9.1,2.1,6.1841876,0.05921,,688,0.724,0.639,4750,-0.74232,32.5102,111.2558179,37.2311218
WASP-103 b,WASP-103,Transit,2014,SuperWASP,1,1,473.547,17.127,0.925542,0.01985,0,2508,1.22,1.436,6110,0.413,375.647,249.3148604,7.1833758
Kepler-1226 b,Kepler-1226,Transit,2016,Kepler,1,1,2.7,1.45,17.2923453,0.13945,0,809,1.02,1.02,5923,0.35947,1125.72,296.3768521,50.6214592
Kepler-1048 b,Kepler-1048,Transit,2016,Kepler,1,1,3.22,1.61,6.92101021,0.059,0,619,0.75,0.7,4651,-0.40925,556.006,281.8983042,42.1657112
WASP-73 b,WASP-73,Transit,2014,SuperWASP,1,1,908.9938,15.91678,4.08722,0.05512,0,1790,2.52,2.55,6030,0.79502,316.678,319.9496969,-58.1489328
HATS-44 b,HATS-44,Transit,2018,HATSouth,1,1,177.9848,11.960003,2.7439004,0.03649,0.279,1161,0.86,0.847,5080,-0.39794,446.035,84.3267559,-27.9725758
HATS-45 b,HATS-45,Transit,2018,HATSouth,1,1,222.481,14.414774,4.1876244,0.05511,0.24,1518,1.272,1.315,6450,0.42488,772.11,101.9942455,-21.9107112
Kepler-1260 b,Kepler-1260,Transit,2016,Kepler,1,1,3.78,1.77,19.1187753,0.1444,0,823,1.06,1.08,5961,0.52565,1734.43,295.5912652,42.5552261
K2-343 b,K2-343,Transit,2021,K2,1,2,3.36,1.65,2.787174,,,653,0.49,0.46,3804,-1.43852,166.169,134.2021746,21.5026882
Kepler-367 c,Kepler-367,Transit,2014,Kepler,1,2,1.87,1.2,53.578637,0.253,0,357,0.768,0.695,4710,-0.61671,188.027,297.292558,49.9817499
Kepler-176 e,Kepler-176,Transit,2016,Kepler,1,4,0.52075,1.45,51.16579,0.25654,0,398,0.87,0.83,5295,-0.40427,527.321,294.6679021,43.8532104
Kepler-194 c,Kepler-194,Transit,2014,Kepler,1,3,7.22,2.59,17.308032,0.131,0,815,0.94,1.025,6089,0.0427,1097.97,291.971429,47.8640498
WASP-61 b,WASP-61,Transit,2012,SuperWASP,1,1,851.7844,15.80469,3.8559,0.0521,0,1624.4,1.82,1.55,6250,0.42541,488.66,75.2996637,-26.0541438
HD 80606 b,HD 80606,Radial Velocity,2001,Multiple Observatories,2,1,1323.46927,11.56766808,111.436765,0.4603,0.93183,405,1.05,1.05,5565,-0.00237,66.4711,140.6569501,50.6037764
HAT-P-6 b,HAT-P-6,Transit,2007,HATNet,1,1,419.5356,16.58932,3.85298,0.05239,0,1675,1.79,1.62,6570,0.55267,275.358,354.7740917,42.4659866
Kepler-465 b,Kepler-465,Transit,2016,Kepler,1,1,9.01,2.95,9.940672466,0.09195,0,996,1.23,1.29,6310,0.33805,553.077,284.5557853,46.0638865
Kepler-1475 b,Kepler-1475,Transit,2016,Kepler,1,1,8.85,2.92,82.177374,0.373,0,441,1.18,1.28,6214,0.25381,1568.38,295.9482766,44.753096
HATS-46 b,HATS-46,Transit,2018,HATSouth,1,1,54.98459,10.121727,4.7423729,0.05367,0.559,1054,0.917,0.853,5495,-0.22988,453.808,6.7026401,-56.3161021
HATS-7 b,HATS-7,Transit,2015,HATSouth,1,1,38.1396,6.310667,3.185315,0.04012,0.17,1084,0.849,0.815,4985,-0.43415,240.707,208.8567465,-21.2078587
Kepler-1756 b,Kepler-1756,Transit,2021,Kepler,1,1,2.77,1.47199944,2.355750084,0.0319,0,1093,0.781,0.812,4915,-0.459,,294.364904,40.7208898
K2-366 b,K2-366,Transit,2022,K2,1,1,6.16,2.359,15.937039,,,,0.825,0.94,5601,-0.10862,185.947,243.6800912,-19.3468837
Kepler-1960 b,Kepler-1960,Transit,2021,Kepler,1,1,2.26,1.30749704,2.297940016,0.0354,0,1547,1.117,1.072,6371,0.27069,1527.56,294.6969361,46.7202043
Kepler-1007 b,Kepler-1007,Transit,2016,Kepler,1,1,2.67,1.44,5.185002073,0.048,0,652,0.73,0.7,4587,-0.56838,365,295.9065297,45.8090893
Kepler-659 b,Kepler-659,Transit,2016,Kepler,1,1,6.8,2.5,17.671796,0.1204,0,513,0.79,0.74,4870,-0.52596,722.64,287.6081777,47.5096893
Kepler-1290 b,Kepler-1290,Transit,2016,Kepler,1,1,2.6,1.42,4.69500134,0.0557,0,1098,0.95,0.93,5660,0.06899,1593.7,290.6852287,43.8596155
HD 40956 b,HD 40956,Radial Velocity,2017,Multiple Observatories,1,1,858.141,13.2,578.6,1.4,0.24,,2,8.56,4869,1.66436,116.593,91.6628015,63.453875
Kepler-1244 b,Kepler-1244,Transit,2016,Kepler,1,1,2.39,1.35,3.70428172,0.0502,0,1839,1.46,1.77,6680,1.03224,1075.81,282.3012505,46.5161814
HD 50499 b,HD 50499,Radial Velocity,2005,W. M. Keck Observatory,1,2,519.96988,13.5,2447.1,3.833,0.266,,1.253,1.351,6102,0.37632,46.2845,103.008075,-33.915267
Kepler-374 b,Kepler-374,Transit,2014,Kepler,1,3,1.08,1.03,1.897806,0.029,0,1761,1.033,0.911,5977,0.27435,1265.61,294.1378921,42.3704075
2MASS J22501512+2325342 b,2MASS J22501512+2325342,Imaging,2018,The 2 (Two) Micron All Sky Survey (2MASS),1,1,9534.85221,11.9,,518,,1600,0.433173,0.437589,3352,-1.66196,57.2309,342.5634097,23.4259058
HAT-P-15 b,HAT-P-15,Transit,2010,HATNet,1,1,616.5902,11.88154,10.8635,0.0965,0.19,904,1,1.07,5568,0.03019,192.516,66.248142,39.460602
HD 169142 b,HD 169142,Imaging,2023,Paranal Observatory,1,1,953.485221,13.1,,37.2,,,1.85,1.53702,7246,0.76845,113.6,276.1240717,-29.7805318
Kepler-1420 b,Kepler-1420,Transit,2016,Kepler,1,1,2.18,1.28,6.69960006,0.0671,0,806,0.82,0.79,5187,-0.23199,1054.37,296.2038586,42.7778165
WASP-58 b,WASP-58,Transit,2012,SuperWASP,2,1,308.2951,16.02887,5.01718,0.0562,0,1270,1.06,1.22,5800,0.16,290.404,274.7012534,45.1722194
HAT-P-1 b,HAT-P-1,Transit,2006,HATNet,2,1,166.86075,14.784671,4.46529976,0.05561,0,1322,1.151,1.174,5980,0.22463,158.979,344.4453632,38.674919
HAT-P-23 b,HAT-P-23,Transit,2010,HATNet,1,1,664.237,15.334,1.212884,0.0232,0.106,2056,1.13,1.203,5905,0.199,364.813,306.1239076,16.7621462
HAT-P-57 b,HAT-P-57,Transit,2015,HATNet,3,1,448.1403,19.50366,2.4653,0.0406,0,2200,2.77,1.85,6330,0.80618,279.86,274.743418,10.5971968
KELT-15 b,KELT-15,Transit,2016,KELT-South,2,1,416.3573,19.50366,3.32944,0.04613,0,1642,2.06,1.78,6003,0.41162,324.683,117.4149764,-52.1204471
HAT-P-17 b,HAT-P-17,Transit,2010,HATNet,1,2,184.3414,11.76945,10.33852,0.0892,0.35,800,0.99,0.87,5246,-0.28893,92.3831,324.5359781,30.4881882
HD 114386 b,HD 114386,Radial Velocity,2003,La Silla Observatory,1,2,464.0294742,13.6,937.70001,1.73,0.23,,0.6,0.76,4836,-0.54,27.9243,197.6652124,-35.0561807
HAT-P-17 c,HAT-P-17,Radial Velocity,2010,W. M. Keck Observatory,1,2,1080.6,13.1,5584,5.6,0.39,,0.92,0.838682,5336.96,-0.28893,92.3831,324.5359781,30.4881882
HAT-P-4 b,HAT-P-4,Transit,2007,HATNet,2,1,213.255,14.28,3.056536,0.04438,0,1686,1.248,1.596,5860,0.431,320.451,229.99122,36.229545
HAT-P-30 b,HAT-P-30,Transit,2011,HATNet,2,1,263.7989,16.14096,2.8106,0.0419,0.04,1630,1.55,1.31,6304,0.312,213.985,123.9498431,5.8368669
WASP-62 b,WASP-62,Transit,2012,SuperWASP,1,1,165.2716,14.79588,4.41195,0.0571,0,1475.3,1.11,1.23,6230,0.3456,175.631,87.1398205,-63.9883286
WASP-72 b,WASP-72,Transit,2012,SuperWASP,1,1,731.009,14.45961,2.21673,0.03711,0,2210,2.78,2.18,6250,0.724,434.754,41.0400779,-30.1690785
WASP-71 b,WASP-71,Transit,2012,SuperWASP,1,1,441.7837,13.22662,2.90367,0.046,0,2016.1,0.76,1.82,6050,0.76845,362.715,29.2634506,0.7588247
WASP-99 b,WASP-99,Transit,2014,SuperWASP,1,1,772.3269,11.43318,5.75251,0.0717,0,1480,1.21,1.64,6150,0.5433,158.66,39.8976689,-50.0081934
WASP-117 b,WASP-117,Transit,2014,SuperWASP,1,1,95.349,11.88154,10.02165,0.09459,0.3,1001,1.29,1.22,6040,0.27413,157.963,36.7758112,-50.2844247
HATS-23 b,HATS-23,Transit,2017,HATSouth,1,1,467.2101,20.84874,2.1605156,0.03397,0.114,1654,1.121,1.199,5780,0.15534,639.004,286.36675,-50.0673496
HD 15337 b,HD 15337,Transit,2019,Transiting Exoplanet Survey Satellite (TESS),1,2,6.519,1.77,4.7559804,0.05245,0.058,1001,0.829,0.855,5131,-0.32606,44.8155,36.8678846,-27.6361171
HD 15337 c,HD 15337,Transit,2019,Transiting Exoplanet Survey Satellite (TESS),1,2,6.792,2.526,17.180546,0.1235,0.096,656.1,0.829,0.855,5131,-0.32606,44.8155,36.8678846,-27.6361171
TOI-270 b,TOI-270,Transit,2019,Transiting Exoplanet Survey Satellite (TESS),1,3,1.48,1.28,3.35992,0.03197,0.0167,600,0.386,0.38,3506,-1.7122,22.4793,68.4160804,-51.9573937
TOI-270 c,TOI-270,Transit,2019,Transiting Exoplanet Survey Satellite (TESS),1,3,6.2,2.33,5.66051,0.04526,0.0044,489,0.386,0.38,3506,-1.7122,22.4793,68.4160804,-51.9573937
TOI-270 d,TOI-270,Transit,2019,Transiting Exoplanet Survey Satellite (TESS),1,3,4.2,2,11.38194,0.0721,0.0066,383,0.386,0.38,3506,-1.7122,22.4793,68.4160804,-51.9573937
NGTS-10 b,NGTS-10,Transit,2020,Next-Generation Transit Survey (NGTS),1,1,687.14846,13.506845,0.7668944,0.0143,0,1332,0.696,0.697,4600,-0.75673,324.6986504,91.8722801,-25.5948963
NGTS-15 b,NGTS-15,Transit,2021,Next-Generation Transit Survey (NGTS),1,1,238.6891337,12.32987877,3.27623,0.0441,0,1146,0.995,0.954,5600,-0.08571,786.485,73.3553101,-32.8003484
NGTS-17 b,NGTS-17,Transit,2021,Next-Generation Transit Survey (NGTS),1,1,242.820903,13.89913607,3.24253,0.0391,0,1457,1.025,1.337,5650,0.2412,1040.28,72.9005729,-34.2262128
HD 28109 b,HD 28109,Transit,2022,Transiting Exoplanet Survey Satellite (TESS),1,3,6.2,2.69,22.891054,0.1357,0.0071,867,1.227,1.425,6189,0.43297,139.611,65.2383065,-68.1026875
HD 28109 c,HD 28109,Transit,2022,Transiting Exoplanet Survey Satellite (TESS),1,3,9.2,4.13,55.99712,0.308,0.0039,643,1.227,1.425,6189,0.43297,139.611,65.2383065,-68.1026875
HD 28109 d,HD 28109,Transit,2022,Transiting Exoplanet Survey Satellite (TESS),1,3,5.8,3.11,84.2899,0.411,0.0054,561,1.227,1.425,6189,0.43297,139.611,65.2383065,-68.1026875
HD 18599 b,HD 18599,Transit,2022,Transiting Exoplanet Survey Satellite (TESS),2,1,24.1,2.6,4.1374354,0.048,0.34,863,0.863,0.767,5145,-0.42946,38.5653,44.2620144,-56.1918694
HIP 8152 b,HIP 8152,Transit,2023,Transiting Exoplanet Survey Satellite (TESS),1,2,8.9,2.53625843,10.751014,0.093,0,794.96,0.9373,0.9603,5618,-0.0804,101.694,26.2092533,-18.4013844
HIP 8152 c,HIP 8152,Transit,2023,Transiting Exoplanet Survey Satellite (TESS),1,2,10.7,2.52442508,19.60562,0.139,0.2,650.68,0.9373,0.9603,5618,-0.0804,101.694,26.2092533,-18.4013844
TOI-283 b,TOI-283,Transit,2025,Transiting Exoplanet Survey Satellite (TESS),1,1,6.54,2.34,17.61745,0.123,0,661,0.8,0.85,5213,-0.33724,82.7013,118.5693065,-65.441482
NGTS-23 b,NGTS-23,Transit,2022,Next-Generation Transit Survey (NGTS),1,1,194.8288135,14.20177855,4.0764326,0.0504,0,1327,1.01,1.24,6057,0.2833,1074.95,70.4322947,-40.0445299
TIC 393818343 b,TIC 393818343,Transit,2024,Transiting Exoplanet Survey Satellite (TESS),2,1,1379.375286,12.18416202,16.24921,0.1291,0.6058,805.5,1.082,1.086,5756,0.06744,93.7345,310.2917002,3.6382967
TIC 46432937 b,TIC 46432937,Transit,2024,Transiting Exoplanet Survey Satellite (TESS),1,1,1017.050902,13.31626907,1.44044527,0.02065,0.009,872,0.563,0.5299,3572,-1.3851,90.5369,83.8689794,-14.5971909
GJ 238 b,GJ 238,Transit,2024,Transiting Exoplanet Survey Satellite (TESS),1,1,0.126,0.566,1.7446999,0.02123,,758,0.4193,0.4314,3485,-1.61618,15.2142,98.454881,-58.5250316
HAT-P-49 b,HAT-P-49,Transit,2014,HATNet,1,1,699.226,17.82231,2.69155,0.04378,0,2131,2.22,2.06,6820,0.814,350.351,305.4413294,26.6926759
HD 147873 c,HD 147873,Radial Velocity,2016,Multiple Observatories,2,2,731.009,13.3,491.54,1.36,0.23,,1.38,2.29,5972,0.77743,109.055,246.4380471,-33.5672217
Kepler-857 b,Kepler-857,Transit,2016,Kepler,1,1,37.2,6.8,85.35129427,0.3751,0,390,0.99,0.99,5773,-0.07143,983.502,294.6323978,43.4004526
HATS-12 b,HATS-12,Transit,2016,HATSouth,1,1,759.6137,7.76,3.142702,0.0441,0.085,1446,1.16,1.17,6357,0.86332,746.138,289.202402,-19.3559227
EPIC 211945201 b,EPIC 211945201,Transit,2018,K2,1,1,11,5.76,19.49221,0.1493,0,817,1.17,1.39,6069,0.37334,181.69,136.5741931,19.4020565
K2-188 c,K2-188,Transit,2018,K2,1,2,8.4,2.83,7.810253,0.0785,,1026,1.06,1.19,5977,0.21087,446.821,129.8137008,23.3574367
K2-108 b,K2-108,Transit,2017,K2,1,1,59.4,5.33,4.733999,0.0581,0.18,1360,1.17,1.76,5599,0.40539,477.295,123.3818484,16.419516
Kepler-1025 b,Kepler-1025,Transit,2016,Kepler,1,1,4.58,1.98,37.3229493,0.21607,0,1654,1.09,1.13,6089,0.28708,803.776,284.510214,43.9615628
Kepler-1666 b,Kepler-1666,Transit,2020,Kepler,1,2,8.66,2.88273782,25.8476,0.1761,0,672,1.23,1.14586,6293,0.26839,1379.37,297.9516071,46.2647024
Kepler-1924 b,Kepler-1924,Transit,2021,Kepler,1,1,7.53,2.65446572,15.33170033,0.1216,0,821,1.018,1.285,5726,0.45229,1910.77,293.767386,42.8291562
K2-127 b,K2-127,Transit,2017,K2,1,1,52.9,8.37,3.588163,0.0411,0.12,809,0.72,0.66,4575,-0.25445,709.999,207.0782895,-11.5889878
WASP-144 b,WASP-144,Transit,2018,SuperWASP-South,1,1,139.8452,9.52765,2.2783152,0.0316,0,1260,0.81,0.81,5200,-0.12928,355.513,320.7628761,-40.0484393
K2-409 b,K2-409,Transit,2022,K2,1,1,6.72,2.482,1.908084,,,,0.886,1.228,5742,0.17248,431.031,228.4551125,-16.3512966
Kepler-997 b,Kepler-997,Transit,2016,Kepler,1,1,2.42,1.36,2.707306716,0.04022,0,1709,1.22,1.56,6150,0.49569,467.568,289.2333767,49.9388952
HD 99109 b,HD 99109,Radial Velocity,2005,W. M. Keck Observatory,1,1,139.8452,14.3,439.29999,1.11,0.09,,0.76,0.98,5282,-0.17178,54.7901,171.0715576,-1.529761
WASP-158 b,WASP-158,Transit,2018,SuperWASP-South,1,1,886.7457,11.99363,3.656333,0.0517,0,1590,1.38,1.39,6350,0.48338,524.993,4.1463468,-10.9764226
WASP-145 A b,WASP-145 A,Transit,2018,SuperWASP-South,2,1,282.8687,10.0881,1.7690381,0.0261,0,1200,0.76,0.68,4900,-0.68352,91.299,322.2537644,-58.8361466
WASP-159 b,WASP-159,Transit,2018,SuperWASP-South,1,1,174.8065,15.46842,3.840401,0.0538,0,1850,1.41,2.11,6120,0.678,715.383,68.1364792,-38.9682973
HD 89345 b,HD 89345,Transit,2018,K2,1,1,34.9613,7.39794,11.8143,0.1066,0.22,1089,1.157,1.747,5576,0.42488,132.345,154.6710977,10.1288464
CoRoT-20 c,CoRoT-20,Radial Velocity,2018,Multiple Observatories,1,2,5403.11,12.2,1675,2.9,0.6,,1.14,1.02,5880,0.17,844.061,97.7204249,0.2268931
NGTS-2 b,NGTS-2,Transit,2018,Next-Generation Transit Survey (NGTS),1,1,235.1942,17.878355,4.511164,0.063,0,1468,1.64,1.702,6478,0.63077,356.391,215.1227617,-31.2020698
Kepler-1562 b,Kepler-1562,Transit,2016,Kepler,1,1,12.3,3.55,64.2737752,0.3308,0,554,1.02,1.05,5760,0.49073,2060.72,294.4556567,46.7435353
K2-117 b,K2-117,Transit,2017,K2,1,2,4.78,2.03,1.2916,0.0189,0.06,868,0.54,0.51,3778,-1.35655,101.632,133.8557342,10.4692176
Kepler-1110 b,Kepler-1110,Transit,2016,Kepler,1,1,7.56,2.66,9.69312032,0.0754,0,609,0.73,0.7,4781,-0.63653,726.828,291.8080645,38.6226615
HD 153557 b,HD 153557,Radial Velocity,2022,Multiple Observatories,1,3,20.34101805,4.77,7.29903,0.068,0.065,,0.79,0.745171,4837,-0.56249,17.9412,254.4706516,47.3678558
Kepler-1170 b,Kepler-1170,Transit,2016,Kepler,1,1,6.39,2.41,9.98969327,0.088,0,705,0.8,0.76,5069,-0.3384,1050.45,292.1685422,43.7795963
WASP-162 b,WASP-162,Transit,2018,SuperWASP-South,1,1,1652.716,11.209,9.62468,0.0871,0.434,910,0.95,1.11,5300,0.05436,310.841,168.2929079,-17.6577794
WASP-172 b,WASP-172,Transit,2018,SuperWASP-South,1,1,149.3801,17.59813,5.477433,0.0694,0,1740,1.49,1.91,6900,0.93444,538.11,199.433742,-47.2375748
Kepler-392 b,Kepler-392,Transit,2014,Kepler,1,2,0.972,1,5.341853,0.059,0,1125,0.874,1.129,5938,0.19453,681.428,288.660826,43.3681938
K2-188 b,K2-188,Transit,2018,K2,1,2,2.39,1.35,1.742169,0.0289,,1692,1.06,1.19,5977,0.21087,446.821,129.8137008,23.3574367
Kepler-324 e,Kepler-324,Transit,2021,Kepler,1,4,235.014,2.03862444,13.97939968,0.10972,0,635,0.844,0.826,5191,-0.30825,501.574,286.4714473,49.6490933
Kepler-194 b,Kepler-194,Transit,2014,Kepler,1,3,2.89,1.51,2.092281,0.032,0,1648,0.94,1.025,6089,0.0427,1097.97,291.971429,47.8640498
Kepler-157 d,Kepler-157,Transit,2016,Kepler,1,3,2.73,1.46,7.02573474,0.0706,0,969,1.02,1.03,5866,0.09117,773.713,291.0972257,38.8756049
Kepler-763 c,Kepler-763,Transit,2023,Kepler,1,3,2.6,1.42,4.09667624,0.0466,0,938,0.8,0.843,4999,-0.3339,962.459,292.1445534,47.1573604
Kepler-236 c,Kepler-236,Transit,2014,Kepler,1,2,4.66,2,23.968127,0.132,0,329,0.596005,0.51,3750,-1.22915,288.763,283.8664285,39.8981928
LHS 3154 b,LHS 3154,Radial Velocity,2023,McDonald Observatory,1,1,13.15,3.69,3.71778,0.02262,0.076,,0.1118,0.1405,2861,-2.72125,15.7606,241.6367309,40.9068221
Kepler-664 b,Kepler-664,Transit,2016,Kepler,1,1,7.56,2.66,2.525593315,0.0374,0,1406,1.01,1.02,5754,-0.11113,1210.12,288.7549029,48.226203
HATS-9 b,HATS-9,Transit,2015,HATSouth,1,1,266.02371,13.85,1.915291,0.0312,0.075,1746,1.1,1.56,5599,0.3118,638.7,290.8101704,-20.1663771
Kepler-157 c,Kepler-157,Transit,2014,Kepler,1,3,5.65,2.24,13.5405,0.11,0,779,0.95,1.044,5774,0.09117,773.713,291.0972257,38.8756049
Kepler-947 b,Kepler-947,Transit,2016,Kepler,1,1,5.82,2.28,26.9644317,0.1773,0,573,0.9,0.87,5508,0.14245,1730.78,294.3667312,42.2526408
Kepler-758 e,Kepler-758,Transit,2016,Kepler,1,4,2.96,1.53,8.1934719,0.0829,0,1144,1.16,1.42,6228,0.56281,1502.32,293.0846115,41.1354049
Kepler-679 b,Kepler-679,Transit,2016,Kepler,1,1,9.32,3.01,12.39358604,0.0983,0,677,0.87,0.84,5403,-0.34758,922.244,296.0213374,50.5678019
WASP-147 b,WASP-147,Transit,2018,SuperWASP-South,1,1,87.40325,12.498035,4.60273,0.0549,0,1404,1.044,1.429,5702,0.28685,436.098,359.1915117,-22.1532316
Kepler-1907 c,Kepler-1907,Transit,2021,Kepler,1,2,1.63,1.15547044,14.86390018,0.10371,0,620,0.752,0.8,5159,-0.62479,292.111,280.7085829,47.3279236
Kepler-934 b,Kepler-934,Transit,2016,Kepler,1,1,5.02,2.09,55.6738309,0.2658,0,384,0.81,0.77,5001,-0.47799,608.738,290.2884494,43.7552623
Kepler-1986 b,Kepler-1986,Transit,2023,Kepler,1,1,4.23,1.89,19.5489666,0.1307,0,579,0.776,0.732,5549,-0.41148,912.085,292.9582727,42.8548909
Kepler-1521 b,Kepler-1521,Transit,2016,Kepler,1,1,6.8,2.5,47.14840805,0.23476,0,391,0.81,0.76,5042,-0.5691,206.983,292.6903779,37.8350549
Kepler-189 c,Kepler-189,Transit,2014,Kepler,1,2,22.7,2.38,20.134866,0.137,0,544,0.803,0.75,5235,-0.44774,591.534,287.5646296,44.3050662
HD 135344 A b,HD 135344 A,Imaging,2025,Paranal Observatory,2,1,3178.28407,16.25302201,,16.5,0.5,1585,2.32,1.5,9540,1.22,141.595,228.9538416,-37.1489176
HD 66428 b,HD 66428,Radial Velocity,2005,W. M. Keck Observatory,1,2,3478.949743,12.4,2269.81726,3.395,0.471,,1.01,1.13,5716,0.09579,53.2817,120.8691654,-1.1636019
Kepler-1468 c,Kepler-1468,Transit,2016,Kepler,1,3,1.6,1.15,3.54553021,0.0466,0,1448,1.04,1.05,5893,0.53118,1899.24,293.5198289,41.2773671
K2-266 b,K2-266,Transit,2018,K2,2,4,11.26782377,3.3,0.658524,0.01306,,1515,0.686,0.703,4285,-0.82333,77.5586,157.9356855,0.9372782
Kepler-1371 b,Kepler-1371,Transit,2016,Kepler,1,2,0.315,0.73,3.4462039,0.04214,0,1015,0.87,0.83,5361,-0.19829,515.334,288.8314251,47.5519753
HD 196067 b,HD 196067,Radial Velocity,2012,La Silla Observatory,2,2,3623.24384,12.4,3413.7,4.71,0.56292,,1.16,1.71,6072,0.549,39.9346,310.4364195,-75.3514992
Kepler-202 c,Kepler-202,Transit,2014,Kepler,1,2,4.08,1.85,16.282493,0.113,0,505,0.683,0.667,4668,-0.63817,285.111,282.9734874,41.3217991
K2-266 d,K2-266,Transit,2018,K2,2,4,8.9,2.93,14.697,0.1035,0.047,538.3,0.686,0.703,4285,-0.82333,77.5586,157.9356855,0.9372782
K2-266 e,K2-266,Transit,2018,K2,2,4,14.3,2.73,19.482,0.1249,0.043,490.1,0.686,0.703,4285,-0.82333,77.5586,157.9356855,0.9372782
Kepler-271 b,Kepler-271,Transit,2014,Kepler,1,3,2.04,1.23,10.43547805,0.08784,0,759,0.9,0.87,5555,-0.25319,404.542,283.0029316,44.284108
Kepler-1834 b,Kepler-1834,Transit,2021,Kepler,1,2,2.73,1.4593834,4.603010178,0.04911,0,848,0.765,0.788,4821,-0.57662,500.395,294.6646789,39.7838461
Kepler-122 e,Kepler-122,Transit,2014,Kepler,1,5,27.7,2.6,37.993273,0.227,0,618,0.982,1.216,6050,0.26993,1027.45,291.1118647,39.9490248
Kepler-974 b,Kepler-974,Transit,2016,Kepler,1,2,3.09,1.57,4.194496514,0.0419,0,577,0.52,0.5,3687,-1.35426,134.311,285.0131082,40.2209547
GJ 676 A d,GJ 676 A,Radial Velocity,2012,La Silla Observatory,2,4,3.81394088,1.78,3.60076,0.039,0.192,,0.626,0.69,3734,-1.04251,16.0272,262.5448903,-51.6377777
Kepler-218 b,Kepler-218,Transit,2014,Kepler,1,3,2.79,1.48,3.619337,0.046,0,1156,1.019,1.063,5502,0.00935,656.38,295.4128785,46.2665801
NGTS-3 A b,NGTS-3 A,Transit,2018,Next-Generation Transit Survey (NGTS),2,1,756.4354,16.58932,1.6753728,0.023,,1434.44,1.017,0.93,5600,-0.144,743.972,94.4447595,-35.706364
K2-238 b,K2-238,Transit,2018,K2,1,1,273.3338,14.5717,3.20466,0.046,0,1587,1.19,1.59,5630,0.36,537.963,347.7043164,-7.8575592
WASP-106 b,WASP-106,Transit,2014,SuperWASP,1,1,613.4088255,12.10569916,9.28969,0.0901,0.023,1140,1.175,1.47,6002,0.42198,352.181,166.4296276,-5.0794854
TrES-1 b,TrES-1,Transit,2004,TrES,2,1,266.9772,12.66617,3.03007,0.03925,0,1140,1.04,0.85,5230,-0.30071,159.658,286.0408755,36.632536
Qatar-1 b,Qatar-1,Transit,2010,Qatar,1,1,411.27202,12.811887,1.4200242,0.02332,0,1418,0.838,0.803,5013,-0.43771,185.615,303.3818697,65.1623313
Kepler-1387 b,Kepler-1387,Transit,2016,Kepler,1,1,0.749,0.93,2.279526656,0.031,0,1123,0.82,0.77,5046,-0.56045,455.358,292.4403029,43.2093456
Kepler-234 b,Kepler-234,Transit,2014,Kepler,1,2,13.2,3.7,2.711506,0.04,0,1420,1.129,1.113,6224,0.23955,1733.1,291.6535379,38.4946597
Kepler-525 b,Kepler-525,Transit,2016,Kepler,1,1,7.41,2.63,18.68404933,0.14386,0,832,0.95,1.15,5573,0.525,992.852,296.1834239,47.3587776
CoRoT-20 b,CoRoT-20,Transit,2011,CoRoT,1,2,1366.669,9.41556,9.24285,0.09,0.59,1024,1.14,1.02,5880,0.17,844.061,97.7204249,0.2268931
HD 18438 b,HD 18438,Radial Velocity,2023,Bohyunsan Optical Astronomical Observatory,1,1,6674.396547,12.1,803,2.1,0.1,,1.84,88.475,3860,2.96802,224.146,46.5318358,79.41858
Kepler-1205 b,Kepler-1205,Transit,2016,Kepler,1,1,2.57,1.41,1.078390352,0.0196,0,1667,0.84,0.81,5226,-0.41829,698.485,290.2796734,41.5150499
Kepler-1067 c,Kepler-1067,Transit,2021,Kepler,1,2,3.7,1.74682428,5.425839901,0.06069,0,973,0.981,0.934,5594,-0.14725,667.693,285.3873706,45.0490265
EPIC 201841433 b,EPIC 201841433,Transit,2019,K2,1,1,1.12,1.04,4.1698,0.035,,,0.802,0.628461,5053,-0.63455,436.488,175.206752,6.1348146
HATS-64 b,HATS-64,Transit,2018,HATSouth,1,1,305.1168,18.819911,4.908897,0.06562,0.151,1793,1.564,2.113,6554,0.86747,1080.15,144.2876092,-29.800444
HATS-65 b,HATS-65,Transit,2018,HATSouth,2,1,260.93843,16.824709,3.105161,0.04497,0.062,1634,1.257,1.31,6277,0.37658,493.32,292.9397825,-26.7402021
K2-80 b,K2-80,Transit,2016,K2,1,3,4.7,2.01,19.0918,0.135,,,0.9,0.87,5441,-0.43238,200.802,59.037486,13.5590288
Kepler-1222 b,Kepler-1222,Transit,2016,Kepler,1,1,0.418,0.79,1.916944254,0.02801,0,1246,0.84,0.8,5239,-0.45761,415.218,294.889616,49.3798215
K2-285 d,K2-285,Transit,2018,K2,1,4,6.5,2.48,10.45582,0.1178,0,619.9,0.83,0.787,4975,-0.42183,154.961,349.3843458,1.3001522
K2-285 e,K2-285,Transit,2018,K2,1,4,10.7,1.95,14.76289,0.18041,0,500.9,0.83,0.787,4975,-0.42183,154.961,349.3843458,1.3001522
HATS-60 b,HATS-60,Transit,2018,HATSouth,1,1,210.40346,12.923977,3.560829,0.04708,0.191,1528,1.097,1.46,5688,0.30016,486.474,341.3640336,-14.9917747
Kepler-359 b,Kepler-359,Transit,2014,Kepler,1,3,12.2,3.53,25.563222,0.178,0,671,0.827,1.086,6248,-0.09657,1443.21,293.2936129,42.1963497
K2-369 b,K2-369,Transit,2022,K2,1,1,2.28,1.313,5.761612,,,,0.735,0.881,5682,-0.12109,185.55,329.7262534,-10.8750666
WASP-165 b,WASP-165,Transit,2018,SuperWASP-South,1,1,209.13214,14.12334,3.465509,0.04823,0,1624,1.248,1.75,5599,0.42831,602.236,357.5806472,-17.0775947
HD 4313 b,HD 4313,Radial Velocity,2009,W. M. Keck Observatory,1,1,612.45841,13.4,356.21,1.157,0.147,,1.63,5.14,4943,1.14922,136.308,11.4181301,7.8450492
Kepler-1056 b,Kepler-1056,Transit,2016,Kepler,1,1,9.32,3.01,27.495606,0.1629,0,590,1.12,1.2,6127,0.22658,982.51,299.5259832,46.8992561
Kepler-1554 b,Kepler-1554,Transit,2016,Kepler,1,1,8.75,2.9,198.088774,0.59527,0,288,0.84,0.81,5297,-0.39312,946.847,286.576016,41.7415762
HATS-59 b,HATS-59,Transit,2018,HATSouth,1,2,256.17098,12.621334,5.416081,0.06112,0.129,1128,1.038,1.036,5670,-0.00436,642.884,170.324325,-22.388177
Kepler-1107 b,Kepler-1107,Transit,2016,Kepler,1,1,2.36,1.34,0.571038518,0.01285,0,1897,0.86,0.82,5268,-0.41703,428.798,291.049934,39.141674
HD 457 b,HD 457,Radial Velocity,2022,Multiple Observatories,1,1,8445.336431,11.9,20324.58153,15.369,0.565,,1.15,1.28194,6114.04,0.31574,55.0375,2.2492922,-39.7372401
HD 112640 b,HD 112640,Radial Velocity,2020,Bohyunsan Optical Astronomical Observatory,1,1,1589.15,12.9,613.2,1.7,0.24,,1.8,39,4155,2.45255,323.335,194.2415171,67.2429122
Kepler-1969 b,Kepler-1969,Transit,2021,Kepler,1,1,3.47,1.68161001,6.647520065,0.0717,0,999,1.111,1.007,6046,-0.1809,1204.54,294.7842662,49.4920557
Kepler-996 b,Kepler-996,Transit,2016,Kepler,1,1,4.58,1.98,3.770590584,0.0474,0,1272,1.09,1.14,6014,0.24247,1216.58,291.9127633,41.5335891
TOI-172 b,TOI-172,Transit,2019,Transiting Exoplanet Survey Satellite (TESS),1,1,1722.6386,10.816685,9.47725,0.0914,0.3806,1198,1.128,1.777,5645,0.4609,342.831,316.6318791,-26.6928654
K2-85 b,K2-85,Transit,2016,K2,1,1,3.2,1.4,0.684538626,0.013,0.24,1355,0.7,0.71,4232,-0.81171,97.2179,59.464829,18.4649505
Kepler-48 f,Kepler-48,Radial Velocity,2023,W. M. Keck Observatory,1,5,298.5809968,13.8,5219.681854,5.719187877,0.015283,,0.916,0.836,5190,-0.28926,306.738,299.1393094,40.948939
Kepler-1385 b,Kepler-1385,Transit,2016,Kepler,1,1,0.543,0.85,2.88879862,0.04262,0,1423,1.15,1.29,5732,0.45032,688.795,282.6313559,46.481022
Kepler-8 b,Kepler-8,Transit,2010,Kepler,1,1,187.5197,15.871944,3.5224991,0.0474,0,1680,1.213,1.486,6213,0.605,1021.87,281.2881335,42.4510975
K2-291 b,K2-291,Transit,2019,K2,1,1,6.49,1.589,2.225177,0.03261,0,1278,0.934,0.899,5520,-0.16622,90.0562,76.44594,21.548199
HAT-P-25 b,HAT-P-25,Transit,2010,HATNet,1,1,180.84527,12.722215,3.65281514,0.0466,0.023,1182,1.012,0.919,5519,-0.15181,300.384,48.4354731,25.1973548
GJ 328 c,GJ 328,Radial Velocity,2023,Roque de los Muchachos Observatory,1,2,21.4,4.91,241.8,0.657,,,0.65,0.63,3897,-1.08,20.5266,133.7819507,1.5420011
K2-181 b,K2-181,Transit,2018,K2,1,1,7.7,2.69,6.8941,0.0706,0.4,949,0.96,1.06,5528,-0.01252,360.911,127.5541103,10.9101444
Kepler-1039 b,Kepler-1039,Transit,2016,Kepler,1,1,2.73,1.46,0.934884242,0.01714,0,2080,0.79,0.74,4870,-0.64925,306.91,298.3266169,45.3154212
HATS-69 b,HATS-69,Transit,2018,HATSouth,1,1,183.38791,10.592505,2.2252577,0.03211,0.519,1295.7,0.892,0.8785,5137,-0.31758,414.537,289.2974275,-60.8917599
HATS-68 b,HATS-68,Transit,2018,HATSouth,1,1,410.0007,13.809488,3.5862202,0.05071,0.036,1741,1.351,1.748,6147,0.59218,603.955,15.006077,-58.9047242
Kepler-1383 b,Kepler-1383,Transit,2016,Kepler,1,1,2.57,1.41,13.9093583,0.11397,0,928,1.26,1.44,6370,0.56772,1027.21,297.9447714,42.1918449
Kepler-800 b,Kepler-800,Transit,2016,Kepler,1,1,8.5,2.85,14.13176026,0.1106,0,675,0.85,0.82,5315,-0.35798,1019.26,286.5747697,44.7951858
GJ 4276 b,GJ 4276,Radial Velocity,2019,Calar Alto Observatory,1,1,16.57,4.22,13.352,0.082,0.37,,0.406,0.407,3387,-1.70553,21.3362,336.3221454,59.412503
Kepler-1484 b,Kepler-1484,Transit,2016,Kepler,1,1,5.1,2.11,30.4549136,0.1939,0,624,0.94,0.92,5730,0.79551,2879.83,292.6842738,38.1262604
WASP-161 b,WASP-161,Transit,2018,SuperWASP-South,1,1,791.3967,12.811887,5.4060425,0.0673,,1557,1.39,1.712,6400,0.64738,343.08,126.3378248,-11.5009889
Kepler-172 e,Kepler-172,Transit,2014,Kepler,1,4,8.05,2.76,35.118736,0.211,0,550,1.081,1.085,5526,-0.03187,828.592,283.3684093,41.821839
Kepler-1864 b,Kepler-1864,Transit,2021,Kepler,1,1,0.353,0.75408365,3.881510019,0.049,0,1156,1.03,0.979,5854,0.03004,298.894,289.6867653,41.5889178
HATS-70 b,HATS-70,Transit,2019,HATSouth,1,1,4100.007,15.513256,1.8882378,0.03632,0.18,2730,1.78,1.881,7930,1.07918,1458.83,109.1045212,-31.2443947
WISPIT 1 b,WISPIT 1,Imaging,2025,Paranal Observatory,2,2,3305.415433,12.4,,338,,,0.72,1.1161,4670,-0.32014,230.007,117.798555,-50.1376852
Kepler-281 d,Kepler-281,Transit,2021,Kepler,1,3,654,5.93747806,148.2720032,0.5456,0,321,0.984,0.884,5717,0.14638,1745.45,294.1081465,44.7706524
HD 1397 b,HD 1397,Transit,2018,Transiting Exoplanet Survey Satellite (TESS),1,1,131.89945,11.500434,11.53533,0.1097,0.251,1228.3,1.324,2.336,5521,0.65992,79.5702,4.4471631,-66.3589285
Kepler-988 b,Kepler-988,Transit,2016,Kepler,1,1,4.94,2.07,17.76080053,0.1085,0,368,0.55,0.53,4005,-1.04739,304.889,290.7082585,42.2372245
K2-285 b,K2-285,Transit,2018,K2,1,4,9.68,2.59,3.471745,0.03817,0,1088.9,0.83,0.787,4975,-0.42183,154.961,349.3843458,1.3001522
Kepler-1694 b,Kepler-1694,Transit,2020,Kepler,1,1,1.76,1.17986031,3.89526,0.0449,0,956,0.82,0.756284,4954,-0.50811,513.329,293.7936339,40.241023
Kepler-526 b,Kepler-526,Transit,2016,Kepler,1,1,4.62,1.99,5.458498316,0.06518,0,1099,1.15,1.14,5894,0.35055,666.146,297.6509281,47.3962246
HD 47366 c,HD 47366,Radial Velocity,2016,Okayama Astrophysical Observatory,1,2,483.7348355,13.5,677.53,1.84,0.161,,1.81,7.3,4866,1.41664,84.3552,99.4200181,-12.9856593
K2-245 b,K2-245,Transit,2018,K2,1,1,17.4,4.34,11.89307,0.0959,,923,0.83,1.25,5793,0.1719,456.064,185.181563,-1.5909138
Kepler-159 b,Kepler-159,Transit,2014,Kepler,1,2,6.26,2.38,10.139623,0.082,0,447,0.628,0.663,4625,-0.75443,373.744,297.0702037,40.868734
Kepler-859 b,Kepler-859,Transit,2016,Kepler,1,1,9.75,3.09,20.38177573,0.13157,0,528,0.81,0.77,5020,-0.55638,839.903,286.7418337,43.1901197
WASP-140 b,WASP-140,Transit,2016,SuperWASP-South,2,1,775.5052,14.23540549,2.23598448,0.0323,0.047,1270,0.9,0.87,5300,-0.29437,117.598,60.3855387,-20.4509991
KMT-2022-BLG-1818L c,KMT-2022-BLG-1818L,Microlensing,2026,KMTNet,1,2,114.4182265,13.2,,12.6,,,0.79,,,,5300,270.798625,-27.4811111
K2-18 b,K2-18,Transit,2015,K2,1,2,8.92,2.37,32.939623,0.1429,0.2,284,0.359,0.411,3457,-1.59688,38.0266,172.560141,7.5878315
HAT-P-35 b,HAT-P-35,Transit,2011,HATNet,3,1,335.62848,14.930388,3.646706,0.04978,0.02,1581,1.236,1.435,6096,0.38307,506.965,123.250703,4.7870288
Kepler-208 d,Kepler-208,Transit,2014,Kepler,1,4,1.87,1.2,11.131786,0.103,0,999,1.082,1.314,6092,0.30912,775.328,293.8901979,42.5279413
Kepler-1129 c,Kepler-1129,Transit,2016,Kepler,1,2,7.9,2.73,76.5369586,0.35367,0,503,1,1,5831,-0.0274,1183.88,291.6044965,41.3093275
HD 12235 b,HD 12235,Radial Velocity,2022,Multiple Observatories,1,2,10.48833743,3.23,4.36305,0.054,0.376,,1.1,1.80185,5986,0.57468,31.7627,30.0391601,3.0959098
Kepler-364 b,Kepler-364,Transit,2014,Kepler,1,2,3.02,1.55,25.745718,0.178,0,753,1.076,1.284,6108,0.35128,891.462,281.5699998,47.3986233
Kepler-524 b,Kepler-524,Transit,2016,Kepler,1,2,4.31,1.91,7.97419807,0.07955,0,974,1.09,1.1,6014,0.43947,1058.24,296.8591787,49.1620125
Kepler-221 e,Kepler-221,Transit,2014,Kepler,1,4,7.86706,2.63,18.369917,0.13,0,582,0.854,0.821,5243,-0.40429,385.231,296.6547477,46.8352242
HD 10180 g,HD 10180,Radial Velocity,2010,La Silla Observatory,1,6,3375.337682,,604.67,1.427,0.263,,1.06,1.109,5911,0.17319,38.9607,24.4731133,-60.5114881
WASP-95 b,WASP-95,Transit,2014,SuperWASP,1,1,457.6752,13.78707,2.18467,0.03416,0,1570,1.46,1.23,5830,0.17781,137.544,337.4578243,-48.0030988
GJ 143 b,GJ 143,Transit,2019,Transiting Exoplanet Survey Satellite (TESS),1,2,22.7,2.61,35.61253,0.1915,0.188,422,0.73,0.695,4640,-0.6862,16.32,51.7501882,-63.500166
HD 23472 b,HD 23472,Transit,2019,Transiting Exoplanet Survey Satellite (TESS),1,5,8.32,2,17.667087,0.1162,0.072,543,0.67,0.71,4684,-0.62525,39.0341,55.4590314,-62.7672667
HD 23472 c,HD 23472,Transit,2019,Transiting Exoplanet Survey Satellite (TESS),1,5,3.41,1.87,29.79749,0.1646,0.063,467,0.67,0.71,4684,-0.62525,39.0341,55.4590314,-62.7672667
HD 219666 b,HD 219666,Transit,2018,Transiting Exoplanet Survey Satellite (TESS),1,1,17.6,4.898,6.034468,0.06356,0.05,1076,1.02,1.059,5540,-0.0278,94.1719,349.5592665,-56.9039857
HD 21749 c,GJ 143,Transit,2019,Transiting Exoplanet Survey Satellite (TESS),1,2,3.7,0.892,7.78993,0.0695,,701,0.73,0.695,4640,-0.6862,16.32,51.7501882,-63.500166
TOI-481 b,TOI-481,Transit,2020,Transiting Exoplanet Survey Satellite (TESS),1,1,486.2799,11.09691,10.33111,0.097,0.153,1370,1.14,1.66,5735,0.43457,179.366,110.5126861,-57.384998
TOI-201 b,TOI-201,Transit,2021,Transiting Exoplanet Survey Satellite (TESS),1,2,184.3404761,11.82547464,52.977946,0.3026,0.318,759,1.316,1.339,6394,0.41497,113.825,87.4017825,-54.910423
TOI-199 b,TOI-199,Transit,2023,Transiting Exoplanet Survey Satellite (TESS),1,2,54.03082919,9.07927437,104.854,0.4254,0.09,476.27,0.936,0.82,5255,-0.33819,102.27,80.1058735,-59.8954326
TOI-286 b,TOI-286,Transit,2024,Transiting Exoplanet Survey Satellite (TESS),1,2,4.53,1.42,4.5117244,0.0503,0,979,0.832,0.78,5152,-0.41364,59.2293,90.9842762,-60.6663348
TOI-286 c,TOI-286,Transit,2024,Transiting Exoplanet Survey Satellite (TESS),1,2,3.72,1.88,39.361826,0.213,0,475,0.832,0.78,5152,-0.41364,59.2293,90.9842762,-60.6663348
TOI-712 b,TOI-712,Transit,2022,Transiting Exoplanet Survey Satellite (TESS),1,3,4.85,2.049,9.531361,0.07928,0.54,650,0.732,0.674,4622,-0.72793,58.6212,92.9361063,-65.8258386
TOI-712 c,TOI-712,Transit,2022,Transiting Exoplanet Survey Satellite (TESS),1,3,7.76,2.701,51.69906,0.2447,0.089,369.9,0.732,0.674,4622,-0.72793,58.6212,92.9361063,-65.8258386
TOI-712 d,TOI-712,Transit,2022,Transiting Exoplanet Survey Satellite (TESS),1,3,6.68,2.474,84.8396,0.3405,0.073,313.6,0.732,0.674,4622,-0.72793,58.6212,92.9361063,-65.8258386
HD 56414 b,HD 56414,Transit,2022,Transiting Exoplanet Survey Satellite (TESS),1,1,13.3,3.71,29.04992,0.229,0.68,1133,1.89,1.751,8500,1.15806,272.217,107.8436846,-68.8333403
TOI-4504 c,TOI-4504,Transit,2024,Transiting Exoplanet Survey Satellite (TESS),1,3,1197.323175,11.09689089,82.97213,0.3569,0.032,182.8,0.89,0.92,5315,-0.20761,342.605,114.4673065,-62.0782776
TOI-4504 b,TOI-4504,Transit,2024,Transiting Exoplanet Survey Satellite (TESS),1,3,7.71,2.691,2.42614,0.03392,0,1234.03,0.89,0.92,5315,-0.20761,342.605,114.4673065,-62.0782776
HD 23472 f,HD 23472,Transit,2022,Transiting Exoplanet Survey Satellite (TESS),1,5,0.77,1.137,12.1621839,0.0906,0.07,630,0.67,0.71,4684,-0.62525,39.0341,55.4590314,-62.7672667
HD 23472 d,HD 23472,Transit,2022,Transiting Exoplanet Survey Satellite (TESS),1,5,0.55,0.75,3.97664,0.04298,0.07,909,0.67,0.71,4684,-0.62525,39.0341,55.4590314,-62.7672667
HD 23472 e,HD 23472,Transit,2022,Transiting Exoplanet Survey Satellite (TESS),1,5,0.72,0.818,7.90754,0.068,0.07,723,0.67,0.71,4684,-0.62525,39.0341,55.4590314,-62.7672667
TOI-199 c,TOI-199,Transit Timing Variations,2023,Multiple Observatories,1,2,88.99195396,11.4,273.69,0.807,0.096,,0.936,0.82,5255,-0.33819,102.27,80.1058735,-59.8954326
TOI-4504 d,TOI-4504,Transit Timing Variations,2024,Multiple Observatories,1,3,450.2357214,13.6,40.5634,0.2219,0.0445,,0.89,0.92,5315,-0.20761,342.605,114.4673065,-62.0782776
TOI-201 c,TOI-201,Transit Timing Variations,2025,Transiting Exoplanet Survey Satellite (TESS),1,2,4513.163379,11.13051784,2800,4.28,0.643,,1.316,1.339,6394,0.41497,113.825,87.4017825,-54.910423
HAT-P-14 b,HAT-P-14,Transit,2010,HATNet,2,1,1093.3352,15.91678,4.62767,0.0596,0.11,1624,2.65,1.82,6600,0.64412,222.663,260.1161719,38.2421682
HD 87816 b,HD 87816,Radial Velocity,2025,La Silla Observatory,1,2,2142.163463,12.7,484.17,1.618,0.78,,2.41,9,4989,1.65514,133.233,151.5296524,-52.1878679
Kepler-1189 b,Kepler-1189,Transit,2016,Kepler,1,1,3.78,1.77,3.78858982,0.0467,0,1158,1.11,1.16,6012,0.04086,782.852,298.4264116,47.9468194
Kepler-401 d,Kepler-401,Transit,2016,Kepler,1,3,5.77,2.27,184.256405,0.66886,0,380,1.17,1.29,6184,0.56611,965.56,290.0827494,50.8634361
GJ 422 b,GJ 422,Radial Velocity,2014,Multiple Observatories,1,1,11.07,3.33,20.129,0.111,0.11,,0.35,0.370328,3323,-1.95861,12.6631,168.9810458,-57.5425629
24 Boo b,24 Boo,Radial Velocity,2018,Okayama Astrophysical Observatory,1,1,280.6424834,13.9,30.33,0.194,0.032,,1.05,12.19,4816,1.87691,95.9863,217.1555242,49.8446488
WASP-164 b,WASP-164,Transit,2018,SuperWASP-South,1,1,676.9779,12.643752,1.7771255,0.02818,0,1610,0.946,0.932,5806,-0.06732,327.506,344.8735878,-60.4478194
K2-376 b,K2-376,Transit,2022,K2,1,1,3.66,1.736,5.776475,,,,0.908,1.149,5937,0.18908,161.61,132.7193327,25.0380824
Kepler-563 b,Kepler-563,Transit,2016,Kepler,1,1,9.75,3.09,22.18432708,0.1418,0,546,0.8,0.77,5066,-0.44389,565.207,292.4461832,46.2897548
HD 173416 b,HD 173416,Radial Velocity,2008,Xinglong Station,1,1,585.1220973,13.4,322.03,1.158,0.208,,2,13.5,4683,1.892,132.184,280.9005676,36.556857
Kepler-1042 b,Kepler-1042,Transit,2016,Kepler,1,1,5.43,2.19,10.13202575,0.0756,0,574,0.75,0.72,4815,-0.6,659,288.6689428,39.8239935
HD 2685 b,HD 2685,Transit,2019,Transiting Exoplanet Survey Satellite (TESS),1,1,371.8611,16.14096,4.12688,0.0568,0.091,2061,1.43,1.56,6801,0.66839,196.852,7.3289156,-76.304032
Kepler-25 b,Kepler-25,Transit,2011,Kepler,2,3,8.7,2.748,6.238297,0.0695,0.0029,1185,1.165,1.316,6354,0.4216,243.249,286.6383905,39.4879038
KELT-23 A b,KELT-23 A,Transit,2019,KELT-North,2,1,298.12454,14.829507,2.255251,0.03302,0,1561,0.944,0.996,5899,0.03383,126.261,232.1466406,66.3587097
Kepler-1491 b,Kepler-1491,Transit,2016,Kepler,1,2,2.89,1.51,16.5861762,0.127,0,821,1,0.99,5728,0.35471,2065.59,293.6297645,45.7406293
Kepler-1528 b,Kepler-1528,Transit,2016,Kepler,1,1,2.73,1.46,1.791110205,0.0296,0,1549,1.03,1.03,5857,-0.06429,817.534,287.4029864,46.5740084
Kepler-1436 b,Kepler-1436,Transit,2016,Kepler,1,1,2.27,1.31,9.705716,0.0907,0,1001,1.06,1.09,5972,0.80118,2530.62,297.711553,46.7679816
GJ 180 c,GJ 180,Radial Velocity,2014,Multiple Observatories,1,3,6.4,2.41,24.329,0.129,0.09,,0.43,0.413049,3371,-1.88606,11.9407,73.460097,-17.776194
HATS-24 b,HATS-24,Transit,2017,HATSouth,1,1,718.2958,15.636555,1.3484978,0.0238,0,2166,1.07,1.12,6125,0.19,494.182,268.8907069,-61.7474
HAT-P-9 b,HAT-P-9,Transit,2008,HATNet,1,1,238.05467,15.614137,3.92281072,0.05287,0.084,1540,1.281,1.338,6350,0.4183,455.203,110.1685157,37.1405946
HAT-P-36 b,HAT-P-36,Transit,2011,HATNet,1,1,587.413406,14.313893,1.32734683,0.0241,0.063,1780.97,1.03,1.041,5620,0.02243,294.419,188.2662048,44.9153672
Kepler-1621 b,Kepler-1621,Transit,2016,Kepler,1,1,5.31,2.16,92.263714,0.4204,0,469,1.15,1.24,6158,0.47822,1631.66,297.5885341,43.8411937
Kepler-1478 b,Kepler-1478,Transit,2016,Kepler,1,1,3.64,1.73,26.0840594,0.1681,0,598,1.04,1.06,5904,0.30415,1845.58,293.1650085,41.746184
Kepler-203 c,Kepler-203,Transit,2014,Kepler,1,3,749.9,2.47,5.370647,0.061,0,1096,1.06,1.114,5821,0.0937,703.302,297.089959,41.3880686
Kepler-221 b,Kepler-221,Transit,2014,Kepler,1,4,5.95575,1.71,2.795906,0.037,0,1090,0.854,0.821,5243,-0.40429,385.231,296.6547477,46.8352242
NGTS-5 b,NGTS-5,Transit,2019,Next-Generation Transit Survey (NGTS),1,1,72.78307,12.733424,3.3569866,0.0382,0,952,0.661,0.739,4987,-0.51087,306.779,221.0582692,5.6053735
Kepler-386 b,Kepler-386,Transit,2014,Kepler,1,2,2.51,1.39,12.31043,0.096,0,651,0.825,0.767,5178,-0.40199,882.462,289.8589165,48.6938077
Kepler-1502 b,Kepler-1502,Transit,2016,Kepler,1,1,10.2,3.18,41.7083629,0.2482,0,608,1.44,1.72,6666,0.74202,1514.02,296.1079271,39.3199201
Qatar-9 b,Qatar-9,Transit,2019,Qatar,1,1,378.2177,11.309881,1.540731,0.0234,0,1134,0.719,0.696,4309,-0.82102,213.771,160.748095,60.9641194
Kepler-1591 b,Kepler-1591,Transit,2016,Kepler,1,1,2.15,1.27,8.18504949,0.0794,0,892,1.1,1.16,6082,0.43389,1419.58,296.5166659,44.6086233
Kepler-160 c,Kepler-160,Transit,2014,Kepler,1,3,13.6,3.76,13.699429,0.1192,0,771,1.003,1.118,5471,0.00432,937.013,287.773573,42.8692755
Kepler-1057 b,Kepler-1057,Transit,2016,Kepler,1,1,11.2,3.36,14.08827448,0.1138,0,724,1.07,1.1,5987,-0.0058,1201.82,297.4521311,41.5580816
Kepler-115 b,Kepler-115,Transit,2014,Kepler,1,2,1.32,1.09,2.403679,0.036,0,1489,1.042,1.205,5979,0.22007,623.609,297.7119299,45.261985
Kepler-527 b,Kepler-527,Transit,2016,Kepler,1,1,8.45,2.84,13.28535633,0.11646,0,1157,1.28,1.45,6388,0.32269,750.04,290.957913,47.4062673
Kepler-1011 b,Kepler-1011,Transit,2016,Kepler,1,1,8.6,2.87,5.753221974,0.0633,0,920,0.91,0.88,5416,-0.37597,736.779,297.4015491,46.8239976
GJ 1061 c,GJ 1061,Radial Velocity,2020,La Silla Observatory,1,3,1.81,1.19,6.6821,0.0342,0.02,,0.12,0.156,2953,-2.76955,3.67278,54.0032486,-44.5143104
Kepler-1600 b,Kepler-1600,Transit,2016,Kepler,1,2,9.96,3.13,386.370548,0.98141,0,209,0.86,0.82,5214,-0.33945,1030.81,291.3993802,38.7877563
Kepler-49 c,Kepler-49,Transit,2012,Kepler,1,4,8.38,2.444,10.91,0.07821,0.008,443,0.607,0.618,4095.6,-1.13077,311.222,292.2945208,40.5918123
KMT-2020-BLG-0414L b,KMT-2020-BLG-0414L,Microlensing,2021,KMTNet,1,2,1.87,1.2,,2.07,,,0.49,,,,1220,271.915,-28.4852222
Kepler-717 b,Kepler-717,Transit,2016,Kepler,1,1,6.44,2.42,4.40840023,0.052,0,1139,0.88,0.85,5485,0.60439,2805.48,292.9655071,43.346345
Kepler-1566 b,Kepler-1566,Transit,2016,Kepler,1,1,0.418,0.79,0.539915238,0.01198,0,1871,0.84,0.81,5254,-0.43675,466.586,283.5875459,40.5749018
Kepler-1022 b,Kepler-1022,Transit,2016,Kepler,1,1,6.17,2.36,10.99469878,0.0805,0,512,0.71,0.68,4445,-0.85831,420.042,289.3520595,46.9736345
HD 75784 b,HD 75784,Radial Velocity,2014,W. M. Keck Observatory,1,2,317.83,13.8,341.2,1.032,0.097,,1.26,3.4,4867,0.756,85.4321,133.0992289,13.2330548
Kepler-1321 d,Kepler-1321,Transit,2021,Kepler,1,3,7.41,2.62843782,5.720920086,0.0501,0,509,0.513,0.503,3640,-0.8624,769.146,294.528597,46.6408737
Kepler-1340 b,Kepler-1340,Transit,2016,Kepler,1,1,3.02,1.55,0.665026916,0.01523,0,2174,1.27,1.42,6331,0.08683,981.779,296.2328099,42.4727965
Kepler-411 d,Kepler-411,Transit,2018,Kepler,2,4,15.2,3.319,58.02035,0.279,0.128,410,0.87,0.82,4974,-0.57899,153.676,287.6057027,49.5233937
Kepler-411 c,Kepler-411,Transit,2016,Kepler,2,4,26.4,4.421,7.834435,0.0739,0.108,838,0.87,0.82,4974,-0.57899,153.676,287.6057027,49.5233937
Kepler-742 b,Kepler-742,Transit,2016,Kepler,1,1,10.6,3.24,8.360868238,0.0744,0,690,0.76,0.71,4642,-0.69172,489.253,283.8659676,46.7896522
Kepler-936 b,Kepler-936,Transit,2016,Kepler,1,1,2.7,1.45,10.56134221,0.0954,0,867,0.92,0.89,5482,-0.19,823.399,293.5777958,46.7362953
K2-295 b,K2-295,Transit,2018,K2,1,1,106.47305,10.054473,4.024867,0.0451,0,852,0.74,0.7,4444,-0.71623,232.801,19.6101417,6.8167277
Kepler-748 b,Kepler-748,Transit,2016,Kepler,1,1,6.9,2.52,7.40742793,0.0745,0,938,1.07,1.1,5934,0.36017,1705.99,292.2628779,37.2369732
TOI-7166 b,TOI-7166,Transit,2025,Transiting Exoplanet Survey Satellite (TESS),1,1,4.7,2.01,12.92063621,0.06191,0,249,0.19,0.222,3099,-2.3869,35.4153,320.6806363,8.8893975
HATS-18 b,HATS-18,Transit,2016,Multiple Observatories,1,1,629.144485,14.896761,0.83784,0.0174,0.166,2069.48,1.037,1.02,5600,-0.03152,624.368,173.9574203,-29.1560639
Kepler-1349 b,Kepler-1349,Transit,2016,Kepler,1,1,0.271,0.7,2.12823928,0.03421,0,1668,1.16,1.28,6086,0.34263,276.323,286.3385562,48.7442697
Kepler-1627 b,Kepler-1627,Transit,2016,Kepler,1,1,13.2,3.69,7.20283653,0.0643,0,794,0.87,0.84,5445,-0.30321,317.437,284.0566675,41.5767277
Kepler-394 d,Kepler-394,Transit,2021,Kepler,1,3,2.86,1.50066814,5.613580227,0.05904,0,1165,1.141,1.101,6398,0.05347,1058.72,296.3019792,50.6723115
Kepler-1601 b,Kepler-1601,Transit,2016,Kepler,1,1,0.477,0.82,2.20921951,0.03281,0,1507,1.04,1.07,5869,0.08501,644.456,285.5129496,38.079839
Kepler-1751 b,Kepler-1751,Transit,2021,Kepler,1,1,3.98,1.82417378,7.017310143,0.0712,0,984,0.974,0.967,6052,0.03608,1291.47,284.8465476,49.6923412
K2-133 e,K2-133,Transit,2019,K2,1,4,3.64,1.73,26.5841,0.1346,,296,0.461,0.455,3655,-1.47886,75.1703,70.1493775,25.0098135
K2-308 b,K2-308,Transit,2019,K2,1,1,70.6,9.916,3.38628,,,1213.76,1.09,1.24,6100,0.283,1314.53,78.3391194,16.4141986
DS Tuc A b,DS Tuc A,Transit,2019,Transiting Exoplanet Survey Satellite (TESS),2,1,413.179,5.7,8.138268,,0,850,1.01,0.964,5428,-0.13966,44.0622,354.9154673,-69.196043
Kepler-283 c,Kepler-283,Transit,2014,Kepler,1,2,3.97,1.82,92.743711,0.341,0,240,0.596,0.566,4351,-0.98297,468.094,293.6137413,47.838938
Kepler-1086 b,Kepler-1086,Transit,2016,Kepler,2,2,6.53,2.44,18.78425728,0.1198,0,433,0.7,0.66,4350,-0.85997,466.084,295.251187,45.8429537
Kepler-25 c,Kepler-25,Transit,2011,Kepler,2,3,15.2,5.217,12.7207,0.1117,0.0061,934,1.165,1.316,6354,0.4216,243.249,286.6383905,39.4879038
Kepler-1023 b,Kepler-1023,Transit,2016,Kepler,1,1,7.41,2.63,62.1387714,0.30284,0,524,0.93,0.89,5494,-0.1926,694.175,289.0297232,49.7697034
Kepler-1497 b,Kepler-1497,Transit,2016,Kepler,1,1,3.39,1.66,8.74199772,0.0817,0,924,0.96,0.95,5675,-0.0734,1122,296.196155,45.6343124
Kepler-981 b,Kepler-981,Transit,2016,Kepler,1,1,5.95,2.31,4.469757736,0.0535,0,1103,0.98,0.96,5718,-0.08124,878.082,289.2489051,47.6501141
Kepler-436 c,Kepler-436,Transit,2016,Kepler,1,2,6.04,2.33,16.79713874,0.11452,0,503,0.75,0.71,4685,-0.701,588.867,301.7207775,44.4120856
HD 175167 b,HD 175167,Radial Velocity,2009,Las Campanas Observatory,1,1,4703.860424,12.3,1175,2.4,0.51,,1.09,1.75,5635,0.45593,71.0863,285.0033888,-69.9450664
Kepler-139 c,Kepler-139,Transit,2014,Kepler,1,5,13,3.38,157.072878,0.586,0,350,1.078,1.3,5594,0.01598,391.038,282.3919451,43.8894167
Kepler-1743 b,Kepler-1743,Transit,2021,Kepler,1,1,3.18,1.59887007,7.649710178,0.084,0,1144,1.266,1.613,5855,0.59938,538.807,290.5523552,48.1262575
K2-173 b,K2-173,Transit,2018,K2,1,1,3.22,1.60826194,5.868699,,,,0.881538,0.843154,5580,-0.05981,228.641,60.3752402,15.6251296
WASP-181 b,WASP-181,Transit,2019,SuperWASP,1,1,95.03117,13.271456,4.5195064,0.05427,,1186,1.04,0.965,5839,0.04879,437.495,26.7932253,3.1329325
Kepler-583 b,Kepler-583,Transit,2016,Kepler,1,1,5.82,2.28,6.5100253,0.0689,0,1017,0.94,0.91,5523,-0.10059,867.271,282.1113206,42.3545514
Kepler-1770 b,Kepler-1770,Transit,2021,Kepler,1,1,8.45,2.84141754,16.84189987,0.1261,0,699,0.941,1.009,5602,-0.2091,582.942,299.2502851,43.4103663
Kepler-987 b,Kepler-987,Transit,2016,Kepler,1,1,10.7,3.26,105.3033148,0.4238,0,351,0.97,0.91,5637,-0.14468,914.126,289.4110582,46.1308443
Kepler-385 d,Kepler-385,Transit,2020,Kepler,1,3,7.36,2.6186448,56.4159,0.2872,0,535,1.05,1.157,5829,0.14374,1432.61,294.3385109,50.3365178
Gl 410 b,Gl 410,Radial Velocity,2025,Mauna Kea Observatory,1,1,8.4,2.83,6.02,0.0531,,,0.55,0.543,3842,-1.239,11.9324,165.6604212,21.9669164
Kepler-1201 b,Kepler-1201,Transit,2016,Kepler,1,1,5.86,2.29,15.18725932,0.1183,0,789,1.15,1.24,6177,0.04424,944.241,294.6147908,40.8331158
Kepler-1540 b,Kepler-1540,Transit,2016,Kepler,2,1,6.76,2.49,125.4131177,0.4426,0,266,0.74,0.69,4540,-0.81759,244.96,283.3445555,41.2017544
HAT-P-70 b,HAT-P-70,Transit,2019,HATNet,1,1,2154.8874,20.96083,2.74432452,0.04739,0,2562,1.89,1.858,8450,1.22272,330.739,74.5523332,9.9979794
Kepler-176 c,Kepler-176,Transit,2014,Kepler,1,4,1.33,2.6,12.759712,0.102,0,633,0.86,0.891,5232,-0.40427,527.321,294.6679021,43.8532104
HD 96700 c,HD 96700,Radial Velocity,2021,La Silla Observatory,1,3,3.5,1.69,19.88,0.141,0.293,,0.89,1.16,5845,0.13988,25.4111,166.9742616,-30.1751383
Kepler-1568 b,Kepler-1568,Transit,2016,Kepler,1,1,2.24,1.3,20.925392,0.15157,0,729,1.09,1.19,5956,0.25777,916.313,289.1826808,47.8733301
HATS-58 A b,HATS-58 A,Transit,2019,HATSouth,2,1,327.3649,12.273855,4.2180896,0.05798,0.168,1721,1.461,1.433,7175,0.68931,403.591,186.7873036,-48.9784105
WASP-169 b,WASP-169,Transit,2019,WASP-South,1,1,178.30263,14.616536,5.6114118,0.0681,0,1604,1.337,2.011,6110,0.78882,627.066,127.3872297,-12.9447683
K2-147 b,K2-147,Transit,2018,K2,1,1,2.77,1.47286006,0.961939,0.01575,0.38,1077,0.563,0.578,3690,-1.25181,90.5494,293.8330329,-28.498475
Kepler-247 d,Kepler-247,Transit,2014,Kepler,1,3,14.7,3.94,20.477912,0.14,0,530,0.887,0.768,5100,-0.42165,663.711,288.6425609,43.0393769
Kepler-1552 b,Kepler-1552,Transit,2016,Kepler,1,1,6.66,2.47,184.771853,0.6011,0,268,0.85,0.78,5202,-0.20141,769.096,291.6768669,38.8749152
K2-398 b,K2-398,Transit,2022,K2,1,2,5.79,2.274,6.393025,,,,0.945,1.239,5946,0.25966,606.992,161.7349738,1.9367044
K2-268 b,K2-268,Transit,2018,K2,1,5,2.86,1.5,2.151676,0.0308,,1136,0.84,0.78,5106,-0.42942,327.783,133.7094899,11.8482712
LkCa 15 c,LkCa 15,Imaging,2015,Large Binocular Telescope Observatory,1,2,,,,18.6,,,,1.60711,4194,-0.19164,158.152,69.8241791,22.3508662
Kepler-1542 c,Kepler-1542,Transit,2016,Kepler,1,4,0.208,0.65,2.89223021,0.0387,0,1287,0.94,0.99,5564,0.07026,399.114,285.7284757,42.6544651
HD 30856 b,HD 30856,Radial Velocity,2011,W. M. Keck Observatory,2,1,491.68301,13.5,847,1.85,0.061,,1.17,4.4,4895,0.99564,131.199,72.5745099,-24.3689282
Kepler-173 c,Kepler-173,Transit,2014,Kepler,1,2,6.48,2.43,8.005777,0.074,0,956,1.067,0.949,6031,0.07365,833.165,294.6466171,41.8840952
TOI-163 b,TOI-163,Transit,2019,Transiting Exoplanet Survey Satellite (TESS),1,1,387.7526,16.690201,4.231306,0.058,0,1669,1.4352,1.648,6495,0.63649,411.719,79.7682532,-71.8955269
Kepler-1445 b,Kepler-1445,Transit,2016,Kepler,1,1,0.84,0.96,10.60052251,0.09587,0,987,1.13,1.26,6150,0.33963,506.357,280.2495197,43.9150665
Kepler-1095 b,Kepler-1095,Transit,2016,Kepler,1,1,1.92,1.21,4.27103091,0.0514,0,1108,0.94,0.92,5658,-0.09285,792.522,293.2624215,41.3650155
Kepler-1123 b,Kepler-1123,Transit,2016,Kepler,1,1,3.43,1.67,4.33946454,0.0497,0,1061,0.93,0.9,5500,-0.29455,704.323,294.5177291,50.6703927
NGTS-8 b,NGTS-8,Transit,2019,Next-Generation Transit Survey (NGTS),1,1,295.5819,12.21781,2.4997,0.035,0.01,1345,0.89,0.98,5241,-0.20993,428.976,328.9759206,-14.0684399
Kepler-2000 b,Kepler-2000,Transit,2023,Kepler,1,2,7.9,2.73,6.383159135,0.0562,0,530,0.581,0.576,3757,-1.05272,320.588,285.5743032,49.9621218
Kepler-1371 c,Kepler-1371,Transit,2016,Kepler,1,2,0.196,0.64,2.00541269,0.02937,0,1216,0.87,0.83,5361,-0.19829,515.334,288.8314251,47.5519753
Kepler-538 b,Kepler-538,Transit,2016,Kepler,2,1,12.9,2.215,81.73778,0.3554,0.21,417,0.892,0.8717,5534,-0.17887,155.956,297.4865503,49.6233975
HD 219134 c,HD 219134,Radial Velocity,2015,Roque de los Muchachos Observatory,1,6,4.36,1.511,6.76458,0.0653,0.062,782,0.81,0.778,4699,-0.57741,6.53127,348.3372026,57.1696255
HD 219134 f,HD 219134,Radial Velocity,2015,Multiple Observatories,1,6,7.3,1.31,22.717,0.1463,0.148,522.6,0.81,0.778,4699,-0.57741,6.53127,348.3372026,57.1696255
HD 219134 h,HD 219134,Radial Velocity,2015,Roque de los Muchachos Observatory,1,6,108.0622,12.7,2247,3.11,0.06,,0.794,0.77,4913,-0.50864,6.53127,348.3372026,57.1696255
Kepler-1877 b,Kepler-1877,Transit,2021,Kepler,1,1,0.179,0.624086,2.377569914,0.03472,0,1278,1.022,0.936,5615,-0.07722,285.312,294.866924,46.7904816
Kepler-331 c,Kepler-331,Transit,2014,Kepler,1,3,4.04,1.84,17.28111,0.105,0,425,0.653,0.492,4347,-0.78358,580.119,291.8343455,39.3073462
Kepler-543 b,Kepler-543,Transit,2016,Kepler,1,1,6.8,2.5,13.89961966,0.1023,0,521,0.7,0.67,4671,-0.64251,221.802,287.2187273,38.8625366
HD 150010 b,HD 150010,Radial Velocity,2022,Bohyunsan Optical Astronomical Observatory,1,1,762.7881768,13.3,562,1.4,0.2,,1.3,16.2,4153,1.98227,144.49,247.8670682,72.6125804
Kepler-1105 b,Kepler-1105,Transit,2016,Kepler,1,1,4.7,2.01,4.421572182,0.0471,0,729,0.71,0.68,4299,-0.94508,318.004,281.1117588,42.4549698
Kepler-1311 b,Kepler-1311,Transit,2016,Kepler,1,3,2.07,1.24,11.1726994,0.10082,0,1019,1.05,1.4,5748,0.47186,866.331,289.6512597,43.8244445
K2-58 c,K2-58,Transit,2016,K2,1,3,3.26,1.62,2.53726,0.035,,,0.89,0.86,5413,-0.39764,181.746,333.8218395,-14.049857
Kepler-1449 b,Kepler-1449,Transit,2016,Kepler,1,1,3.46,1.68,13.2274528,0.1176,0,867,1.08,1.1,5979,0.50864,2006.48,288.2317293,50.5678345
HD 38801 b,HD 38801,Radial Velocity,2009,Subaru Telescope,1,1,3082.31534,12.5,685.25,1.623,0.017,,1.207,2.029,5338,0.65896,91.4349,86.9963141,-8.3280256
Kepler-389 c,Kepler-389,Transit,2014,Kepler,1,2,2.73,1.46,14.51143,0.11,0,636,0.765,0.792,5376,-0.51588,816.559,291.9600082,44.9000587
Kepler-147 c,Kepler-147,Transit,2014,Kepler,1,2,6.48,2.43,33.416423,0.216,0,689,1.145,1.468,6012,0.42733,1042.02,287.9757213,39.087168
GJ 1265 b,GJ 1265,Radial Velocity,2018,Calar Alto Observatory,1,1,7.4,2.63,3.6511,0.026,0.04,,0.178,0.192,3236,-2.4389,10.2525,333.4324675,-17.6870623
Kepler-604 b,Kepler-604,Transit,2016,Kepler,1,1,7.22,2.59,25.85501786,0.1735,0,637,1.02,1.03,5890,0.09179,1026.49,292.3159795,42.6262429
K2-12 b,K2-12,Transit,2015,K2,1,1,5.2,2.44,8.28246,0.0792,0.5,1026,0.965,1.117,5672,0.07181,326.381,173.1919022,2.2446794
GJ 514 b,GJ 514,Radial Velocity,2022,Multiple Observatories,1,1,5.2,2.13,140.43,0.422,0.45,202,0.51,0.5,3728,-1.36653,7.61778,202.5040424,10.3725387
Kepler-92 c,Kepler-92,Transit,2013,Kepler,1,3,6.1,2.6,26.723,0.19054,0.04,781,1.21,1.7,5883,0.55818,477.992,289.0860607,41.5630224
Kepler-1635 b,Kepler-1635,Transit,2016,Kepler,1,1,12.9,3.64,469.63111,1.12664,0,200,0.89,0.85,5347,-0.27981,1069.45,285.3490542,45.5561768
Kepler-667 b,Kepler-667,Transit,2016,Kepler,1,1,20.1,4.73,41.43962808,0.2288,0,516,0.91,0.87,5327,0.55691,2302.45,295.5549918,49.0172956
Kepler-1709 b,Kepler-1709,Transit,2021,Kepler,1,1,9.93,3.12424875,65.70459747,0.32704,0,472,1.003,1.043,5918,0.11547,273.946,283.3748873,43.7883708
K2-158 c,K2-158,Transit,2018,K2,1,2,2.18,1.28,5.90279,0.0622,,948,0.92,0.95,5503,-0.16298,197.299,179.9397081,-5.7216879
Kepler-167 b,Kepler-167,Transit,2014,Kepler,2,4,3.6,1.718,4.3931539,0.04825,0,918,0.777,0.749,4884,-0.5391,341.908,292.6585253,38.3455558
Kepler-127 c,Kepler-127,Transit,2014,Kepler,1,3,7.56,2.66,29.393195,0.2,0.03,698,1.248,1.359,6106,0.40651,352.794,285.1899439,46.0280596
Kepler-111 c,Kepler-111,Transit,2014,Kepler,1,2,222.4798849,7.0840758,224.77833,0.751,0.176,352.2,1.118,1.145,5914,0.15836,657.223,291.653163,44.6882613
Kepler-890 b,Kepler-890,Transit,2016,Kepler,1,1,58.6,8.89,52.75875577,0.2944,0,540,1.09,1.13,5954,0.32651,1712.12,288.435718,43.7634712
GJ 357 d,GJ 357,Radial Velocity,2019,Multiple Observatories,1,3,6.1,2.34,55.661,0.204,,219.6,0.342,0.337,3505,-1.79833,9.44181,144.0074644,-21.6650634
Kepler-175 b,Kepler-175,Transit,2014,Kepler,1,2,7.08,2.56,11.903515,0.105,0,827,0.969,1.01,6064,0.19402,1312.34,289.553232,43.876116
WASP-175 b,WASP-175,Transit,2019,WASP-South,1,1,314.6517,13.540472,3.0652907,0.04403,0,1571,1.212,1.204,6229,0.78882,539.36,166.3187996,-34.1227453
WASP-182 b,WASP-182,Transit,2019,WASP-South,1,1,47.03884,9.52765,3.3769848,0.0451,0,1479,1.076,1.34,5638,0.15545,327.602,311.673345,-41.8209828
Kepler-374 c,Kepler-374,Transit,2014,Kepler,1,3,1.37,1.1,3.282807,0.042,0,1467,1.033,0.911,5977,0.27435,1265.61,294.1378921,42.3704075
K2-43 b,K2-43,Transit,2016,K2,1,2,18.5,4.51,3.471149,0.03784,0.07,939.3,0.571,0.542,3840.6,-1.21241,182.536,169.117028,-3.9754405
Kepler-557 b,Kepler-557,Transit,2016,Kepler,1,1,7.61,2.67,3.705989551,0.0469,0,1281,1.11,1.16,6068,0.72814,2097.12,293.7084179,41.6151084
Kepler-1904 b,Kepler-1904,Transit,2021,Kepler,1,1,2.51,1.3904994,4.577020168,0.0436,0,567,0.526,0.497,3805,-1.29761,270.854,288.8744026,51.1542215
HATS-47 b,HATS-47,Transit,2020,HATSouth,1,1,117.27927,12.520453,3.9228038,0.04269,0.088,852.9,0.674,0.6564,4512,-0.79615,300.67,287.4844021,-49.6649424
Kepler-186 e,Kepler-186,Transit,2014,Kepler,1,5,2.15,1.27,22.407704,0.11,0,319,0.478,0.472,3788,-1.385,177.594,298.652736,43.9549884
Kepler-1902 b,Kepler-1902,Transit,2021,Kepler,1,1,1.74,1.17563613,3.822220087,0.0385,0,601,0.52,0.514,3729,-1.11736,344.337,292.7376545,42.0147792
Kepler-747 b,Kepler-747,Transit,2016,Kepler,1,1,24.1,5.27,35.61760587,0.1916,0,456,0.82,0.78,5096,-0.432,3347.16,288.4165196,41.0298175
DH Tau b,DH Tau,Imaging,2004,Subaru Telescope,1,1,3496,30.2643,,330,,2200,0.33,0.27,4371,-0.21153,134.846,67.4231674,26.5493897
HD 134606 f,HD 134606,Radial Velocity,2024,Multiple Observatories,1,5,5.63,2.24,26.915,0.1784,0.081,,1.046,1.158,5576,0.06483,26.7909,228.8103897,-70.5203328
GJ 3998 d,GJ 3998,Radial Velocity,2025,Multiple Observatories,1,3,6.07,2.34,41.78,0.189,0,,0.52,0.5,3726,-1.358,18.1459,259.0020507,11.0561751
HIP 5763 b,HIP 5763,Radial Velocity,2021,Cerro Tololo Inter-American Observatory,1,1,162.0924876,14.2,30.014,0.17,0.054,,0.72,0.750378,4352,-0.73999,31.9043,18.495343,16.4942738
Kepler-1044 b,Kepler-1044,Transit,2016,Kepler,1,1,7.61,2.67,6.77408868,0.0741,0,1058,1.08,1.11,5985,0.03099,1278.96,293.1444017,46.6662155
HATS-48 A b,HATS-48 A,Transit,2020,HATSouth,2,1,77.23269,8.9672,3.1316666,0.03769,0.162,954.6,0.7279,0.7152,4546,-0.70885,263.609,288.6720048,-59.5793505
HATS-49 b,HATS-49,Transit,2020,HATSouth,1,1,112.19399,8.574885,4.1480467,0.04515,0.071,834.8,0.7133,0.6977,4405,-0.78489,324.413,6.6135927,-56.3442798
HATS-72 b,HATS-72,Transit,2020,HATSouth,1,1,39.855882,8.0973816,7.3279474,0.066517,0.013,739.3,0.7311,0.7214,4656.1,-0.65896,127.589,339.0258401,-17.0003046
Kepler-316 b,Kepler-316,Transit,2014,Kepler,1,2,1.2,1.06,2.240508,0.027,0,837,0.587,0.52,4204,-0.93554,384.938,290.825835,44.1838993
Kepler-1085 c,Kepler-1085,Transit,2020,Kepler,1,2,10.7,3.26817741,56.7771,0.29798,0,491,1.05,1.0783,5816,0.07867,1364.53,287.4776359,46.1411685
Kepler-1585 b,Kepler-1585,Transit,2016,Kepler,1,1,3.86,1.79,3.5827463,0.0445,0,1064,0.94,0.91,5538,-0.43354,944.465,296.1589897,44.5630457
Kepler-1856 b,Kepler-1856,Transit,2021,Kepler,1,1,3.66,1.73447868,1.302000046,0.0215,0,1344,0.782,0.816,4948,-0.33065,848.76,295.9091695,51.3478777
Kepler-116 b,Kepler-116,Transit,2014,Kepler,1,2,11.6,3.42,5.968734,0.069,0,1251,1.198,1.454,6142,0.42073,955.168,294.7420605,43.5367842
Kepler-1958 b,Kepler-1958,Transit,2021,Kepler,1,1,4.86,2.05124311,9.328619957,0.0856,0,806,0.961,0.864,5749,-0.00092,1320.38,289.1041643,41.6901138
TOI-169 b,TOI-169,Transit,2020,Transiting Exoplanet Survey Satellite (TESS),1,1,251.40353,12.172974,2.2554477,0.03524,0,1715,1.147,1.288,5880,0.25261,407.84,16.7786879,-75.1989452
HD 12648 b,HD 12648,Radial Velocity,2015,Bohyunsan Optical Astronomical Observatory,1,1,622.9468,13.4,133.60001,0.54,0.04,,0.67,11.02,4835,1.75277,182.192,34.7480718,85.7365329
Kepler-1301 b,Kepler-1301,Transit,2016,Kepler,1,1,2.54,1.4,9.08237046,0.0815,0,734,0.85,0.81,5188,-0.34618,854.28,286.6041816,42.4403309
Kepler-879 c,Kepler-879,Transit,2024,Kepler,1,2,0.0364,0.4,0.646716,,,,0.974,1.022,5456.75,0.0334,802.672,295.8065515,50.9097521
HD 33142 d,HD 33142,Radial Velocity,2022,Multiple Observatories,1,3,63.5656814,9.32,89.9,0.452,0.191,,1.52,4.17,5025.4,1.00043,121.375,76.8980559,-13.9863374
Kepler-1695 b,Kepler-1695,Transit,2020,Kepler,1,1,1.46,1.11948901,4.7329,0.0529,0,957,0.96,0.987155,5473.19,-0.10357,791.175,293.6193001,46.4134015
NGTS-9 b,NGTS-9,Transit,2019,Next-Generation Transit Survey (NGTS),1,1,921.707,11.99363,4.43527,0.058,0.06,1448,1.34,1.38,6330,0.38944,609.128,141.9206435,-19.3476477
Qatar-6 b,Qatar-6,Transit,2017,Qatar,2,1,212.31044,11.903958,3.506195,0.0423,0,1006,0.822,0.722,5052,-0.51428,100.848,222.2100773,22.1526136
HD 213885 b,HD 213885,Transit,2019,Transiting Exoplanet Survey Satellite (TESS),1,2,8.83,1.745,1.008035,0.02012,0,2128,1.068,1.1011,5978,0.13862,48.0883,338.9837166,-59.864829
Kepler-1103 b,Kepler-1103,Transit,2016,Kepler,1,1,5.77,2.27,19.79191978,0.15336,0,736,1.11,1.15,6092,0.52181,1331.92,287.3821348,49.4524247
NGTS-11 b,NGTS-11,Transit,2020,Transiting Exoplanet Survey Satellite (TESS),1,1,109.33352,9.157753,35.45533,0.201,0.13,435,0.862,0.832,5050,-0.39518,190.422,23.5214497,-14.4191493
CoRoT-10 b,CoRoT-10,Transit,2010,CoRoT,1,1,874,10.87,13.2406,0.1055,0.53,600,0.89,0.79,5075,-0.72608,338.386,291.0636813,0.7460143
TOI-1728 b,TOI-1728,Transit,2020,Transiting Exoplanet Survey Satellite (TESS),1,1,26.78,5.05,3.49151,0.0391,0.057,767,0.646,0.6243,3980,-1.05552,60.798,120.6116787,64.7971531
HIP 114933 b,HIP 114933,Radial Velocity,2021,Multiple Observatories,1,1,616.5871096,13.4,1481.6,2.84,0.21,,1.39,5.27,4823,1.13988,101.766,349.2071949,-21.2033101
11 Com b,11 Com,Radial Velocity,2007,Xinglong Station,2,1,4914.898486,12.2,323.21,1.178,0.238,,2.09,13.76,4874,1.97823,93.1846,185.1787793,17.7932516
Kepler-1162 c,Kepler-1162,Transit,2023,Kepler,1,2,3.93,1.81,59.284064,0.2832,0,401,0.861,0.859,5225,-0.32228,940.211,283.2920273,45.4339813
HD 86226 c,HD 86226,Transit,2020,Transiting Exoplanet Survey Satellite (TESS),1,2,7.25,2.16,3.98442,0.049,0.075,1311,1.019,1.053,5863,0.07188,45.683,149.1235154,-24.0991859
HD 158259 b,HD 158259,Radial Velocity,2020,Haute-Provence Observatory,1,5,2.22,1.28228,2.178,,,1462,1.08,1.21,5801.89,0.21233,27.0498,261.3495847,52.7904721
HD 158259 d,HD 158259,Radial Velocity,2020,Haute-Provence Observatory,1,5,5.41,2.18,5.1980814,,,,1.08,1.21,5801.89,0.21233,27.0498,261.3495847,52.7904721
Kepler-184 b,Kepler-184,Transit,2014,Kepler,1,3,6.17,2.36,10.687576,0.092,0,780,0.872,0.873,5788,-0.22509,610.326,291.9518784,43.0746172
GJ 3512 b,GJ 3512,Radial Velocity,2019,Calar Alto Observatory,1,2,146.5188956,14.3,203.109,0.3376,0.4279,,0.123,0.139,3141,-2.8041,9.48637,130.3316616,59.4918364
HD 158259 e,HD 158259,Radial Velocity,2020,Haute-Provence Observatory,1,5,6.08,2.34,7.951,,,,1.08,1.21,5801.89,0.21233,27.0498,261.3495847,52.7904721
HD 158259 f,HD 158259,Radial Velocity,2020,Haute-Provence Observatory,1,5,6.14,2.35,12.028,,,,1.08,1.21,5801.89,0.21233,27.0498,261.3495847,52.7904721
Kepler-1112 b,Kepler-1112,Transit,2016,Kepler,1,1,9.38,3.02,14.36267939,0.1239,0,918,1.34,1.54,6496,0.54224,1671.28,296.9687937,47.7514799
Kepler-345 c,Kepler-345,Transit,2014,Kepler,1,2,2.2,1.2,9.387427,0.077,0,575,0.61,0.623,4504,-0.49534,260,295.2288521,45.9710432
COCONUTS-2 b,COCONUTS-2 A,Imaging,2021,NASA Infrared Telescope Facility (IRTF),1,1,2542.627256,12.44196858,402000000,7506,,434,0.37,0.388,3406,-1.732,10.8864,117.300914,-76.702696
HIP 65 A b,HIP 65 A,Transit,2020,Transiting Exoplanet Survey Satellite (TESS),2,1,1021.18779,22.75427,0.9809734,0.01782,0,1411,0.781,0.7242,4590,-0.67799,61.7856,0.1856063,-54.8308228
L 98-59 b,L 98-59,Transit,2019,Transiting Exoplanet Survey Satellite (TESS),1,5,0.46,0.837,2.253114,0.0223,0.031,620,0.2923,0.3155,3415,-1.91364,10.6194,124.5328604,-68.3144658
L 98-59 c,L 98-59,Transit,2019,Transiting Exoplanet Survey Satellite (TESS),1,5,2,1.329,3.6906764,0.0309,0.002,526,0.2923,0.3155,3415,-1.91364,10.6194,124.5328604,-68.3144658
L 98-59 d,L 98-59,Transit,2019,Transiting Exoplanet Survey Satellite (TESS),1,5,1.64,1.627,7.450729,0.0494,0.006,416,0.2923,0.3155,3415,-1.91364,10.6194,124.5328604,-68.3144658
KMT-2020-BLG-0202L b,KMT-2020-BLG-0202L,Microlensing,2026,KMTNet,1,1,3902.932838,12.4,,4.17,,,0.81,,,,3840,267.0404583,-24.47445
KMT-2023-BLG-0466L b,KMT-2023-BLG-0466L,Microlensing,2026,KMTNet,1,1,1032.942323,13.1,,2.68,,,0.44,,,,6800,270.61,-33.0029694
Kepler-1820 b,Kepler-1820,Transit,2021,Kepler,1,1,9.9,3.11883067,31.03249931,0.1964,0,561,1.047,0.931,5841,-0.02202,1425.39,296.71274,48.2722828
Kepler-993 b,Kepler-993,Transit,2016,Kepler,1,1,9.11,2.97,22.08557563,0.13,0,352,0.57,0.54,3843,-1.22868,324.423,292.6141076,44.3946644
Kepler-261 c,Kepler-261,Transit,2014,Kepler,1,2,4.66,2,24.570858,0.156,0,505,0.834,0.794,5098,-0.471,317.499,291.3647333,37.609239
Kepler-1560 b,Kepler-1560,Transit,2016,Kepler,1,1,0.64,0.89,3.03195744,0.04175,0,1269,1.02,1.02,5815,-0.03447,502.497,292.7846013,43.21601
HD 213885 c,HD 213885,Radial Velocity,2019,Multiple Observatories,1,2,19.95,4.71,4.78503,0.056798,0,1265.4,1.068,1.1011,5978,0.13862,48.0883,338.9837166,-59.864829
WASP-126 b,WASP-126,Transit,2016,SuperWASP-South,1,2,90.3,10.51358773,3.28883,0.0449,0.18,1480,1.12,1.27,5800,0.15879,216.526,63.374706,-69.2265926
XO-7 b,XO-7,Transit,2019,XO,1,1,225.34147,15.389957,2.8641424,0.04421,0.038,1743,1.405,1.48,6250,0.43132,234.149,277.4780753,85.2333208
WASP-176 b,WASP-176,Transit,2020,SuperWASP-North,1,1,271.74465,16.869545,3.899052,0.0535,0,1721,1.345,1.925,5941,0.61653,568.42,313.6872928,9.1790688
Kepler-233 c,Kepler-233,Transit,2014,Kepler,1,2,7.8,2.71,60.418955,0.287,0,390,0.855,0.758,5360,-0.32754,856.417,296.3665054,51.3194548
Kepler-218 d,Kepler-218,Transit,2016,Kepler,1,3,7.56,2.66,124.5244647,0.49884,0,356,1.01,1.02,5542,0.00935,656.38,295.4128785,46.2665801
Kepler-1360 b,Kepler-1360,Transit,2016,Kepler,1,1,11.5,3.4,40.5286413,0.2866,0,933,1.51,1.83,6778,0.92337,1516.27,300.3440482,45.6231826
EPIC 220554210 c,K2-282,Transit,2019,K2,1,2,3.19,1.6,0.70531,,,,0.94,1,5499,-0.21463,496.289,13.4321524,7.9952914
Kepler-270 b,Kepler-270,Transit,2014,Kepler,1,2,4.7,2.01,11.476094,0.107,0,984,1.17,1.461,6067,0.31211,948.781,282.2001207,44.4222795
Kepler-215 d,Kepler-215,Transit,2014,Kepler,1,4,23.6,2.39,30.864423,0.185,0,527,0.788,1.027,5739,-0.1172,485.997,294.9735313,45.2136867
Kepler-1867 b,Kepler-1867,Transit,2021,Kepler,1,1,1.65,1.15985997,9.887359619,0.0872,0,768,0.911,0.816,5693,0.21949,680.583,294.9971007,43.4358698
HD 20782 b,HD 20782,Radial Velocity,2006,Anglo-Australian Telescope,2,5,472.83,13.6,597.0643,1.3649,0.95,,1.04,1.12681,5782.13,0.10674,35.9864,50.0166232,-28.8543535
Kepler-48 b,Kepler-48,Transit,2012,Kepler,1,5,3.94,1.88,4.778,0.05394,0,932,0.88,0.89,5194,-0.28926,306.738,299.1393094,40.948939
Kepler-1380 b,Kepler-1380,Transit,2016,Kepler,1,1,2.63,1.43,10.3108245,0.0917,0,786,0.96,0.94,5570,0.47259,2462.94,288.1160421,42.4403832
Kepler-693 b,Kepler-693,Transit,2016,Kepler,2,1,73.8,10.18,15.37563332,0.1121,0,600,0.76,0.72,4881,-0.42704,1151.51,283.253527,40.3582155
K2-54 b,K2-54,Transit,2016,K2,1,1,7.33,2.6116925,9.7833,0.0761,0.24,560,0.615,0.643,3990,-1.02228,174.955,338.0541631,-17.5440636
Kepler-1834 c,Kepler-1834,Transit,2023,Kepler,1,2,1.98,1.22,0.766691517,0.015,0,1541,0.765,0.788,4821,-0.57662,500.395,294.6646789,39.7838461
Kepler-1416 b,Kepler-1416,Transit,2016,Kepler,1,1,0.615,0.88,1.49514952,0.0257,0,1870,1.09,1.15,6019,0.28393,949.59,298.6634624,43.8940593
Kepler-292 e,Kepler-292,Transit,2014,Kepler,1,5,7.61,2.67,11.97901,0.097,0,678,0.865,0.826,5299,-0.33691,1056.48,295.7661979,42.4242822
Kepler-653 b,Kepler-653,Transit,2016,Kepler,1,2,4.46,1.95,14.70748976,0.11945,0,819,1.02,1.19,5665,0.11872,595.634,282.2130447,46.7177898
WASP-187 b,WASP-187,Transit,2020,SuperWASP,1,1,254.264,18.38276,5.147878,0.0653,0,1760,1.54,2.83,6150,0.96727,371.414,17.47474,25.6816494
GJ 433 d,GJ 433,Radial Velocity,2020,Multiple Facilities,1,3,5.223,2.14,36.059,0.178,0.07,,0.48,0.5,3461,-1.69897,9.06456,173.8619194,-32.5436302
TOI-540 b,TOI-540,Transit,2020,Transiting Exoplanet Survey Satellite (TESS),1,1,0.674,0.903,1.2391491,0.01223,0,611,0.159,0.1895,3216,-2.46092,14.0022,76.3096949,-47.9375391
K2-268 c,K2-268,Transit,2018,K2,1,5,7.7,2.69,9.327527,0.0819,,696,0.84,0.78,5106,-0.42942,327.783,133.7094899,11.8482712
Kepler-1485 b,Kepler-1485,Transit,2016,Kepler,1,1,2.76,1.47,19.9157725,0.14732,0,728,1.11,1.12,6087,0.28006,615.66,298.0954404,44.7370612
Kepler-1134 b,Kepler-1134,Transit,2016,Kepler,1,1,7.46,2.64,17.13263989,0.1242,0,611,0.84,0.81,5281,-0.39721,944.445,295.5678578,42.4781064
Kepler-416 c,Kepler-416,Transit Timing Variations,2014,Kepler,1,3,6.13,2.352,12.209,0.10454,0,791,1,1.075,5718,0.02791,690.819,291.5569554,39.2272923
HD 202206 c,HD 202206,Radial Velocity,2004,La Silla Observatory,2,1,5689.157,12.2,1260,2.41,0.22,,1.07,1.04,5766,0.03486,45.9665,318.7405221,-20.7897284
Kepler-769 c,Kepler-769,Transit,2016,Kepler,1,2,3.86,1.79,15.9870174,0.1297,0,803,1.19,1.28,6186,0.1791,1169.57,292.7130925,38.3581685
Kepler-1900 b,Kepler-1900,Transit,2021,Kepler,1,1,3.27,1.62314676,2.986229897,0.042,0,1356,1.104,1.041,6173,0.21994,1540.43,291.8863206,44.4790319
Kepler-1466 b,Kepler-1466,Transit,2016,Kepler,1,1,3.02,1.55,31.1750448,0.17981,0,585,1.01,1.02,5884,-0.02273,631.949,289.8312418,44.6098415
TOI-251 b,TOI-251,Transit,2021,Transiting Exoplanet Survey Satellite (TESS),1,1,317.83,2.74,4.93777,0.05741,0,1041.19,1.036,0.881,5875,-0.0804,99.523,353.0620655,-37.2558629
K2-124 b,K2-124,Transit,2017,K2,1,1,8.75,2.9,6.413651,0.049,0.08,442,0.39,0.388,3570,-1.65919,140.385,133.6410515,23.1329509
Kepler-322 b,Kepler-322,Transit,2014,Kepler,1,2,1.01,1.01,1.653888,0.027,0,1373,0.908,0.89,5388,-0.28786,400.48,281.3487514,44.2952525
Kepler-1317 b,Kepler-1317,Transit,2016,Kepler,1,1,3.05,1.56,0.568874427,0.0128,0,1796,0.83,0.79,5144,-0.41358,728.303,291.6118842,42.1159787
Kepler-1673 b,Kepler-1673,Transit,2020,Kepler,1,1,8.93,2.9355194,33.7888,0.21363,0,611,1.11,1.13166,6014.95,0.17906,727.187,285.6671724,48.7195865
Kepler-740 b,Kepler-740,Transit,2016,Kepler,1,1,18.9,4.57,3.584101216,0.0462,0,1131,0.91,0.87,5438,-0.12268,1442.02,286.4822566,46.692456
EPIC 201754305 d,K2-16,Transit,2019,K2,1,3,1.08,1.03,2.71578,,,,0.67,0.544,4761,-0.76082,334.967,175.0972238,4.5574311
TOI-954 b,TOI-954,Transit,2020,Transiting Exoplanet Survey Satellite (TESS),1,1,55.30242,9.550068,3.6849729,0.04963,0.14,1526,1.201,1.892,5710,0.53529,238.768,61.9410587,-25.2088028
Kepler-567 b,Kepler-567,Transit,2016,Kepler,1,1,5.69,2.25,16.54297375,0.1229,0,611,0.84,0.79,5148,-0.40926,558.81,297.6726072,48.3023458
HD 20794 b,HD 20794,Radial Velocity,2011,La Silla Observatory,1,4,2.7,1.45,18.314,0.1257,0.064,660,0.79,0.93,5368,-0.16311,6.00278,49.9997666,-43.0666533
GJ 887 b,GJ 887,Radial Velocity,2020,La Silla Observatory,1,4,3.9,1.8,9.2619,0.0683,0.14,426,0.495,0.468,3688,-1.43415,3.28679,346.5027573,-35.8473489
LHS 1903 d,LHS 1903,Transit,2026,Transiting Exoplanet Survey Satellite (TESS),1,4,5.96,2.5,12.566287,0.08604,0.112,442,0.538,0.539,3664,-1.32451,35.6917,107.865826,48.3279327
Kepler-888 b,Kepler-888,Transit,2016,Kepler,1,1,3.75,1.76,70.6979061,0.31481,0,417,0.97,0.9,5875,-0.04319,420.817,295.5212866,49.7386804
Kepler-1972 b,Kepler-1972,Transit,2022,Kepler,1,2,2.02,0.802,7.54425,0.08006,0.067,1084,1.12,1.384,5818,0.29447,287.339,288.3953074,39.8725067
HIP 19976 b,HIP 19976,Radial Velocity,2022,Multiple Observatories,2,1,21.61233168,4.94,50.65905,0.234,0.304,,0.67,0.772319,4316,-0.72939,40.2707,64.2597881,-40.7985198
HD 89744 b,HD 89744,Radial Velocity,1999,Fred Lawrence Whipple Observatory,2,1,2653.8805,12.6,256.78,0.917,0.677,,1.86,2.13257,6291,0.79579,38.6364,155.5433193,41.2289354
Kepler-648 b,Kepler-648,Transit,2016,Kepler,1,1,10.5,3.22,17.4211749,0.13324,0,674,1.05,0.98,5741,-0.05328,636.03,283.8996207,45.0169137
Kepler-1744 b,Kepler-1744,Transit,2021,Kepler,1,1,13.6,3.76754004,37.10110092,0.20945,0,532,0.886,0.85,5986,-0.09777,1091.63,291.0206823,42.4624633
HIP 12961 b,HIP 12961,Radial Velocity,2010,La Silla Observatory,1,1,114.4188,13.2,57.435,0.25,0.17,,0.69,0.65,3901,-1.00302,23.371,41.6800749,-23.0860048
HD 141004 b,HD 141004,Radial Velocity,2021,Multiple Observatories,1,1,13.63483866,3.77,15.5083,0.1238,0.16,,1.051904,1.389372,5885.38,0.346,11.8148,236.6099205,7.3527684
HD 189567 c,HD 189567,Radial Velocity,2021,La Silla Observatory,1,2,7,2.54,33.688,0.197,0.16,,0.83,1.04,5726,0.32428,17.9055,301.3959616,-67.3237992
BD+37 3172 b,BD+37 3172,Radial Velocity,2023,McDonald Observatory,1,1,3368.981114,12.4,1887.76,4.65,0.59,,3.75,50.24,4500,2.84,454.251,278.8155071,38.1153886
Kepler-95 b,Kepler-95,Transit,2014,Kepler,1,1,13,3.42,11.5231,0.10232,0,927,1.08,1.41,5699,0.28105,445.656,284.4824281,44.397891
Kepler-1670 b,Kepler-1670,Transit,2020,Kepler,1,1,11.2,3.3564801,20.4998,0.1528,0,731,1.05,1.51889,5838,0.3828,2065.98,290.3264599,43.121755
Kepler-1308 b,Kepler-1308,Transit,2016,Kepler,1,1,0.0933,0.52,2.104338119,0.025,0,662,0.35,0.34,3468,-1.50254,112.705,285.9287514,38.5207097
Kepler-404 c,Kepler-404,Transit,2014,Kepler,1,2,3.61,1.72,14.751166,0.118,0,678,0.86,0.884,5654,-0.33704,812.524,286.3985796,45.3435241
K2-329 b,K2-329,Transit,2020,K2,1,1,82.6358,8.675766,12.4551225,0.1016,0.0697,650,0.901,0.822,5282,-0.32514,233.237,351.1353785,-5.1641451
Kepler-1400 b,Kepler-1400,Transit,2016,Kepler,1,1,3.26,1.62,9.06689421,0.0771,0,725,0.83,0.78,5044,-0.57763,752.237,286.2716827,45.4408055
HD 96992 b,HD 96992,Radial Velocity,2021,Multiple Observatories,1,1,362.3262,13.7,514,1.24,0.41,,0.96,7.43,4725,1.47,396.082,167.5966158,43.9189897
Kepler-326 d,Kepler-326,Transit,2014,Kepler,1,3,6.9,1.21,6.766888,0.066,0,781,0.91,0.801,5105,-0.15657,487.675,294.3255898,46.0022646
Kepler-1514 b,Kepler-1514,Transit,2016,Kepler,1,2,1678.1424,12.419572,217.83184,0.753,0.401,387.9,1.196,1.289,6145,0.32838,397.292,292.6274943,37.8601653
V2376 Ori b,V2376 Ori,Imaging,2025,Multiple Observatories,1,1,6356.56814,87.20586985,,71,,2100,0.45,,,,,83.839818,-5.3515552
Kepler-129 c,Kepler-129,Transit,2014,Kepler,1,3,43,2.52,82.2,0.39,0.2,525,1.178,1.653,5770,0.46365,408.845,285.3111845,47.8484775
TOI-905 b,TOI-905,Transit,2020,Transiting Exoplanet Survey Satellite (TESS),1,1,211.99261,13.125739,3.739494,0.04666,0.024,1192,0.968,0.918,5570,-0.13668,158.649,227.6586754,-71.3616316
K2-73 c,K2-73,Radial Velocity,2025,W. M. Keck Observatory,1,2,1142,13,1000,,,186.1,1.02,1.058,5867,0.07609,269.183,335.025662,-9.0560881
Kepler-1795 b,Kepler-1795,Transit,2021,Kepler,1,1,3.4,1.66301611,13.36019993,0.1002,0,520,0.768,0.688,4500,-0.757,,286.4792568,39.2698793
TIC 237913194 b,TIC 237913194,Transit,2020,Transiting Exoplanet Survey Satellite (TESS),1,1,617.22586,12.520453,15.168865,0.1207,0.575,974,1.026,1.088,5788,0.07773,306.063,22.4458116,-60.7399096
Kepler-512 b,Kepler-512,Transit,2016,Kepler,1,1,7.7,2.69,34.43587975,0.21395,0,652,1.17,1.3,5997,0.21625,467.375,298.2689217,48.9167391
NGTS-13 b,NGTS-13,Transit,2021,Next-Generation Transit Survey (NGTS),1,1,1538.2972,12.800678,4.119027,0.0549,0.086,1605,1.3,1.788,5819,0.5172,647.595,176.2402326,-38.1397158
HD 72490 b,HD 72490,Radial Velocity,2018,W. M. Keck Observatory,1,1,561.92344,13.5,858,1.88,0.124,,1.21,4.96,4934,1.09107,126.339,128.4028287,13.5507189
Kepler-1468 d,Kepler-1468,Transit,2021,Kepler,1,3,11.1,3.33187146,19.59059906,0.1456,0,819,1.072,1.496,5794,0.53118,1899.24,293.5198289,41.2773671
HD 75898 b,HD 75898,Radial Velocity,2007,W. M. Keck Observatory,1,2,810.4624379,13.2,422.82,1.2025,0.105,,1.295,1.55,6122,0.46,78.0505,133.4611999,33.0566885
Kepler-1459 b,Kepler-1459,Transit,2016,Kepler,1,1,2.42,1.36,62.8691611,0.2829,0,349,0.78,0.74,4828,-0.52327,455.479,282.4229401,46.0139761
Kepler-1769 b,Kepler-1769,Transit,2021,Kepler,1,1,18.2,4.465,89.1934967,0.40598,0,483,1.061,1.295,6071,0.21523,438.412,294.7433755,43.4611633
Kepler-1987 e,Kepler-1987,Transit,2023,Kepler,1,4,4.35,1.92,8.74292005,0.0765,0,643,0.799,0.714,4769,-0.61631,595.683,295.8254663,42.9433716
KOI-351 f,KOI-351,Transit,2013,Kepler,1,8,8.65,2.88,124.9144,0.48,0,407,1.2,1.2,6080,0.26853,848.254,284.4334642,49.3051239
Kepler-1615 b,Kepler-1615,Transit,2016,Kepler,1,1,4.9,2.06,47.3126192,0.2788,0,658,1.04,1.05,5865,0.38923,1393.83,286.3592066,42.2273971
HATS-71 b,HATS-71,Transit,2020,HATSouth,1,1,117.5971,11.478016,3.7955202,0.03745,0,586.8,0.4861,0.4783,3405,-1.55988,140.225,15.5518893,-61.7561333
TOI-824 b,TOI-824,Transit,2020,Transiting Exoplanet Survey Satellite (TESS),1,1,18.467,2.926,1.392978,0.02177,,1253,0.71,0.695,4600,-0.70997,63.9262,222.1654705,-57.5888666
Kepler-880 b,Kepler-880,Transit,2016,Kepler,1,2,7.56,2.66,7.71468975,0.0915,0,1622,1.46,1.74,6761,0.66603,601.324,281.9712347,43.6727839
Kepler-351 d,Kepler-351,Transit,2016,Kepler,1,3,7.85,2.72,142.544247,0.5177,0,318,0.81,0.78,5225,-0.38644,1083.91,286.4527949,42.6577891
Kepler-324 b,Kepler-324,Transit,2014,Kepler,1,4,2414.4,1.14,4.385315,0.05,0,935,0.901,0.84,5194,-0.30825,501.574,286.4714473,49.6490933
GJ 251 b,GJ 251,Radial Velocity,2020,W. M. Keck Observatory,1,2,3.85,1.79,14.237,0.0808,0,336,0.35,0.36,3342,-1.80967,5.58057,103.7002499,33.2664632
Kepler-1931 b,Kepler-1931,Transit,2021,Kepler,1,1,7.53,2.65323514,38.5760994,0.23329,0,619,1.174,1.221,6167,0.4741,620.091,290.8723061,43.3330104
HAT-P-62 b,HAT-P-62,Transit,2021,HATNet,1,1,241.8674177,12.02723629,2.6453235,0.03772,0.101,1512,1.023,1.17,5629,0.09061,348.815,74.5043816,48.3008551
HAT-P-63 b,HAT-P-63,Transit,2021,HATNet,1,1,195.1466419,12.5428494,3.377728,0.04294,0.069,1237,0.925,0.9661,5400,-0.1463,403.458,269.5720695,5.7613709
Kepler-570 b,Kepler-570,Transit,2016,Kepler,1,1,6.57,2.45,4.301662003,0.0497,0,1009,0.93,0.9,5496,-0.29611,568.148,290.4376111,48.7918597
Kepler-1396 b,Kepler-1396,Transit,2016,Kepler,1,1,4.94,2.07,18.2206421,0.1406,0,786,1.18,1.27,6195,0.20377,1066.46,294.3363936,44.9182296
Kepler-1165 c,Kepler-1165,Transit,2021,Kepler,1,2,11.2,3.36093385,29.96870041,0.1969,0,644,1.13,1.076,6249,0.55152,1575.2,286.9712284,44.7082669
Kepler-640 b,Kepler-640,Transit,2016,Kepler,1,1,7.08,2.56,22.24813967,0.15418,0,609,1.01,0.94,5653,-0.02367,557.787,296.0322,42.1317392
Kepler-893 b,Kepler-893,Transit,2016,Kepler,1,1,9.43,3.03,6.33855761,0.0699,0,1034,1,0.99,5820,0.05966,1285.59,284.9630591,43.9130282
K2-138 d,K2-138,Transit,2017,K2,1,6,7.92,2.39,5.40479,0.05893,0.043,888,0.935,0.863,5356.3,-0.28654,202.585,348.9490311,-10.8497391
HD 103949 b,HD 103949,Radial Velocity,2019,Las Campanas Observatory,1,1,11.2,3.35,120.878,0.439,0.19,,0.77,0.753113,4792,-0.56946,26.4997,179.5479558,-23.9241221
Kepler-1487 c,Kepler-1487,Transit,2023,Kepler,1,2,48.7,7.97,35.8007112,0.2588,0,991,1.801,3.955,5745,0.55664,1014.62,295.4980737,38.6444499
Kepler-722 c,Kepler-722,Transit,2016,Kepler,1,2,8.35,2.82,105.144749,0.4471,0,401,1.03,1.05,5863,-0.03923,1239.5,290.2632874,44.5564051
K2-138 e,K2-138,Transit,2017,K2,1,6,12.97,3.39,8.26146,0.0782,0.077,757,0.935,0.863,5356.3,-0.28654,202.585,348.9490311,-10.8497391
K2-138 f,K2-138,Transit,2017,K2,1,6,1.63,2.904,12.75758,0.10447,0.062,653,0.935,0.863,5356.3,-0.28654,202.585,348.9490311,-10.8497391
Kepler-170 b,Kepler-170,Transit,2014,Kepler,1,2,82.6,3.2,7.930592,0.08,0,899,1.066,1.035,5679,-0.05453,738.657,284.5211975,41.6296562
Kepler-1542 e,Kepler-1542,Transit,2016,Kepler,1,4,0.363,0.76,5.10115756,0.05649,0,1065,0.94,0.99,5564,0.07026,399.114,285.7284757,42.6544651
Kepler-789 b,Kepler-789,Transit,2016,Kepler,1,1,5.14,2.12,8.63847725,0.0951,0,1419,1.01,1.02,5870,0.49628,1480.16,295.9751549,38.9466396
Kepler-328 c,Kepler-328,Transit,2013,Kepler,1,2,39.4,5.4,71.312,0.354,0,475,1.15,1.06,6064,0.44013,2213.19,295.8092756,40.0084866
K2-32 d,K2-32,Transit,2016,K2,2,4,6.7,3.484,31.71701,0.18422,0.05,550,0.83,0.86,5271,-0.29607,157.682,252.426008,-19.5430504
K2-32 b,K2-32,Transit,2016,K2,2,4,15,5.299,8.992,0.0795,0.03,837,0.83,0.86,5271,-0.29607,157.682,252.426008,-19.5430504
Kepler-299 b,Kepler-299,Transit,2014,Kepler,1,4,2.3,1.32,2.927128,0.04,0,1258,1.004,1.032,5617,-0.04352,1052.24,283.2070156,48.5805222
K2-154 c,K2-154,Transit,2018,K2,1,2,4.94,2.07,7.95486,0.0677,,552,0.65,0.63,4097,-1.01773,129.356,189.0015173,-2.6696217
K2-32 c,K2-32,Transit,2016,K2,2,4,8.1,3.134,20.66093,0.13843,0.049,634,0.83,0.86,5271,-0.29607,157.682,252.426008,-19.5430504
Kepler-1821 b,Kepler-1821,Transit,2021,Kepler,1,1,7.24,2.59248115,16.45809937,0.1244,0,644,0.946,0.884,5475,-0.12374,799.699,294.5254573,49.872484
K2-348 b,K2-348,Transit,2021,K2,1,2,10.7,3.26,4.688418,,,908,0.83,0.85,5077,-0.38844,201.856,130.8783479,24.4229559
HD 164922 b,HD 164922,Radial Velocity,2005,W. M. Keck Observatory,1,4,116,13.3,1207,2.16,0.08,159.4,0.926,0.946,5390,-0.14874,22.0016,270.6304652,26.3104077
K2-100 b,K2-100,Transit,2016,K2,1,1,21.8,3.88,1.6739035,0.0301,0,1841,1.15,1.24,5945,0.24969,188.959,129.6010863,20.1060074
HIP 71135 b,HIP 71135,Radial Velocity,2019,Las Campanas Observatory,1,1,18.8,4.55,87.19,0.335,0.21,,0.66,0.681296,4146,-0.908,32.3311,218.2158073,-52.6464757
Kepler-55 f,Kepler-55,Transit,2014,Kepler,1,5,3.15,1.59,10.198545,0.081,0,559,0.631,0.619,4503,-0.76324,578.796,285.1683291,44.0264898
Kepler-1073 d,Kepler-1073,Transit,2021,Kepler,1,3,2.82,1.48770949,2.504760027,0.0352,0,1369,0.924,1.116,5509,-0.01023,809.897,294.1527259,38.2330886
Kepler-804 c,Kepler-804,Transit,2016,Kepler,1,2,1.55,1.14,9.65185017,0.08654,0,890,1.01,1.05,5817,0.04956,649.65,293.3722109,44.7851812
GJ 15 A b,GJ 15 A,Radial Velocity,2014,W. M. Keck Observatory,2,2,3.03,1.55,11.4407,0.072,0.094,550,0.38,0.38,3607,-1.655,3.56228,4.6126677,44.0247296
Kepler-135 c,Kepler-135,Transit,2014,Kepler,1,2,1.65,1.16,11.448708,0.103,0,975,1.047,1.275,6090,0.44809,621.855,290.4950939,38.7954956
K2-138 g,K2-138,Transit,2021,K2,1,6,4.32,3.013,41.96797,0.23109,0.059,445,0.935,0.863,5356.3,-0.28654,202.585,348.9490311,-10.8497391
TOI-1231 b,TOI-1231,Transit,2021,Transiting Exoplanet Survey Satellite (TESS),1,1,15.4,3.65,24.245586,0.1288,0.087,329.6,0.485,0.476,3553,-1.48678,27.6227,156.74726,-52.4678724
HD 73526 b,HD 73526,Radial Velocity,2002,Anglo-Australian Telescope,1,2,978.9164,13.1,188.3,0.65,0.19,,1.14,1.53,5601,0.33788,97.2396,129.318331,-41.3184231
Kepler-959 b,Kepler-959,Transit,2016,Kepler,1,1,17.6,4.38,14.80074836,0.1633,0,1912,1.6,2.01,7005,0.73752,807.729,292.171185,40.8113849
TOI-1062 b,TOI-1062,Transit,2021,Transiting Exoplanet Survey Satellite (TESS),1,2,10.15,2.265,4.11296,0.052,0.177,1077,0.94,0.84,5328,-0.27446,82.1733,38.1209678,-78.0236828
Kepler-1304 b,Kepler-1304,Transit,2016,Kepler,1,1,5.86,2.29,16.1288853,0.1202,0,715,0.85,0.81,5259,0.63938,2176.08,285.2763652,39.4468274
PH2 b,PH2,Transit,2013,Kepler,1,1,87.08498352,9.33708092,282.52542,0.833,0.215,295.1,0.966,0.949,5734,-0.05849,343.863,289.7636212,51.962683
Kepler-1043 b,Kepler-1043,Transit,2016,Kepler,1,1,7.04,2.55,38.5053398,0.2159,0,532,0.92,0.9,5629,-0.07309,903.332,281.6629579,47.5685927
Kepler-156 c,Kepler-156,Transit,2014,Kepler,1,2,7.04,2.55,15.906801,0.117,0,588,0.864,0.807,5094,-0.43985,443.483,290.2964214,37.7494271
TOI-257 b,TOI-257,Transit,2021,Transiting Exoplanet Survey Satellite (TESS),1,1,43.86032017,7.16253867,18.38818,0.1528,0,1027,1.407,1.867,6095,0.63649,76.9028,47.5172608,-50.8322632
Kepler-168 b,Kepler-168,Transit,2014,Kepler,1,2,2.73,1.46,4.425391,0.056,0,1240,1.113,1.107,6282,0.36071,1343.6,294.7101832,39.8250437
K2-344 b,K2-344,Transit,2021,K2,1,1,3.15,1.59,3.35585,,,722,0.51,0.49,4374,-1.22508,75.1691,136.3614923,21.6685886
Kepler-1708 b,Kepler-1708,Transit,2021,Kepler,1,1,1462.010672,9.96,737.1131,1.64,0.4,,1.088,1.117,6157,0.182,1666.69,296.8241065,43.6248197
TOI-1749 d,TOI-1749,Transit,2021,Transiting Exoplanet Survey Satellite (TESS),1,3,15,2.52,9.0497,0.0707,0.062,533,0.58,0.55,3985,-1.15649,99.5561,282.7372281,64.419466
TOI-674 b,TOI-674,Transit,2021,Transiting Exoplanet Survey Satellite (TESS),1,1,23.6,5.25,1.977143,0.025,0,635,0.42,0.42,3514,-1.61439,46.0851,164.5865592,-36.8581092
Kepler-1310 b,Kepler-1310,Transit,2016,Kepler,1,1,2.67,1.44,0.679336272,0.01452,0,1883,0.91,0.88,5549,-0.19177,569.185,283.9200236,40.7400419
TOI-1062 c,TOI-1062,Radial Velocity,2021,La Silla Observatory,1,2,9.78,3.1,7.972,0.08,0.14,859,0.94,0.84,5328,-0.27446,82.1733,38.1209678,-78.0236828
HD 154857 b,HD 154857,Radial Velocity,2004,Anglo-Australian Telescope,1,2,778.6835,13.3,408.60001,1.29,0.46,,1.96,2.3,5589,0.66269,63.4482,257.816194,-56.681038
Kepler-1404 b,Kepler-1404,Transit,2016,Kepler,1,1,4.7,2.01,15.9314739,0.1143,0,596,0.84,0.8,5261,-0.37049,962.183,296.0094827,50.4983929
K2-99 c,K2-99,Radial Velocity,2022,Multiple Observatories,1,2,2669.758619,12.6,522.2,1.43,0.21,390,1.44,2.55,6069,0.89927,519.229,208.7737624,-5.4424943
TOI-269 b,TOI-269,Transit,2021,Transiting Exoplanet Survey Satellite (TESS),1,1,8.8,2.77,3.6977104,0.0345,0.425,531,0.3917,0.398,3514,-1.64675,57.0225,75.8462827,-54.1777213
Kepler-902 b,Kepler-902,Transit,2016,Kepler,1,1,6.99,2.54,40.1099547,0.223,0,556,0.95,0.93,5647,0.10835,1165.34,289.7317067,46.953875
Kepler-894 b,Kepler-894,Transit,2016,Kepler,1,1,8.15,2.78,9.803224,0.0916,0,896,0.87,0.85,5603,-0.12306,1162.91,288.7340513,46.939363
TOI-628 b,TOI-628,Transit,2021,Transiting Exoplanet Survey Satellite (TESS),1,1,2011.8639,11.88154,3.4095675,0.0486,0.072,1586,1.311,1.345,6250,0.39445,178.68,99.2630608,1.7675497
HD 64121 b,HD 64121,Radial Velocity,2022,La Silla Observatory,1,1,813.6407219,13.2,623,1.51,0.11,,1.64,5.44,5078,1.24797,129.966,117.3651424,-54.8126136
HAT-P-58 b,HAT-P-58,Transit,2021,HATNet,1,1,118.2321674,14.93036229,4.0138379,0.04994,0.073,1622,1.031,1.53,6078,0.45637,515.59,68.8465093,56.8682691
HAT-P-59 b,HAT-P-59,Transit,2021,HATNet,1,1,489.4557468,12.58768533,4.1419771,0.05064,0.03,1277.8,1.008,1.1038,5678,0.05385,265.471,292.4588212,62.5291892
Kepler-213 c,Kepler-213,Transit,2014,Kepler,1,2,6.08,2.34,4.822962,0.057,0,1060,1.07,1.195,5696,0.082,634.939,290.8241931,44.6472832
Kepler-1561 b,Kepler-1561,Transit,2016,Kepler,1,1,1.32,1.09,1.005207007,0.0194,0,1682,1.07,1.11,5957,-0.02044,839.076,296.9235822,43.5664628
Kepler-1338 b,Kepler-1338,Transit,2016,Kepler,1,1,0.721,0.92,0.935118057,0.01937,0,2124,1.04,1.05,5909,0.24719,753.26,284.0422701,41.6990348
Kepler-53 d,Kepler-53,Transit,2014,Kepler,1,3,37.1907,2.12,9.751962,0.091,0,870,0.966,0.958,6085,0.03558,1366.07,290.4617926,40.5624966
TOI-2202 c,TOI-2202,Transit Timing Variations,2021,Multiple Observatories,1,2,117.2786822,13.4,24.6744,0.15544,0.0622,,0.823,0.794,5144,-0.40121,235.933,51.2284214,-73.9575458
K2-333 b,K2-333,Transit,2021,K2,1,1,31.6,6.18,14.759287,,,826,1.06,1.22,5880,0.16523,343.99,136.7892752,15.2056765
Kepler-542 b,Kepler-542,Transit,2016,Kepler,1,1,3.09,1.57,13.14497566,0.10703,0,698,0.93,0.9,5526,-0.12185,436.016,292.2149697,38.5485469
Kepler-394 c,Kepler-394,Transit,2014,Kepler,1,3,3.39,1.66,12.130686,0.11,0,901,0.87,1.132,6402,0.05347,1058.72,296.3019792,50.6723115
HD 213240 b,HD 213240,Radial Velocity,2001,La Silla Observatory,2,1,1655.886,12.8,882.70001,1.89,0.42,,1.57,1.51,5979,0.42935,40.8707,337.7506266,-49.4341037
Kepler-1640 b,Kepler-1640,Transit,2016,Kepler,1,1,20.7,4.82,7.5844126,0.0836,0,1228,1.27,1.43,6324,0.47,1859.78,294.5577857,40.8504949
Kepler-1423 b,Kepler-1423,Transit,2016,Kepler,1,1,1.2,1.06,23.955378,0.1586,0,741,0.79,0.75,4939,-0.52,449,288.2437481,41.1100655
55 Cnc B b,55 Cnc B,Radial Velocity,2025,Mauna Kea Observatory,2,7,3.5,1.69,6.7994,0.044,0,,0.26,0.274,3286,-2.10811,12.4773,133.167908,28.3152863
GJ 4274 c,GJ 4274,Radial Velocity,2026,Mauna Kea Observatory,1,2,8.39,2.83,69.57,0.186,,,0.18,0.19,3228,-2.46218,7.23556,335.7805478,-17.6104078
55 Cnc c,55 Cnc,Radial Velocity,2004,McDonald Observatory,2,7,54.4738,8.51,44.3936,0.247,0.088,,1.015,0.98,5198,-0.19695,12.5855,133.1468373,28.3298154
61 Vir c,61 Vir,Radial Velocity,2009,Multiple Observatories,1,3,18.2,4.46,38.021,0.2175,0.14,,0.942,0.963,5577,-0.095,8.50332,199.596455,-18.3157745
HAT-P-43 b,HAT-P-43,Transit,2012,HATNet,1,1,210.395,13.63,3.3326414,0.0444,0,1353,1.03,1.08,5693,0.05986,528.825,128.9256885,10.2065866
Kepler-1894 c,Kepler-1894,Transit,2023,Kepler,1,2,1.92,1.21,5.05368985,0.0576,0,1007,0.999,0.901,5772,-0.26976,935.191,295.5864604,49.6668523
Kepler-1512 b,Kepler-1512,Transit,2016,Kepler,1,1,1.76,1.18,20.35972599,0.13693,0,322,0.73,0.67,4372,-1.695,162,289.2744976,44.4704056
Kepler-825 b,Kepler-825,Transit,2016,Kepler,1,2,2.96,1.53,3.77360059,0.0453,0,1270,1.03,1.08,5976,0.11956,807.85,294.769825,39.3984081
Kepler-245 c,Kepler-245,Transit,2014,Kepler,1,4,26.7,2.18,17.460812,0.124,0,568,0.856,0.795,5100,-0.39579,861.527,291.6389972,42.4363482
Kepler-1233 b,Kepler-1233,Transit,2016,Kepler,1,1,7.27,2.6,45.1263042,0.263,0,604,1.16,1.25,6198,0.22091,1178.7,297.3750954,46.6622201
K2-331 b,K2-331,Transit,2021,K2,1,2,3.86,1.79,9.398977,,,909,1.1,1.06,5994,0.05943,211.43,132.7376431,13.170269
Kepler-1398 b,Kepler-1398,Transit,2016,Kepler,1,2,0.666,0.9,2.78815679,0.03909,0,1510,1.13,1.18,6126,0.31211,852.204,294.8661073,48.6389923
TOI-2184 b,TOI-2184,Transit,2022,Transiting Exoplanet Survey Satellite (TESS),1,1,206.5884646,11.39953337,6.90683,,0.08,1676.05,1.53,2.9,5966,0.98154,788.317,100.8331246,-66.9476563
14 Her b,14 Her,Radial Velocity,2002,W. M. Keck Observatory,1,2,2828.672822,12.5,1766.41,2.839,0.3683,,0.97,0.93,5338,-0.15273,17.9323,242.6021014,43.8163621
USco1621 b,USco1621 A,Imaging,2019,Multiple Observatories,1,1,5085.28,12.2,,2880,,2270,0.36,0.710071,3460,-1.02,137.901,245.3730855,-25.4954265
Kepler-607 b,Kepler-607,Transit,2016,Kepler,1,2,0.59,0.87,0.638163204,0.0137,0,1874,0.84,0.8,5196,-0.38192,519.122,291.0571451,44.632306
Kepler-1981 b,Kepler-1981,Transit,2023,Kepler,1,1,62.5,9.23,453.54212,1.3292,0,390,1.519,3.006,5874,0.24356,659.395,287.9754691,38.7402988
Kepler-1784 b,Kepler-1784,Transit,2021,Kepler,1,1,8.24,2.79936489,13.59049988,0.1072,0,724,0.887,0.974,5442,-0.12103,883.045,297.9541684,44.6674491
Kepler-1019 b,Kepler-1019,Transit,2016,Kepler,1,1,2.73,1.46,1.411229847,0.0221,0,1164,0.7,0.67,4433,-0.80636,194.182,283.7175909,47.2043818
Kepler-1894 b,Kepler-1894,Transit,2021,Kepler,1,2,1.87,1.20117759,2.762660027,0.0385,0,1231,0.999,0.901,5772,-0.26976,935.191,295.5864604,49.6668523
TOI-2257 b,TOI-2257,Transit,2021,Transiting Exoplanet Survey Satellite (TESS),1,1,5.45,2.194,35.189346,0.145,0.496,256,0.328,0.313,3430,-1.86713,57.7911,194.7396141,77.6617157
Kepler-97 b,Kepler-97,Transit,2014,Kepler,1,2,3.51,1.48,2.58664,0.03563,0,1328,0.94,0.98,5779,-0.02505,400.907,287.3265292,48.6733443
Kepler-1230 b,Kepler-1230,Transit,2016,Kepler,1,1,7.8,2.71,9.95661537,0.0921,0,946,1.06,1.08,5961,0.09626,1364.22,283.2645129,41.7114526
Kepler-300 b,Kepler-300,Transit,2014,Kepler,1,2,3.43,1.67,10.446347,0.094,0,812,1.07,0.9,5986,0.33994,1098.45,295.2886934,48.5997243
LTT 1445 A c,LTT 1445 A,Transit,2022,Transiting Exoplanet Survey Satellite (TESS),3,2,1.54,1.147,3.1239035,0.02661,0.223,508,0.257,0.265,3340,-2.04591,6.86929,45.4624781,-16.5944956
K2-75 c,K2-75,Transit,2016,K2,1,2,8.1,2.77,18.311,0.1429,,,1.16,1.56,5995,0.34943,561.93,338.844896,-7.469895
K2-337 b,K2-337,Transit,2021,K2,1,1,7.37,2.62,16.273563,,,850,0.94,1.32,5869,0.24964,421.636,127.761137,16.9004702
K2-275 b,K2-275,Transit,2018,K2,1,2,6.08,2.34,3.2809626,0.0277,,1166,0.77,0.69,4841,-0.59332,123.438,132.1698795,20.4550162
HD 47186 b,HD 47186,Radial Velocity,2008,La Silla Observatory,1,2,22.2481,5.02,4.0845,0.05,0.04,,0.96,1.08,5657,0.04298,37.4574,99.0367212,-27.6234285
Kepler-1024 b,Kepler-1024,Transit,2016,Kepler,1,1,14.5,3.91,66.4162133,0.3033,0,376,0.81,0.78,5143,-0.34993,1087.4,291.9510277,38.2516419
Kepler-1559 b,Kepler-1559,Transit,2016,Kepler,1,1,0.299,0.72,0.971915428,0.01835,0,1609,0.86,0.82,5316,-0.27638,614.827,292.2866565,42.0725948
Kepler-1725 b,Kepler-1725,Transit,2021,Kepler,1,1,8.31,2.8125177,16.71990013,0.13263,0,767,1.049,1.085,6020,0.19852,558.652,294.3735518,40.1946345
Kepler-155 c,Kepler-155,Transit,2014,Kepler,1,2,5.65,2.24,52.661793,0.242,0,286,0.635,0.62,4508,-1.21,293.499,288.4957831,51.0819286
Kepler-307 b,Kepler-307,Transit,2013,Kepler,1,2,7.44,2.43,10.4208,0.09359,0,797,0.907,0.814,5367,-0.12151,575.581,297.7950939,40.4176403
Kepler-755 c,Kepler-755,Transit,2016,Kepler,2,2,2.13,1.26,2.853133644,0.037,0,1016,0.82,0.77,5043,-0.45664,399.034,296.8609348,41.0973178
HATS-75 b,HATS-75,Transit,2021,HATSouth,1,1,156.0537478,9.90873894,2.7886556,0.032742,0.064,772.3,0.6017,0.5848,3790.4,-1.19661,194.964,60.9493919,-25.4089214
Kepler-1991 b,Kepler-1991,Transit,2023,Kepler,1,2,2.76,1.47,13.26079792,0.1065,0,760,0.914,1.053,5478,-0.1085,855.82,285.0360506,45.0709909
Kepler-1637 b,Kepler-1637,Transit,2016,Kepler,1,1,0.64,0.89,6.10960324,0.0596,0,1093,1.02,1.02,5789,0.0229,567.187,282.2368006,48.1542016
Kepler-708 b,Kepler-708,Transit,2016,Kepler,1,1,8.91,2.93,3.167891938,0.0426,0,1221,0.97,0.96,5692,0.03695,1394.22,293.8164588,42.2125159
TIC 172900988 b,TIC 172900988 Aa,Transit,2021,Transiting Exoplanet Survey Satellite (TESS),2,1,942,11.25,200.452,0.90281,0.0271,,1.2384,1.3842,6050,0.67103,250.956,128.6616644,31.5539793
BD-08 2823 b,BD-08 2823,Radial Velocity,2009,La Silla Observatory,1,2,2948.494132,,5.6,0.06,0.15,,0.5,0.71,4816,-0.62597,41.3342,150.1971964,-9.5165689
HD 10180 c,HD 10180,Radial Velocity,2010,La Silla Observatory,1,6,2741.587839,,5.75969,0.06412,0.073,,1.06,1.109,5911,0.17319,38.9607,24.4731133,-60.5114881
HD 72659 b,HD 72659,Radial Velocity,2002,W. M. Keck Observatory,1,2,949.6712801,13.2,3549,4.607,0.2393,,1.033,1.36,5929,0.37397,51.8949,128.5128072,-1.5686323
Kepler-836 b,Kepler-836,Transit,2016,Kepler,1,1,7.9,2.73,11.36112327,0.1013,0,869,1.03,1.04,5895,0.04883,980.035,287.4527659,45.7043964
Kepler-178 b,Kepler-178,Transit,2014,Kepler,1,3,8.75,2.9,9.576694,0.085,0,846,0.852,1.066,5676,-0.20778,716.025,287.1010275,46.8964033
TOI-3362 b,TOI-3362,Transit,2021,Transiting Exoplanet Survey Satellite (TESS),1,1,1598.359059,12.80065596,18.09547,0.153,0.815,688,1.445,1.83,6532,0.73878,366.987,155.9841428,-56.8431169
Kepler-1348 b,Kepler-1348,Transit,2016,Kepler,1,1,4.42,1.94,27.5722742,0.1834,0,636,1.04,1.04,5911,0.20429,1213.82,292.0874126,49.788709
Kepler-984 b,Kepler-984,Transit,2016,Kepler,1,1,5.14,2.12,43.0342272,0.23688,0,484,0.96,0.93,5610,-0.10846,460.188,296.9588566,46.3940661
GPX-1 b,GPX-1,Transit,2021,Acton Sky Portal Observatory,1,1,6261.219618,16.47720163,1.744579,0.0338,0,2300,1.68,1.56,7000,0.72673,655.013,38.3691648,56.025708
TOI-559 b,TOI-559,Transit,2021,Transiting Exoplanet Survey Satellite (TESS),1,1,1910.148726,12.22899794,6.9839095,0.0723,0.151,1180,1.026,1.233,5925,0.22737,233.266,46.8186159,-31.1629951
TOI-530 b,TOI-530,Transit,2021,Transiting Exoplanet Survey Satellite (TESS),1,1,127.1313628,9.30345398,6.387597,0.052,0,565,0.53,0.54,3659,-1.3098,148.762,103.4128333,12.8815784
Kepler-907 b,Kepler-907,Transit,2016,Kepler,1,1,1.87,1.2,15.86621821,0.1225,0,879,1.08,1.38,6106,0.378,352,285.4764959,41.6326615
Kepler-823 b,Kepler-823,Transit,2016,Kepler,1,1,3.09,1.57,4.16809082,0.0507,0,1277,0.98,0.96,5643,0.33549,1389.27,284.5825682,39.2201737
HD 75302 b,HD 75302,Radial Velocity,2023,La Silla Observatory,1,1,1716.273398,12.8,4356,5.3,0.39,,1.06,0.940904,5697.46,-0.07549,30.3288,132.3015641,3.4850141
Kepler-647 c,Kepler-647,Transit,2020,Kepler,1,2,15.1,4.00135002,29.6663,0.18291,0,644,1.07,1.54571,5906.74,0.41834,1087.87,284.7882977,44.5916225
K2-153 b,K2-153,Transit,2018,K2,1,1,4.66,2,7.51574,0.0614,,497,0.55,0.53,3845,-1.36653,143.125,183.8088709,2.0208765
Kepler-1082 b,Kepler-1082,Transit,2016,Kepler,1,1,1.46,1.12,1.543206604,0.02571,0,1827,1.03,1.14,5923,0.3142,739.557,289.3586737,50.5984489
TOI-1431 b,TOI-1431,Transit,2021,Transiting Exoplanet Survey Satellite (TESS),1,1,991.6246298,16.70138124,2.650237,0.046,0.0022,2370,1.9,1.92,7690,1.06819,148.925,316.2036922,55.5880221
WASP-76 b,WASP-76,Transit,2016,SuperWASP,2,1,284.1385959,20.78145022,1.80988198,0.033,0,2228,1.458,1.756,6329,0.65418,194.459,26.632936,2.700389
HD 192310 c,HD 192310,Radial Velocity,2011,La Silla Observatory,1,2,24,5.25,525.8,1.18,0.32,185,0.8,0.857922,5166,-0.41454,8.79687,303.8284712,-27.0337556
HD 195019 b,HD 195019,Radial Velocity,1998,Lick Observatory,2,1,1264.9634,13,18.20132,0.14,0.01,,1.21,1.48,5751,0.3331,37.6681,307.0792427,18.7692509
Kepler-334 b,Kepler-334,Transit,2014,Kepler,1,3,1.46,1.12,5.470319,0.061,0,1090,1.022,1.068,5828,0.05556,426.59,287.1406177,47.1151153
K2-346 b,K2-346,Transit,2021,K2,1,1,5.73,2.26,26.201446,,,450,0.71,0.7,4801,-0.66264,105.58,125.9864854,22.663226
Kepler-1196 b,Kepler-1196,Transit,2016,Kepler,1,1,5.6,2.23,66.1849031,0.3179,0,436,0.98,0.97,5756,-0.04702,922.333,292.369585,43.9108663
Kepler-333 b,Kepler-333,Transit,2014,Kepler,2,2,28.2,1.32,12.551158,0.087,0,480,0.601,0.534,4259,-0.92812,324.413,292.2861201,40.9135429
Kepler-562 b,Kepler-562,Transit,2016,Kepler,1,1,23.7,5.21,18.00931444,0.1333,0,658,0.93,0.9,5575,0.01578,992.769,290.1196007,46.2737393
Kepler-1671 b,Kepler-1671,Transit,2020,Kepler,1,1,2.32,1.32557381,4.16787,0.04946,0,962,0.866,0.929771,5135.55,-0.26621,357.059,291.7484295,39.4467817
Kepler-1158 b,Kepler-1158,Transit,2016,Kepler,1,1,6.08,2.34,13.5396293,0.12643,0,1079,1.41,1.95,6203,0.84033,1484.25,292.2339048,41.5751832
Kepler-311 b,Kepler-311,Transit,2014,Kepler,1,3,3.53,1.7,9.176092,0.087,0,960,0.994,1.188,5905,0.19328,778.654,282.0612731,47.0854984
Kepler-57 b,Kepler-57,Transit,2012,Kepler,1,2,25.06,3.135,5.72,0.05988,0.0162,850,0.859,0.826,5187.9,-0.34241,644.14,293.6413146,44.6570692
Kepler-461 b,Kepler-461,Transit,2016,Kepler,1,1,7.18,2.58,8.313783059,0.07895,0,886,0.98,0.91,5634,0.24622,692.158,292.2490563,46.1647909
HD 24085 b,HD 24085,Radial Velocity,2019,Las Campanas Observatory,1,1,11.8,3.46,2.0455,0.034,0.22,,1.22,1.412551,6034,0.37712,54.9004,56.2563447,-70.0245193
Kepler-1843 b,Kepler-1843,Transit,2021,Kepler,1,1,7.8,2.70909809,25.54339981,0.17871,0,772,1.02,1.782,5422,0.394,784.625,292.8852302,41.279169
Kepler-1184 b,Kepler-1184,Transit,2016,Kepler,1,1,7.65,2.68,53.5991044,0.2863,0,529,1.05,1.07,5983,0.06532,1157.84,291.282031,46.9659514
TOI-1860 b,TOI-1860,Transit,2022,Transiting Exoplanet Survey Satellite (TESS),1,1,2.27,1.31,1.0662107,0.0204,,1885,0.99,0.94,5752,-0.09475,45.864,226.4567308,64.0476821
TOI-2260 b,TOI-2260,Transit,2022,Transiting Exoplanet Survey Satellite (TESS),1,1,3.26,1.62,0.3524728,0.0097,,2609,0.99,0.94,5534,-0.19851,101.251,247.6669998,49.0467891
Kepler-1018 b,Kepler-1018,Transit,2016,Kepler,1,1,7.18,2.58,49.1013514,0.253,0,498,0.91,0.88,5518,-0.08221,1010.01,283.5967317,45.4078654
HD 69830 c,HD 69830,Radial Velocity,2006,La Silla Observatory,1,3,11.8,3.46,31.56,0.186,0.13,,0.86,0.886947,5385,-0.22,12.5591,124.6010091,-12.6364246
HD 10647 b,HD 10647,Radial Velocity,2006,W. M. Keck Observatory,1,1,298.75,13.8,989.2,2.015,0.15,,1.11,1.1,6218,0.149,17.3357,25.6233526,-53.7412852
HD 219134 b,HD 219134,Radial Velocity,2015,Roque de los Muchachos Observatory,1,6,4.74,1.602,3.092926,0.03876,0,1015,0.81,0.778,4699,-0.57741,6.53127,348.3372026,57.1696255
rho CrB b,rho CrB,Radial Velocity,1997,Fred Lawrence Whipple Observatory,1,3,347.995,13.7,39.849,0.2245,0.046,614,1,1.3617,5817,0.23198,17.4671,240.2600639,33.3001861
Proxima Cen b,Proxima Cen,Radial Velocity,2016,European Southern Observatory,3,2,1.055,1.02,11.18465,0.04848,0,218,0.1221,0.141,2900,-2.82102,1.30119,217.3934657,-62.6761821
rho CrB c,rho CrB,Radial Velocity,2016,Multiple Observatories,1,3,27.442,5.68,102.036,0.4206,0.048,448.1,1,1.3617,5817,0.23198,17.4671,240.2600639,33.3001861
Proxima Cen d,Proxima Cen,Radial Velocity,2025,La Silla Observatory,3,2,0.26,0.692,5.12338,0.02881,0,282,0.1221,0.141,2900,-2.82102,1.30119,217.3934657,-62.6761821
rho CrB e,rho CrB,Radial Velocity,2023,Lowell Observatory,1,3,3.71,1.75,12.904,0.1061,0.082,,1,1.3617,5817,0.23198,17.4671,240.2600639,33.3001861
K2-250 b,K2-250,Transit,2018,K2,1,1,7.81,2.71257333,4.01392,0.04606,0.21,1003,0.809,0.797,5003,-0.44491,414.708,185.0315429,-8.9757427
Kepler-1852 b,Kepler-1852,Transit,2021,Kepler,1,1,4.22,1.88610592,7.970940113,0.0762,0,760,0.927,0.826,5237,-0.43168,772.481,288.0297157,40.3441934
Kepler-881 b,Kepler-881,Transit,2016,Kepler,1,1,3.82,1.78,4.44448017,0.0552,0,1217,1.06,1.09,5961,0.11975,1375.18,288.9925529,46.6706513
Kepler-1294 b,Kepler-1294,Transit,2016,Kepler,1,1,10.3,3.19,115.6862258,0.4684,0,401,0.99,0.97,5776,0.42138,1855.7,291.2681037,44.4881624
HD 153557 c,HD 153557,Radial Velocity,2022,Multiple Observatories,1,3,17.48056238,4.36,15.27018,0.111,0.511,,0.79,0.745171,4837,-0.56249,17.9412,254.4706516,47.3678558
Kepler-1255 b,Kepler-1255,Transit,2016,Kepler,1,1,5.99,2.32,36.2919336,0.2226,0,694,1.08,1.12,6018,0.30726,1617.07,295.2392569,42.7264842
Kepler-107 d,Kepler-107,Transit,2014,Kepler,1,4,7.7,0.86,7.95839,0.08377,0.11,1173,1.238,1.447,5854,0.36449,525.997,297.028162,48.2086019
Kepler-127 b,Kepler-127,Transit,2014,Kepler,1,3,2.54,1.4,14.435889,0.125,0.47,884,1.248,1.359,6106,0.40651,352.794,285.1899439,46.0280596
Kepler-1736 b,Kepler-1736,Transit,2021,Kepler,1,1,14.3,3.8765856,37.81029892,0.2188,0,566,0.976,0.973,6085,0.40206,1430,289.7766991,38.2622374
HD 184010 c,HD 184010,Radial Velocity,2022,Okayama Astrophysical Observatory,1,3,95.3485221,11.8,484.3,1.334,0,,1.35,4.86,4971,1.11694,60.7993,292.8401421,26.6172796
Kepler-532 b,Kepler-532,Transit,2016,Kepler,1,1,7.13,2.57,12.92491623,0.10151,0,620,0.87,0.79,5192,-0.45789,312.798,298.6609094,48.6063022
Kepler-1871 b,Kepler-1871,Transit,2021,Kepler,1,1,6.44,2.42172881,1.952700019,0.0308,0,1403,1.02,0.946,5741,0.00294,854.623,292.4275044,38.4728824
Kepler-1457 b,Kepler-1457,Transit,2016,Kepler,1,1,4.62,1.99,51.1110243,0.26391,0,478,1.01,1.01,5866,0.21547,889.885,283.7705481,42.027203
GJ 3512 c,GJ 3512,Radial Velocity,2020,Multiple Observatories,1,2,143.9762684,14.3,2354,1.731,0.089,,0.123,0.139,3141,-2.8041,9.48637,130.3316616,59.4918364
Kepler-30 c,Kepler-30,Transit,2012,Kepler,1,3,640,12.3,60.323105,0.3,0.0111,411,0.99,0.95,5498,-0.23658,914.221,285.2836483,38.9472625
HD 4732 b,HD 4732,Radial Velocity,2012,Multiple Observatories,2,2,631.2072163,13.4,371.74,1.129,0.266,,1.39,5.03,4898,1.11826,54.7841,12.3085089,-24.1369079
TOI-2337 b,TOI-2337,Transit,2022,Transiting Exoplanet Survey Satellite (TESS),1,1,508.5254512,10.08808263,2.99432,,0.019,1272.46,1.325,3.22,4780,0.689,536.046,290.6198948,60.8539035
TOI-4329 b,TOI-4329,Transit,2022,Transiting Exoplanet Survey Satellite (TESS),1,1,143.0227832,16.81347105,2.9223,,0.068,2027.12,1.538,2.31,6000,0.79931,717.128,329.5639152,71.1316048
TOI-2445 b,TOI-2445,Transit,2022,Transiting Exoplanet Survey Satellite (TESS),1,1,2.1,1.25,0.3711281,0.0064,,1060,0.25,0.27,3333,-2.08408,48.582,43.3161555,0.0523366
HIP 109600 b,HIP 109600,Radial Velocity,2016,Haute-Provence Observatory,2,1,851.7844,13.2,232.08,0.706,0.163,,0.87,0.971958,5530,-0.07873,66.3361,333.027079,29.0662082
Kepler-1923 b,Kepler-1923,Transit,2021,Kepler,1,1,4.5,1.95958179,52.60969925,0.2846,0,553,1.109,1.294,5881,0.257,990.838,298.0834457,40.3462551
Kepler-896 b,Kepler-896,Transit,2016,Kepler,1,2,6.94,2.53,144.547396,0.56378,0,303,0.84,0.81,5262,0.48148,2334.93,282.4391402,43.7344291
Kepler-467 b,Kepler-467,Transit,2016,Kepler,1,1,5.69,2.25,24.99324193,0.16848,0,712,1.05,1.37,5809,0.32254,466.265,287.3629145,38.6497341
Kepler-302 c,Kepler-302,Transit,2014,Kepler,1,2,,12.45,127.282184,0.503,0,392,1.021,1.22,5740,0.04949,1402.58,294.3169307,43.6292436
TOI-2180 b,TOI-2180,Transit,2022,Transiting Exoplanet Survey Satellite (TESS),1,1,875.6172613,11.32107051,260.79,0.828,0.3683,348,1.111,1.636,5695,0.40552,116.685,277.94363,56.6506789
Kepler-683 b,Kepler-683,Transit,2016,Kepler,1,1,4.54,1.97,2.539183179,0.0355,0,1332,0.96,0.95,5703,-0.04054,1023.07,291.4399598,37.9056293
Kepler-120 b,Kepler-120,Transit,2014,Kepler,1,2,8.5,2.15,6.312501,0.055,0,575,0.654,0.534,4096,-0.67701,388.63,287.8915707,39.3390979
TOI-836.01,TOI-836,Transit,2021,Transiting Exoplanet Survey Satellite (TESS),1,2,9.6,2.587,8.59545,0.075,0.078,665,0.678,0.665,4552,-0.85276,27.5024,225.0798831,-24.4542022
Kepler-1326 b,Kepler-1326,Transit,2016,Kepler,1,1,16.3,4.18,42.3514267,0.2743,0,938,1.45,1.74,6725,0.52296,698.326,296.222199,39.268942
Kepler-9 b,Kepler-9,Transit,2010,Kepler,1,3,43.4,8.29,19.23891,0.143,0.0609,661,1.022,0.958,5774,-0.038,628.257,285.5739904,38.4008192
Kepler-406 c,Kepler-406,Transit,2014,Kepler,1,2,2.71,0.85,4.62332,0.05531,0,1050,1.07,1.07,5538,0.0482,364.03,291.8481764,44.9682807
Kepler-315 b,Kepler-315,Transit,2014,Kepler,1,2,13.7,3.77,96.101141,0.402,0,409,0.831,1.037,5796,0.00383,1160.63,298.0230967,43.3634761
Kepler-1078 b,Kepler-1078,Transit,2016,Kepler,1,1,4.27,1.9,3.00725242,0.0388,0,1122,0.94,0.92,5612,0.50027,2481.71,293.2005664,43.0500379
TOI-206 b,TOI-206,Transit,2022,Transiting Exoplanet Survey Satellite (TESS),1,1,2.24,1.3,0.7363104,0.0112,,910,0.35,0.35,3383,-1.83581,47.7465,73.7382202,-62.521874
TOI-2669 b,TOI-2669,Transit,2022,Transiting Exoplanet Survey Satellite (TESS),1,1,193.8753283,19.72780603,6.2034,,0.09,1226,1.19,4.1,4800,0.906,393.443,134.7226445,-13.3125792
Kepler-1038 b,Kepler-1038,Transit,2016,Kepler,1,2,12.2,3.53,148.4603382,0.5238,0,285,0.87,0.83,5335,-0.362,584.136,298.9721472,44.1323499
Kepler-1802 c,Kepler-1802,Transit,2021,Kepler,1,2,6,2.322,33.13610077,0.1748,0,357,0.649,0.637,4245,-0.925,636.694,300.2420869,44.1412854
Kepler-1887 b,Kepler-1887,Transit,2021,Kepler,1,1,8.88,2.92454357,19.94750023,0.1421,0,625,0.961,0.864,5749,-0.18953,1366.18,288.9555263,44.705707
Kepler-1181 c,Kepler-1181,Transit,2023,Kepler,1,2,4.01,1.83,8.93484887,0.0928,0,1124,1.336,1.347,6688,0.47243,938.417,289.7473165,39.5234131
Kepler-1632 b,Kepler-1632,Transit,2016,Kepler,1,1,6.66,2.47,448.303558,0.6762,0,369,1.12,1.19,6137,0.40631,716.76,294.4948769,43.9135575
Kepler-1306 b,Kepler-1306,Transit,2016,Kepler,1,1,4.31,1.91,16.29595382,0.123,0,678,0.98,0.97,5727,-0.06343,1107.5,294.4783627,46.9458638
Kepler-1925 b,Kepler-1925,Transit,2021,Kepler,1,1,9.28,3.00177922,46.71640015,0.2588,0,531,1.057,1.092,5856,0.36494,1771.31,289.8287452,45.1026883
K2-390 b,K2-390,Transit,2022,K2,1,1,19.6,4.662,3.312792,,,1119,0.789,0.966,5558,-0.09926,456.122,355.702386,-9.5887124
K2-370 b,K2-370,Transit,2022,K2,1,1,10.4,3.207,2.14084,,,1267,0.984,0.971,5377,-0.12703,144.202,67.8205302,19.8316901
HD 220773 b,HD 220773,Radial Velocity,2011,McDonald Observatory,1,1,460.8,13.6,3724.7,4.94,0.51,,1.16,1.679696,5940,0.49796,50.5103,351.6144715,8.6428871
Kepler-60 d,Kepler-60,Transit,2012,Kepler,1,3,4.16,1.99,11.8981,0.10203,0.002,929,1.041,1.257,5905,0.36906,1025.1,288.9612535,42.2650472
Kepler-1452 b,Kepler-1452,Transit,2016,Kepler,1,1,7.75,2.7,42.913751,0.25764,0,810,1.41,2.06,6101,0.72107,996.32,292.422792,38.2662824
Kepler-1686 b,Kepler-1686,Transit,2020,Kepler,1,1,2.62,1.42553017,9.30987,0.08827,0,913,1.02,1.19951,5714.96,0.14075,729.823,291.6067189,42.0359783
HD 130322 b,HD 130322,Radial Velocity,1999,La Silla Observatory,1,1,365.49,13.7,10.70871,0.0925,0.029,720,0.92,0.85,5387,-0.23544,31.8766,221.8857975,-0.2820782
Kepler-1138 b,Kepler-1138,Transit,2016,Kepler,1,1,3.53,1.7,3.17060005,0.0415,0,1080,0.95,0.92,5582,-0.33299,872.328,285.8993164,48.307285
TOI-1246 b,TOI-1246,Transit,2022,Transiting Exoplanet Survey Satellite (TESS),1,4,8.1,3.01,4.30744,0.049,,955,0.87,0.86,5151,-0.30103,169.422,251.1158702,70.4299917
Kepler-584 b,Kepler-584,Transit,2016,Kepler,1,1,16.5,4.21,35.1810304,0.2281,0,664,1.17,1.24,6195,0.52004,1848.84,288.230615,42.4136181
Kepler-1961 b,Kepler-1961,Transit,2021,Kepler,1,1,3.25,1.6187808,5.604710102,0.0588,0,866,0.871,0.777,5401,-0.27557,1042.45,286.3300783,39.6831276
Kepler-270 c,Kepler-270,Transit,2014,Kepler,1,2,3.78,1.77,25.262887,0.18,0,756,1.17,1.461,6067,0.31211,948.781,282.2001207,44.4222795
Kepler-1610 b,Kepler-1610,Transit,2016,Kepler,1,2,3.22,1.61,8.70181574,0.0777,0,750,0.91,0.87,5383,-0.48291,864.331,295.9049795,45.4054296
Kepler-1157 b,Kepler-1157,Transit,2016,Kepler,1,1,1.32,1.09,4.45743164,0.0448,0,732,0.76,0.71,4679,-0.67539,342.144,283.1209268,43.5255701
Kepler-1746 b,Kepler-1746,Transit,2021,Kepler,1,1,59.1,8.93504475,321.2120056,0.94082,0,310,1.09,1.286,6018,0.496,979.541,288.3203979,42.2613874
K2-243 c,K2-243,Transit,2018,K2,1,2,4.7,2.01,24.94598,0.1817,,801,1.29,1.39,6570,0.42675,266.864,181.1211419,-4.8991358
Kepler-403 d,Kepler-403,Transit,2016,Kepler,1,3,2.6,1.42,13.61159129,0.12178,0,958,1.25,1.45,6209,0.64405,840.269,289.9214256,46.7445267
Kepler-725 c,Kepler-725,Transit Timing Variations,2025,Kepler,1,2,9.7,3.08,207.541,0.6744,0.436,268,0.95,0.88,5395,-0.31304,758.469,283.9774949,44.8115613
Kepler-378 b,Kepler-378,Transit,2014,Kepler,1,2,0.347,0.75,16.092361,0.112,0,503,0.78,0.671,4661,-0.65539,152.094,294.9489697,46.4388673
TOI-216.01,TOI-216,Transit,2019,Transiting Exoplanet Survey Satellite (TESS),1,2,177.9839079,10.1,34.525528,0.2069,0.0046,497,0.77,0.748,5026,-0.44159,177.945,73.9800129,-63.2603301
HD 102272 b,HD 102272,Radial Velocity,2008,McDonald Observatory,1,1,1570.0802,12.9,127.58,0.51,0.05,,1.45,10.3,4790,1.66167,347.097,176.5980316,14.1240201
GJ 2056 b,GJ 2056,Radial Velocity,2020,Multiple Observatories,1,1,16.2,4.17,69.971,0.283,0.72,,0.62,0.709495,4069.95,-0.90505,28.4434,108.0194945,-24.8921008
Kepler-256 e,Kepler-256,Transit,2014,Kepler,1,4,6.12,2.35,10.681572,0.096,0,897,1.037,1.301,5551,-0.0591,1026.43,292.58042,46.0973588
Kepler-1408 b,Kepler-1408,Transit,2016,Kepler,1,1,0.64,0.89,2.99793191,0.04218,0,1616,1.21,1.35,6170,0.57889,535.048,282.6998783,45.4257884
TOI-2081 b,TOI-2081,Transit,2022,Transiting Exoplanet Survey Satellite (TESS),1,1,4.82,2.04,10.50534,0.0752,,488,0.54,0.534,3800,-1.33847,62.3446,264.3022634,53.0255666
TOI-4479 b,TOI-4479,Transit,2022,Transiting Exoplanet Survey Satellite (TESS),1,1,8.35,2.82,1.1589,0.0164,,861,0.452,0.451,3400,-1.60432,80.6532,316.0969388,24.6536739
BD-13 2130 b,BD-13 2130,Radial Velocity,2007,La Silla Observatory,1,1,3108.3774,12.5,714.29999,1.66,0.21,,2.12,19.17,4545,2.04268,925.214,114.2884692,-13.9066703
TOI-500 c,TOI-500,Radial Velocity,2022,La Silla Observatory,1,4,5.03,2.09,6.6356,,0.072,,0.74,0.678,4440,-0.70002,47.3924,106.559098,-47.5878156
Kepler-826 b,Kepler-826,Transit,2016,Kepler,1,1,2.1,1.25,4.48758907,0.05202,0,1305,1.05,1.15,6079,0.34865,779.596,284.8601128,39.2405076
K2-157 c,K2-157,Radial Velocity,2025,Paranal Observatory,1,3,30.8,6.08,25.942,0.165,0.2,587,0.89,0.86,5334,-0.2102,298.373,183.7514959,-5.7820178
TOI-1670 c,TOI-1670,Transit,2022,Transiting Exoplanet Survey Satellite (TESS),1,2,200.2318964,11.06326395,40.74976,0.249,0.09,684,1.21,1.316,6170,0.40046,168.067,259.0172522,72.1611806
Kepler-1929 b,Kepler-1929,Transit,2021,Kepler,1,1,9.65,3.07250761,59.36249924,0.30883,0,566,1.006,1.471,5786,0.5928,508.201,299.5833362,47.4481244
Kepler-1284 b,Kepler-1284,Transit,2016,Kepler,1,1,1.92,1.21,0.664073806,0.0143,0,1703,0.84,0.79,5123,-0.39518,882.324,291.2789549,47.6875766
TOI-1107 b,TOI-1107,Transit,2022,Transiting Exoplanet Survey Satellite (TESS),1,1,1064.725163,14.57167491,4.0782387,0.0561,0.025,1728,1.35,1.81,6311,0.67117,281.314,155.6078632,-82.2188693
TOI-2136 b,TOI-2136,Transit,2022,Transiting Exoplanet Survey Satellite (TESS),1,1,6.37,2.19,7.851928,0.057,0,395,0.34,0.34,3342,-1.88606,33.3631,281.1763433,36.5631318
Gaia-2 b,Gaia-2,Transit,2022,European Space Agency (ESA) Gaia Satellite,1,1,259.6658085,14.81827249,3.6915224,0.0467,,1213.23,1,1.064,5720,0.0574,209.229,110.7353308,67.2526565
TOI-1759 b,TOI-1759,Transit,2022,Transiting Exoplanet Survey Satellite (TESS),1,1,10.8,3.14,18.85019,0.1177,0,443,0.606,0.597,4065,-1.05715,40.0654,326.8516615,62.7538164
Kepler-1587 b,Kepler-1587,Transit,2016,Kepler,1,1,2.33,1.33,9.4060467,0.08747,0,981,1.08,1.22,5933,0.32586,1026.48,292.6777294,49.6638666
K2-336 b,K2-336,Transit,2021,K2,1,1,1.98,1.22,21.194733,,,569,0.86,0.8,5424,-0.34534,239.289,133.8382032,16.7940663
Kepler-482 b,Kepler-482,Transit,2016,Kepler,1,1,6.17,2.36,56.35418576,0.25787,0,352,0.75,0.72,4871,-0.53864,313.068,296.8229326,48.1077628
TOI-1268 b,TOI-1268,Transit,2022,Transiting Exoplanet Survey Satellite (TESS),1,1,96.4,9.1,8.1577094,0.0711,0.105,918.9,0.96,0.92,5300,-0.28785,109.557,198.3885831,62.3053799
Kepler-1070 b,Kepler-1070,Transit,2016,Kepler,1,1,3.64,1.73,6.2216147,0.06753,0,1101,1.21,1.32,6261,0.28486,939.001,293.1953923,49.316541
HD 68402 b,HD 68402,Radial Velocity,2016,Multiple Observatories,1,1,2510.844415,12.6,1103,2.18,0.03,,1.12,1.02,5950,0.06819,78.4293,121.3474609,-74.4100732
Kepler-736 b,Kepler-736,Transit,2016,Kepler,1,1,8.91,2.93,3.60147201,0.0428,0,996,0.86,0.81,5217,-0.34984,1005.43,285.3913092,46.1809293
K2-69 b,K2-69,Transit,2016,K2,1,1,5.99,2.32,7.06599,0.0591,,,0.551,0.491,4127,-1.35611,180.697,335.7596816,-10.4886817
omi CrB b,omi CrB,Radial Velocity,2012,Okayama Astrophysical Observatory,1,1,355.9678158,13.7,187.01,0.699,0.105,,1.3,11.87,4769,1.82197,84.7883,230.0350768,29.6160222
Kepler-649 b,Kepler-649,Transit,2016,Kepler,1,1,5.73,2.26,29.90722674,0.17522,0,564,0.97,0.94,5871,-0.0439,513.748,285.6558336,45.0794516
K2-25 b,K2-25,Transit,2015,K2,1,1,24.5,3.44,3.48456408,0.0287,0.428,494,0.2634,0.2932,3207,-2.08831,44.9565,63.2739346,15.2477027
TOI-500 b,TOI-500,Transit,2022,Transiting Exoplanet Survey Satellite (TESS),1,4,1.42,1.166,0.548177,0.01189,0.063,1617,0.74,0.678,4440,-0.70002,47.3924,106.559098,-47.5878156
Kepler-1237 b,Kepler-1237,Transit,2016,Kepler,1,1,8.55,2.86,84.5733226,0.3778,0,366,0.94,0.9,5472,-0.25798,1064.31,295.6292745,44.6905815
GJ 3929 b,GJ 3929,Transit,2022,Transiting Exoplanet Survey Satellite (TESS),1,2,1.75,1.09,2.616235,0.0252,0,568,0.313,0.32,3384,-1.96257,15.8095,239.5775678,35.4081141
GJ 3929 c,GJ 3929,Radial Velocity,2022,Multiple Observatories,1,2,5.71,2.26,15.04,0.081,0,317,0.313,0.32,3384,-1.96257,15.8095,239.5775678,35.4081141
HD 260655 c,HD 260655,Transit,2022,Transiting Exoplanet Survey Satellite (TESS),1,2,3.09,1.533,5.70588,0.04749,0.038,557,0.439,0.439,3803,-1.43997,10.0055,99.2915429,17.5662696
HD 260655 b,HD 260655,Transit,2022,Transiting Exoplanet Survey Satellite (TESS),1,2,2.14,1.24,2.76953,0.02933,0.039,709,0.439,0.439,3803,-1.43997,10.0055,99.2915429,17.5662696
TOI-3714 b,TOI-3714,Transit,2022,Transiting Exoplanet Survey Satellite (TESS),2,1,222.4798849,11.32107051,2.154849,0.027,0.03,750,0.53,0.51,3660,-1.40671,112.71,69.5523415,39.4580035
HD 564 b,HD 564,Radial Velocity,2014,La Silla Observatory,1,1,104.88,12.5,492.3,1.2,0.096,,0.961,1.01,5902,0.01893,51.1659,2.4694459,-50.2678998
Kepler-111 b,Kepler-111,Transit,2014,Kepler,1,2,3.12,1.58,3.341815,0.046,0,1356,1.171,1.157,5952,0.19471,657.223,291.653163,44.6882613
K2-368 b,K2-368,Transit,2022,K2,1,3,2.34,1.332,5.025598,,,,0.746,0.663,4663,-0.69293,206.608,332.6357627,-11.1661157
Kepler-466 b,Kepler-466,Transit,2016,Kepler,1,2,8.5,2.85,51.07926307,0.26769,0,503,1.04,1.05,5927,-0.06719,530.122,295.6486585,48.4955191
Kepler-1401 b,Kepler-1401,Transit,2016,Kepler,1,1,3.46,1.68,11.20066445,0.0975,0,808,1.07,1.1,5964,0.14,1425.43,287.4660334,40.75842
Kepler-928 b,Kepler-928,Transit,2016,Kepler,1,1,3.15,1.59,3.932461302,0.0444,0,894,0.73,0.7,4700,-0.71877,508.809,289.920676,41.5427758
Kepler-1361 b,Kepler-1361,Transit,2016,Kepler,1,1,0.566,0.86,3.57554956,0.04304,0,1061,0.83,0.79,5131,-0.43672,389.143,283.5653603,46.9042278
K2-58 b,K2-58,Transit,2016,K2,1,3,7.65,2.68,7.05254,0.0692,,,0.89,0.86,5413,-0.39764,181.746,333.8218395,-14.049857
TAP 26 b,TAP 26,Radial Velocity,2017,Multiple Facilities,1,1,527.5978,13.5,10.79,0.0968,,,1.04,1.17,4620,-0.25,121.402,64.715445,17.3878826
TOI-620 b,TOI-620,Transit,2022,Transiting Exoplanet Survey Satellite (TESS),1,1,13.6,3.76,5.0988179,0.04825,0.22,603.6,0.577,0.55,3708,-1.28819,33.0231,142.1734459,-12.1671652
Kepler-192 d,Kepler-192,Transit,2016,Kepler,1,3,1.04,1.02,6.47027579,0.0686,0,926,0.94,0.94,5487,-0.09429,651.674,287.9179379,45.5928829
Kepler-939 b,Kepler-939,Transit,2016,Kepler,1,1,3.71,1.75,14.878296,0.1153,0,692,0.88,0.85,5471,0.39065,2093.62,293.8656181,47.0268148
Kepler-1873 b,Kepler-1873,Transit,2021,Kepler,1,1,3.28,1.62573811,0.558842003,0.0128,0,1787,0.903,0.792,5151,-0.40951,820.957,294.596557,46.0483705
Kepler-282 e,Kepler-282,Transit,2013,Kepler,1,4,56.2,3.1,44.347,0.23332,0,484,0.97,0.89,5656,0.10587,1337.61,284.6772402,44.7976401
Kepler-1357 b,Kepler-1357,Transit,2016,Kepler,1,1,2.18,1.28,3.0091324,0.041,0,1177,0.93,0.9,5597,-0.14555,1015.69,291.5480665,50.3532584
HD 73583 b,HD 73583,Transit,2022,Transiting Exoplanet Survey Satellite (TESS),1,2,10.2,2.79,6.398042,0.0604,0.09,714,0.73,0.65,4511,-0.74425,31.5666,129.6883026,-13.2565267
Kepler-1320 b,Kepler-1320,Transit,2016,Kepler,1,1,3.53,1.7,0.868386528,0.0163,0,1389,0.8,0.74,4817,-0.72896,647.424,288.4335977,40.3808519
Kepler-1807 b,Kepler-1807,Transit,2021,Kepler,1,1,7.77,2.70393215,10.86060047,0.0988,0,1108,1.087,1.496,6455,0.60255,1299.32,291.5494119,44.5272788
NGTS-20 b,NGTS-20,Transit,2022,Transiting Exoplanet Survey Satellite (TESS),1,1,947.1286529,11.99360935,54.18915,0.313,0.432,688,1.47,1.78,5980,0.64503,382.898,46.2926368,-21.9336472
Gaia-1 b,Gaia-1,Transit,2022,European Space Agency (ESA) Gaia Satellite,1,1,533.9517238,13.77583728,3.052524,0.04047,,1159.07,0.949,0.952,5470,-0.1588,363.66,90.6436658,-0.5771099
HD 73583 c,HD 73583,Transit,2022,Transiting Exoplanet Survey Satellite (TESS),1,2,9.7,2.39,18.87974,0.1242,0.08,498,0.73,0.65,4511,-0.74425,31.5666,129.6883026,-13.2565267
Kepler-1845 b,Kepler-1845,Transit,2021,Kepler,1,1,6.52,2.43836702,11.60649967,0.0885,0,584,0.686,0.701,4703,-0.57817,710.724,292.9016226,38.297032
Kepler-90 i,KOI-351,Transit,2017,Kepler,1,8,2.3,1.32,14.44912,0.120138084,0,709,1.12,1.29,6015,0.26853,848.254,284.4334642,49.3051239
HD 194490 b,HD 194490,Radial Velocity,2022,Multiple Observatories,1,1,3561.902957,12.4,13092.18348,11.116,0.251,,1.06,1.14911,5861.32,0.1474,80.2349,306.9980087,-51.6644646
WASP-148 b,WASP-148,Transit,2020,SuperWASP-North,1,2,91.21675281,8.47398941,8.803809,0.08215,0.208,940,0.954,0.912,5555,-0.13906,246.353,254.1305022,44.3025361
K2-99 b,K2-99,Transit,2016,K2,1,2,276.5107141,11.88151954,18.24783,0.153,0.22,1184,1.44,2.55,6069,0.89927,519.229,208.7737624,-5.4424943
K2-398 c,K2-398,Transit,2022,K2,1,2,22.8,5.098,18.787839,,,,0.945,1.239,5946,0.25966,606.992,161.7349738,1.9367044
Kepler-992 b,Kepler-992,Transit,2016,Kepler,1,1,3.26,1.62,20.16034462,0.13372,0,510,0.8,0.74,4944,-0.56959,259.639,284.4304085,47.6416613
TOI-2048 b,TOI-2048,Transit,2022,Transiting Exoplanet Survey Satellite (TESS),1,1,7.32,2.61,13.79019,,0.13,646,0.83,0.79,5185,-0.38722,116.567,237.9241066,52.3063083
Kepler-1273 b,Kepler-1273,Transit,2016,Kepler,1,1,6.76,2.49,28.625653,0.1857,0,573,0.94,0.91,5566,-0.3054,1114.24,285.8032016,44.8733983
TOI-3757 b,TOI-3757,Transit,2022,Transiting Exoplanet Survey Satellite (TESS),1,1,85.3,12,3.438753,0.03845,0.14,759,0.64,0.62,3913,-1.06048,181.139,91.0036423,55.0199793
TOI-375 c,TOI-375,Radial Velocity,2026,Multiple Observatories,1,3,669.3466251,13.4,115.5,0.524,,596,1.441,2.9,5259.9,0.75997,396.213,47.1499034,-77.3833275
GJ 887 e,GJ 887,Radial Velocity,2026,Multiple Observatories,1,4,1.46,1.12,4.4249,0.0417,,544,0.495,0.468,3688,-1.43415,3.28679,346.5027573,-35.8473489
KOINTREAU-4 b,2MASS J16262785-2625152,Imaging,2026,W. M. Keck Observatory,1,1,4862.774627,12.2,,182,,,,,3252,,145.434,246.6160467,-26.4209954
AU Mic d,AU Mic,Transit Timing Variations,2023,Multiple Observatories,1,4,1.053,1.02,12.73596,,0.00305,,0.51,0.744,3678,-1.0381,9.7221,311.2911369,-31.34245
TOI-1820 b,TOI-1820,Transit,2022,Transiting Exoplanet Survey Satellite (TESS),1,1,731.0053361,12.778238,4.860674,0.061,0.043,1375,1.04,1.51,5734,0.29432,248.504,187.6867207,27.4520016
Kepler-1899 b,Kepler-1899,Transit,2021,Kepler,1,1,3.02,1.55098292,4.095779896,0.0457,0,851,0.759,0.742,4791,-0.67239,711.509,292.0333777,37.9744551
Kepler-613 b,Kepler-613,Transit,2016,Kepler,1,1,5.86,2.29,15.77979614,0.1232,0,713,0.98,0.96,5723,-0.05698,861.494,282.7868415,46.2449846
Kepler-393 b,Kepler-393,Transit,2014,Kepler,1,2,2.21,1.29,9.182417,0.091,0,1052,1.256,1.382,6189,0.52394,881.404,290.995205,45.192188
LTT 9779 b,LTT 9779,Transit,2020,Transiting Exoplanet Survey Satellite (TESS),1,1,29.32,4.72,0.792052,0.01679,0,1978,1.02,0.949,5443,-0.16749,80.4373,358.6688767,-37.6282237
Kepler-713 b,Kepler-713,Transit,2016,Kepler,1,1,6.71,2.48,7.411141,0.0748,0,905,0.98,0.99,5785,0.08457,1089.87,295.6513819,43.0297781
TOI-2570 b,TOI-2570,Transit,2022,Transiting Exoplanet Survey Satellite (TESS),1,1,260.6192937,13.64132951,2.9887615,0.04145,0,1431,1.063,1.095,5771,0.07882,361.857,87.1880397,32.0840435
K2-150 b,K2-150,Transit,2018,K2,1,1,4.66,2,10.59357,0.0727,,,0.457,0.436,3499,-1.58503,102.483,18.3443908,8.9874328
HD 20868 b,HD 20868,Radial Velocity,2008,La Silla Observatory,1,1,397.2875,13.7,380.85001,0.95,0.75,,0.39,0.76,4802,-0.529,47.7223,50.1794053,-33.72969
TOI-1452 b,TOI-1452,Transit,2022,Transiting Exoplanet Survey Satellite (TESS),2,1,4.82,1.672,11.06201,0.061,0,326,0.249,0.275,3185,-2.1549,30.5212,290.1739741,73.1951082
K2-212 b,K2-212,Transit,2018,K2,1,1,7.51,2.65,9.795647,0.0785,,542,0.622,0.678,4349,-0.90958,109.218,18.4241015,3.0970732
EPIC 228836835 b,EPIC 228836835,Transit,2021,K2,1,1,1.37,1.1,0.728113,,,932,0.418179,0.32,3782,-1.61153,150.124,189.5748998,-5.2446247
Kepler-183 c,Kepler-183,Transit,2014,Kepler,1,2,35.7,2.27,11.637071,0.103,0,857,0.99,0.958,5888,0.026,1050.64,293.5308112,39.3159329
Kepler-131 b,Kepler-131,Transit,2014,Kepler,1,2,16.13,2.41,16.092,0.12789,0,718,1.02,1.03,5685,0.02191,228.678,288.5308924,40.942373
Kepler-62 f,Kepler-62,Transit,2013,Kepler,1,5,35,1.41,267.291,0.718,0,208,0.69,0.64,4925,-0.678,300.874,283.2125621,45.3496992
Kepler-951 b,Kepler-951,Transit,2016,Kepler,2,1,26.7,5.59,71.52530845,0.3091,0,340,0.77,0.73,4834,-0.64183,382.509,287.7375794,38.1146488
HD 161178 b,HD 161178,Radial Velocity,2021,Okayama Astrophysical Observatory,1,1,181.162192,14.1,279.3,0.85,0.044,,1.06,10.95,4786,1.75097,107.188,264.2873565,72.455859
TOI-2545 b,TOI-2545,Transit,2022,Transiting Exoplanet Survey Satellite (TESS),1,1,8,2.75,7.994037,,,1022.99,1.055,1.25324,5846.29,0.21828,107.118,135.5458029,-3.4208194
Kepler-1860 b,Kepler-1860,Transit,2021,Kepler,1,1,1.55,1.13863767,12.73719978,0.10625,0,697,0.874,0.868,5420,-0.18091,438.703,294.3508497,50.0809627
TOI-3693 b,TOI-3693,Transit,2022,Transiting Exoplanet Survey Satellite (TESS),1,1,324.1849751,12.59889431,9.088516,0.0813,0,801,0.867,0.791,5321,-0.3439,176.436,15.6543938,51.3038918
Kepler-732 b,Kepler-732,Transit,2016,Kepler,1,2,5.39,2.18,9.467814048,0.0691,0,407,0.49,0.46,3631,-1.375,174.826,283.7317274,45.9585288
TOI-2193 A b,TOI-2193 A,Transit,2022,Transiting Exoplanet Survey Satellite (TESS),2,1,298.7587026,19.83989584,2.1225735,0.03319,0,1763,1.082,1.248,5966,0.25018,337.064,313.691232,-72.8046404
TOI-2207 b,TOI-2207,Transit,2022,Transiting Exoplanet Survey Satellite (TESS),1,1,203.4101805,11.1529358,8.001968,0.0854,0.174,1259,1.296,1.564,6101,0.4843,373.345,307.5966925,-44.8876181
Kepler-1040 b,Kepler-1040,Transit,2016,Kepler,1,1,4.98,2.08,201.1214,0.67249,0,300,0.98,0.96,5694,-0.04375,482.119,283.1137663,48.1312774
TOI-969 b,TOI-969,Transit,2022,Transiting Exoplanet Survey Satellite (TESS),1,2,9.1,2.765,1.8237305,0.02636,,941,0.734,0.671,4435,-0.70042,77.2554,115.1366858,2.0985879
Kepler-901 b,Kepler-901,Transit,2016,Kepler,1,1,2.45,1.37,3.517494394,0.0378,0,704,0.59,0.57,4184,-0.98404,253.867,291.1528056,40.8876814
Kepler-1487 b,Kepler-1487,Transit,2016,Kepler,1,2,5.18,2.13,7.31946363,0.0898,0,1682,1.38,1.63,6541,0.55664,1014.62,295.4980737,38.6444499
K2-396 c,K2-396,Transit,2022,K2,1,2,9.93,3.124,25.76051,,,,0.954,0.92,5236,-0.23007,274.864,74.6928607,17.2690562
TOI-5616 b,TOI-5616,Transit,2024,Transiting Exoplanet Survey Satellite (TESS),1,1,624,10.78,2.002849,0.0272,0,939,0.666,0.646,3996,-0.99268,390.415,184.9016378,48.6832895
Kepler-597 b,Kepler-597,Transit,2016,Kepler,1,1,6.21,2.37,13.02365861,0.10916,0,743,0.97,0.95,5683,-0.0334,663.418,293.4700919,39.2528182
HD 100655 b,HD 100655,Radial Velocity,2011,Bohyunsan Optical Astronomical Observatory,2,1,511.7063,13.5,157.57001,0.68,0.09,,2.28,10.06,4891,1.63347,137.178,173.7653631,20.441541
Kepler-203 b,Kepler-203,Transit,2014,Kepler,1,3,7.13,2.57,3.162697,0.043,0,1308,1.06,1.114,5821,0.0937,703.302,297.089959,41.3880686
Kepler-520 c,Kepler-520,Transit,2016,Kepler,1,2,1.24,1.07,5.21104261,0.06035,0,1107,1.1,1.09,6112,0.51032,623.901,293.1802903,41.6177408
Kepler-138 e,Kepler-138,Transit Timing Variations,2022,Multiple Observatories,1,4,0.43,0.797,38.23,0.1803,0.112,292,0.535,0.535,3841,-1.25181,66.8624,290.3814122,43.2930645
Kepler-330 b,Kepler-330,Transit,2014,Kepler,1,2,2.39,1.35,8.25978,0.075,0,714,0.848,0.722,5117,-0.44191,717.527,288.4474035,44.8017616
HD 114082 b,HD 114082,Radial Velocity,2022,La Silla Observatory,1,1,2542.627256,11.2089807,109.75,0.5109,0.395,,1.47,1.49,6651,0.5832,95.3906,197.3171237,-60.3084347
Kepler-167 c,Kepler-167,Transit,2014,Kepler,2,4,3.44,1.674,7.406106,0.0684,0,771,0.777,0.749,4884,-0.5391,341.908,292.6585253,38.3455558
HD 180902 b,HD 180902,Radial Velocity,2009,W. M. Keck Observatory,2,1,535.54355,13.5,510.9,1.4,0.107,,1.41,4.16,4961,0.97313,104.577,289.8239604,-23.5582432
Kepler-1137 b,Kepler-1137,Transit,2016,Kepler,1,1,5.48,2.2,23.9210791,0.1871,0,1020,1.5,1.84,6807,0.75429,921.778,287.1302407,48.665347
Kepler-267 c,Kepler-267,Transit,2014,Kepler,1,3,5.18,2.13,6.87745,0.06,0,484,0.541571,0.555,4258,-1.22915,264.993,299.8305655,47.1575741
HD 216520 b,HD 216520,Radial Velocity,2020,Multiple Observatories,1,2,10.26,3.18,35.45,0.198,0.09,,0.82,0.76,5103,-0.452,19.552,341.8768719,83.6975307
TOI-2421 b,TOI-2421,Transit,2022,Transiting Exoplanet Survey Satellite (TESS),1,1,105.8368595,10.36830715,4.3474032,0.0543,0,1534,1.131,1.75,5607,0.436,327.927,33.1540208,-35.3909182
Kepler-242 b,Kepler-242,Transit,2014,Kepler,1,2,7.32,2.61,8.20395,0.075,0,742,0.748,0.85,5020,-0.61267,600.241,286.5656932,41.8084168
TOI-5542 b,TOI-5542,Transit,2022,Transiting Exoplanet Survey Satellite (TESS),1,1,419.5334972,11.30986153,75.12375,0.332,0.018,441,0.89,1.058,5700,1.057,348.849,302.7984228,-61.1354659
TOI-5238 b,TOI-5238,Transit,2022,Transiting Exoplanet Survey Satellite (TESS),1,1,23.7,5.22,4.872171,,,1042,1,1.02283,5631,-0.02335,290.646,223.3588909,68.859472
Kepler-62 d,Kepler-62,Transit,2013,Kepler,1,5,14,1.95,18.16406,0.12,0,510,0.69,0.64,4925,-0.678,300.874,283.2125621,45.3496992
K2-380 b,K2-380,Transit,2022,K2,1,1,7.89,2.729,9.401312,,,,0.993,1.32,5911,0.20189,249.303,283.4346389,-26.5387308
TOI-4137 b,TOI-4137,Transit,2022,Transiting Exoplanet Survey Satellite (TESS),1,1,457.6729061,13.57407563,3.8016122,0.05222,0,1570,1.313,1.438,6202,0.43933,334.993,77.612879,70.391079
K2-213 b,K2-213,Transit,2018,K2,1,1,2.9,1.51398464,8.13087,,,,1.069596,1.20424,5794,0.24679,389.702,13.1403998,3.5077702
TOI-3629 b,TOI-3629,Transit,2022,Transiting Exoplanet Survey Satellite (TESS),1,1,82.63538582,8.29464572,3.936551,0.043,0.05,690,0.63,0.6,3870,-1.12494,130.091,359.7933851,39.3142556
DMPP-1 b,DMPP-1,Radial Velocity,2019,La Silla Observatory,1,4,16.8,4.26,17.812,0.1423,0.2,877,1.21,1.26,6196,0.31955,62.5388,86.7761233,-10.6303217
DMPP-1 c,DMPP-1,Radial Velocity,2019,La Silla Observatory,1,4,10.94,3.31,10.03,0.0973,0.22,1239,1.21,1.26,6196,0.31955,62.5388,86.7761233,-10.6303217
75 Cet c,75 Cet,Radial Velocity,2023,Okayama Astrophysical Observatory,2,2,289.8595072,13.9,2051.62,3.929,0.023,,1.92,10.38,4809,1.7145,82.9613,38.0391598,-1.0350269
Kepler-1577 b,Kepler-1577,Transit,2016,Kepler,1,1,1.51,1.13,6.30560247,0.0657,0,1125,0.78,0.74,4862,-0.60727,510.029,292.9552704,47.5730433
Kepler-656 b,Kepler-656,Transit,2016,Kepler,1,2,9.91,3.12,1.260259094,0.02231,0,1569,0.86,0.82,5281,-0.29864,890.352,288.3278778,47.381538
KOI-4978 b,KOI-4978,Transit,2024,Kepler,1,1,0.271,0.7,0.941967,,,,0.859,0.966,5050.28,-0.1769,936.341,286.5907635,38.5582993
Kepler-751 b,Kepler-751,Transit,2016,Kepler,1,1,6.62,2.46,17.44490636,0.1263,0,679,0.87,0.84,5387,-0.26401,760.43,294.8438103,44.0776872
Kepler-606 b,Kepler-606,Transit,2016,Kepler,1,1,11,3.31,24.31575992,0.17,0,683,1.13,1.22,6161,0.25434,1215.11,292.42737,44.3812406
Kepler-1575 b,Kepler-1575,Transit,2016,Kepler,1,1,2.27,1.31,2.55314213,0.0366,0,1312,0.95,0.92,5667,-0.03716,1246.92,293.7432102,45.7615507
TOI-1695 b,TOI-1695,Transit,2022,Transiting Exoplanet Survey Satellite (TESS),1,1,6.36,1.9,3.1342791,0.033548,0.097,698,0.513,0.515,3690,-1.3536,45.1309,21.9217346,72.2966148
HD 207832 b,HD 207832,Radial Velocity,2012,W. M. Keck Observatory,3,2,177.9848,14.2,160.07,0.586,0.197,,1.05,0.89,5726,-0.11,58.9291,328.1517893,-26.0271749
HD 102956 b,HD 102956,Radial Velocity,2010,W. M. Keck Observatory,2,1,305.1168,13.8,6.4947,0.0807,0.037,,1.66,4.55,4985,1.06446,121.89,177.8436988,57.6406584
TOI-700 b,TOI-700,Transit,2020,Transiting Exoplanet Survey Satellite (TESS),1,4,0.704,0.914,9.977219,0.0677,0.075,417,0.415,0.421,3459,-1.64016,31.1265,97.0957165,-65.5786149
Kepler-1490 b,Kepler-1490,Transit,2016,Kepler,1,1,9.48,3.04,92.4362973,0.3729,0,348,0.9,0.87,5515,-0.31879,862.92,295.6935734,42.6094543
TOI-2364 b,TOI-2364,Transit,2023,Transiting Exoplanet Survey Satellite (TESS),1,1,71.51139158,8.60849718,4.0197517,0.04871,0,1091,0.954,0.886,5306,-0.25181,219.614,89.1300265,-5.0120298
TOI-1260 c,TOI-1260,Transit,2021,Transiting Exoplanet Survey Satellite (TESS),1,3,13.2,2.76,7.493134,0.0657,0,651,0.679,0.672,4227,-0.88941,73.5977,157.1440712,65.8541986
TOI-1260 d,TOI-1260,Transit,2022,Transiting Exoplanet Survey Satellite (TESS),1,3,11.84,3.12,16.608164,0.1116,0,499,0.679,0.672,4227,-0.88941,73.5977,157.1440712,65.8541986
Kepler-377 b,Kepler-377,Transit,2014,Kepler,1,2,2.51,1.39,12.509529,0.109,0,875,1.043,1.224,5949,0.21756,823.804,295.4220717,38.7356737
EPIC 212499991 b,EPIC 212499991,Transit,2019,K2,1,1,3.19,1.6,34.885,,,,0.912,0.757541,4982.79,-0.4966,283.29,202.488752,-12.7347749
Kepler-227 c,Kepler-227,Transit,2014,Kepler,1,2,9.48,3.04,54.418694,0.29,0,443,0.954,1.091,5854,-0.12113,1083.06,291.9342748,48.141676
Kepler-887 b,Kepler-887,Transit,2016,Kepler,1,2,4.04,1.84,20.42228798,0.15431,0,785,1.19,1.29,6194,0.44617,886.588,290.0907893,39.8169085
GJ 3138 c,GJ 3138,Radial Velocity,2017,La Silla Observatory,1,3,4.18,1.88,5.974,0.057,0.11,,0.681,0.5,3717,-1.34679,28.4712,32.2977385,-16.3392495
TOI-2842 b,TOI-2842,Transit,2023,Transiting Exoplanet Survey Satellite (TESS),1,1,117.5965106,12.84549188,3.5514058,0.0475,0,1471,1.135,1.265,5910,0.24551,460.995,108.0442066,-10.63934
TOI-2977 b,TOI-2977,Transit,2023,Transiting Exoplanet Survey Satellite (TESS),1,1,533.9517238,13.15934334,2.3505614,0.03386,0,1544,0.936,1.073,5691,0.03703,,143.9265177,-60.3574758
TOI-2583 A b,TOI-2583 A,Transit,2023,Transiting Exoplanet Survey Satellite (TESS),2,1,79.45710175,14.4595851,4.5207265,0.0571,0,1456,1.215,1.477,5936,0.38828,566.189,272.2670293,45.3368996
Kepler-1503 b,Kepler-1503,Transit,2016,Kepler,1,1,5.77,2.27,96.16987,0.3771,0,321,0.77,0.74,5069,-0.14398,1225.57,293.7271604,42.8067119
Kepler-1781 b,Kepler-1781,Transit,2021,Kepler,1,1,6.26,2.38091029,4.88752985,0.0574,0,1003,1.053,0.957,5568,-0.36088,962.63,291.7114906,42.3415097
TOI-3023 b,TOI-3023,Transit,2023,Transiting Exoplanet Survey Satellite (TESS),1,1,197.0536123,16.43236571,3.9014971,0.0505,0,1596,1.12,1.668,5760,0.44404,389.916,165.3158231,-72.3567044
Kepler-198 d,Kepler-198,Transit,2016,Kepler,1,3,2.96,1.53,1.31184443,0.02342,0,1562,0.97,0.93,5636,-0.1089,495.358,290.6731326,38.6910045
TOI-2133 b,TOI-2133,Transit,2026,Transiting Exoplanet Survey Satellite (TESS),1,1,6.21,2.37,3.8266472,0.041,,798,0.644,0.62,4250,-0.85248,75.1973,261.2438308,32.7983974
LHS 1903 c,LHS 1903,Transit,2026,Transiting Exoplanet Survey Satellite (TESS),1,4,4.55,2.046,6.226185,0.05387,0.089,559,0.538,0.539,3664,-1.32451,35.6917,107.865826,48.3279327
HD 191939 b,HD 191939,Transit,2020,Transiting Exoplanet Survey Satellite (TESS),1,6,10,3.41,8.8803256,0.0804,0.031,880,0.81,0.94,5348,-0.18709,53.6089,302.0256247,66.8503014
HIP 948 b,HIP 948,Radial Velocity,2022,Multiple Observatories,1,1,6547.265184,12.1,24955.45756,15.037,0.23,,0.71,0.688488,4497,-0.75782,34.8523,2.9276336,-39.2304879
Kepler-1204 b,Kepler-1204,Transit,2016,Kepler,1,1,9.53,3.05,85.7350285,0.3877,0,448,1.03,1.03,5825,-0.05771,1175.22,289.4415238,42.4981476
TOI-2587 A b,TOI-2587 A,Transit,2023,Transiting Exoplanet Survey Satellite (TESS),2,1,69.28659273,12.07207221,5.45664,0.0635,0,1445,1.15,1.726,5760,0.47129,373.675,115.9317105,-1.073333
Kepler-251 e,Kepler-251,Transit,2014,Kepler,1,4,8.1,2.77,99.640161,0.404,0,360,0.891,0.89,5526,-0.17197,924.625,296.5662171,44.1058077
Kepler-547 b,Kepler-547,Transit,2016,Kepler,1,1,15.1,4,6.010384289,0.058,0,768,0.78,0.73,4828,-0.55508,378.972,286.1185888,44.3452063
Kepler-1828 b,Kepler-1828,Transit,2021,Kepler,1,1,5.13,2.11598626,10.2737999,0.0924,0,799,0.996,0.899,5806,-0.11128,871.81,292.4275963,37.3207616
Kepler-1328 b,Kepler-1328,Transit,2016,Kepler,1,1,0.904,0.98,4.52158888,0.052,0,1214,1,0.99,5780,0.2276,813.543,284.6753857,44.4177225
Kepler-874 b,Kepler-874,Transit,2016,Kepler,1,1,14.7,3.94,40.0686727,0.2234,0,560,1.09,1.13,6020,0.13758,1082.16,294.9568477,43.0142991
Kepler-164 d,Kepler-164,Transit,2014,Kepler,1,4,6.57,2.45,28.986769,0.187,0,637,1.036,1.148,5888,0.11291,890.758,287.7808115,47.6298453
Kepler-32 b,Kepler-32,Transit,2011,Kepler,1,5,1303,2.2,5.90124,0.05,0,514,0.58,0.53,3900,-1.29243,323.847,297.8423073,46.5743595
Kepler-1150 b,Kepler-1150,Transit,2016,Kepler,2,1,1.04,1.02,2.787868386,0.0382,0,1432,0.76,0.72,4754,-0.66578,358.518,296.7244553,49.5326846
ZTF J1230-2655 b,ZTF J1230-2655,Transit,2025,Zwicky Transient Facility,1,1,7024.007795,13.78704626,0.23597766,,,,0.646,0.0123,10000,-2.86,186.69,187.5689308,-26.9309608
TOI-3912 b,TOI-3912,Transit,2023,Transiting Exoplanet Survey Satellite (TESS),1,1,129.0383332,14.28024141,3.4936264,0.0463,0,1512,1.088,1.392,5725,0.27323,465.992,215.8014956,24.0765639
K2-104 b,K2-104,Transit,2016,K2,1,1,3.86,1.79,1.9741954,0.0242,0.09,798,0.51,0.48,3712,-1.43415,189.289,129.6366594,19.7737202
HD 65216 b,HD 65216,Radial Velocity,2003,La Silla Observatory,3,2,411.58985,13.6,577.6,1.301,0.27,,0.874,0.88,5612,-0.1498,35.1205,118.4209646,-63.6466892
HD 65216 c,HD 65216,Radial Velocity,2013,La Silla Observatory,3,2,645.1949,13.4,5370,5.75,0.17,,0.874,0.88,5612,-0.1498,35.1205,118.4209646,-63.6466892
Kepler-1151 b,Kepler-1151,Transit,2016,Kepler,1,1,5.56,2.22,65.6478424,0.3197,0,485,0.88,0.85,5470,-0.34196,682.436,292.2477819,47.8784257
TOI-2818 b,TOI-2818,Transit,2023,Transiting Exoplanet Survey Satellite (TESS),1,1,225.658169,15.27784069,4.039709,0.0493,0,1376,0.977,1.229,5721,0.16435,312.674,119.0598183,-35.1167104
HIP 65407 c,HIP 65407,Radial Velocity,2016,Haute-Provence Observatory,1,2,249.17872,13.9,67.3,0.316,0.12,,0.93,0.952252,5460,-0.18603,61.7804,201.087663,48.8847322
Kepler-124 c,Kepler-124,Transit,2014,Kepler,1,3,3.71,1.75,13.821375,0.1,0,560,0.706,0.636,4984,-0.46737,420.046,286.7527322,49.0648788
TOI-700 e,TOI-700,Transit,2023,Transiting Exoplanet Survey Satellite (TESS),1,4,0.818,0.953,27.80978,0.134,0.059,272.9,0.415,0.421,3459,-1.64016,31.1265,97.0957165,-65.5786149
Kepler-999 b,Kepler-999,Transit,2016,Kepler,1,1,6.08,2.34,5.991857017,0.06918,0,1355,1.29,1.65,6237,0.5381,545.063,299.6604865,46.1984679
Oph 11 b,Oph 11,Imaging,2006,Gemini Observatory,1,1,4449.62,12.3,7300000,243,,2175,0.016,0.232692,2375,-2.77,136.165592,245.604961,-24.0872219
K2-11 b,K2-11,Transit,2015,K2,1,1,44.4,7.55,39.93767,0.2257,,734,1.35,5.15,5433,-0.31039,329.309,169.0418328,1.9866832
HD 38283 b,HD 38283,Radial Velocity,2010,Anglo-Australian Telescope,1,1,127.132,14,363.20001,1.02,0.41,,1.37,1.49,5981,0.41069,38.0615,84.2605324,-73.6998131
Kepler-518 b,Kepler-518,Transit,2016,Kepler,1,1,5.1,2.11,8.512035877,0.07996,0,839,0.96,0.88,5842,-0.04002,337.901,287.090019,41.3737576
Kepler-265 d,Kepler-265,Transit,2014,Kepler,1,4,6.76,2.49,43.130617,0.236,0,554,0.97,1.103,5835,0.00548,1280.25,290.5104788,41.244743
HD 188015 b,HD 188015,Radial Velocity,2004,W. M. Keck Observatory,2,1,476.72,13.6,461.2,1.203,0.137,,1.09,1.125296,5746,0.05892,50.6706,298.0191857,28.0999769
DMPP-1 d,DMPP-1,Radial Velocity,2019,La Silla Observatory,1,4,4.72,2.02,3.1417,0.04467,0.36,1632,1.21,1.26,6196,0.31955,62.5388,86.7761233,-10.6303217
TOI-411 c,HD 22946,Transit,2022,Transiting Exoplanet Survey Satellite (TESS),1,3,9.72,2.328,9.573083,0.1017,0.16,931,1.098,1.117,6169,0.20919,62.7792,54.819538,-42.7630276
TIC 257060897 b,TIC 257060897,Transit,2021,Transiting Exoplanet Survey Satellite (TESS),1,1,201.50321,17.26183028,3.66003639,0.04922,0.039,1775,1.187,1.863,5993,0.60531,505.703,227.5321527,72.7103128
Kepler-24 e,Kepler-24,Transit,2014,Kepler,1,4,26.2118,2.78,18.998355,0.138,0,792,1.046,1.289,5897,0.064,1156.81,290.4132621,38.3437283
TOI-3807 b,TOI-3807,Transit,2023,Transiting Exoplanet Survey Satellite (TESS),1,1,330.5415433,18.49481816,2.8989727,0.0421,0,1646,1.181,1.468,5772,0.33244,421.745,139.1125648,69.0741284
HATS-54 b,HATS-54,Transit,2019,HATSouth,1,1,239.3247905,11.37711541,2.5441765,0.037,0,1429,1.05,1.23,5621,0.11461,748.585,200.6348641,-44.6888393
TOI-2525 b,TOI-2525,Transit,2023,Transiting Exoplanet Survey Satellite (TESS),1,2,26.69758619,8.67575106,23.2856,0.1511,0.17,512.97,0.849,0.785,5096,-0.44009,395.398,86.8509737,-60.5213081
TOI-4463 A b,TOI-4463 A,Transit,2023,Transiting Exoplanet Survey Satellite (TESS),2,1,252.3557552,13.26022417,2.8807198,0.04036,0,1395,1.056,1.062,5640,0.01115,173.117,279.3581286,18.7299522
Kepler-797 b,Kepler-797,Transit,2016,Kepler,1,1,5.35,2.17,27.07237711,0.181,0,605,0.96,0.95,5680,0.46974,1315.26,297.2089078,41.781645
HD 11755 b,HD 11755,Radial Velocity,2015,Bohyunsan Optical Astronomical Observatory,1,1,1789.3829,12.8,433.70001,1.09,0.19,,0.72,20.58,4312,2.16933,235.045,29.707836,73.1521372
KOI-351 b,KOI-351,Transit,2013,Kepler,1,8,2.27,1.31,7.008151,0.074,0,1062,1.2,1.2,6080,0.26853,848.254,284.4334642,49.3051239
Kepler-1793 b,Kepler-1793,Transit,2021,Kepler,1,1,13.8,3.79037518,8.779999733,0.0787,0,713,0.85,0.764,5191,-0.23389,1189.88,291.9129477,40.9539265
Kepler-309 c,Kepler-309,Transit,2014,Kepler,1,2,6.85,2.51,105.356383,0.401,0,204,0.816,0.721,4713,-0.574,544.568,297.5098911,46.9614121
HD 40307 c,HD 40307,Radial Velocity,2009,La Silla Observatory,1,5,1868.513205,,9.6184,0.0799,0.06,696,0.77,0.716684,4956,-0.639,12.9363,88.5172191,-60.0237289
HD 7199 b,HD 7199,Radial Velocity,2011,La Silla Observatory,1,1,3639.13526,,615,1.36,0.19,,0.77,0.97,5371,-0.1549,36.1531,17.6979344,-66.1886947
K2-136 d,K2-136,Transit,2017,K2,2,3,3,1.565,25.575,0.1538,0.071,420,0.742,0.677,4500,-0.7765,59.2474,67.4128615,22.8825674
GJ 251 c,GJ 251,Radial Velocity,2025,Multiple Observatories,1,2,3.88,1.8,53.647,0.196,0,216,0.35,0.36,3342,-1.80967,5.58057,103.7002499,33.2664632
K2-200 b,K2-200,Transit,2018,K2,1,1,2.43,1.3643987,2.849883,,,,0.860208,0.791736,5233,-0.4288,184.131,202.251206,-4.6100532
Kepler-922 b,Kepler-922,Transit,2016,Kepler,1,1,2.6,1.42,0.938466832,0.01795,0,1876,0.95,0.93,5671,-0.13328,536.323,284.7316084,49.533149
Kepler-1780 b,Kepler-1780,Transit,2021,Kepler,1,1,12.7,3.60600667,109.4449997,0.4276,0,340,0.868,0.868,5403,-0.2166,790.516,294.0839282,42.8095104
Kepler-509 b,Kepler-509,Transit,2016,Kepler,1,1,6.76,2.49,41.74600392,0.23702,0,584,1.1,1.2,6060,0.23291,332.443,289.664394,48.706165
GJ 649 b,GJ 649,Radial Velocity,2009,W. M. Keck Observatory,1,1,81.99972901,10.8,600.1,1.112,0.083,,0.51,0.5,3734,-1.361,10.3796,254.5363221,25.7419719
Kepler-813 b,Kepler-813,Transit,2016,Kepler,1,1,5.22,2.14,19.12947337,0.1439,0,817,0.95,0.93,5743,-0.0712,840,285.6626752,48.4353251
HD 222582 b,HD 222582,Radial Velocity,1999,W. M. Keck Observatory,2,1,2660.2371,12.6,572.38,1.34,0.73,,1.12,1.13,5790,0.11471,42.1586,355.4640788,-5.9862379
Kepler-1551 b,Kepler-1551,Transit,2016,Kepler,1,1,7.56,2.66,24.4973698,0.1772,0,722,1.14,1.22,6136,0.24402,1463.72,295.7855238,39.9078956
Kepler-1352 b,Kepler-1352,Transit,2016,Kepler,1,1,0.64,0.89,1.877882748,0.02883,0,1701,1.11,1.16,6118,0.263,670.829,290.6937988,48.7014417
Kepler-1422 b,Kepler-1422,Transit,2016,Kepler,1,1,4.74,2.02,18.6051942,0.1499,0,833,1.15,1.23,6194,0.44726,2465.84,293.8902214,48.3360926
GJ 849 c,GJ 849,Radial Velocity,2014,W. M. Keck Observatory,1,2,314.6501229,13.8,5990,4.95,0.092,,0.45,0.45,3467,-1.59,8.80058,332.4229938,-4.6408317
EPIC 206042996 b,EPIC 206042996,Transit,2019,K2,1,2,3.53,1.7,5.2986,,,,0.565,0.5,4114,-0.97996,451.769,337.5136198,-13.6101475
HD 49674 b,HD 49674,Radial Velocity,2002,W. M. Keck Observatory,1,1,31.783,6.2,4.94737,0.06,0.09,,1.03,1.02,5602,-0.02162,43.0399,102.8773483,40.8672284
Kepler-26 d,Kepler-26,Transit,2014,Kepler,1,4,1.24,1.07,3.543919,0.039,0,652,0.593,0.571,4486,-1.06048,335.307,284.9410627,46.5664505
Kepler-229 d,Kepler-229,Transit,2014,Kepler,1,3,14.2,3.85,41.194912,0.22,0,439,0.808,0.728,5120,-0.53795,826.265,286.9994758,48.3757867
HIP 70849 b,HIP 70849,Radial Velocity,2009,La Silla Observatory,2,1,1430.227832,12.9,3649,3.99,0.65,,0.65,0.633112,4105,-1.04817,24.0572,217.3270762,-46.464684
Kepler-320 c,Kepler-320,Transit,2014,Kepler,1,2,2.45,1.37,17.934937,0.142,0,1002,1.072,1.108,6435,0.37419,826.613,293.2135155,46.1751457
TOI-2338 b,TOI-2338,Transit,2023,Transiting Exoplanet Survey Satellite (TESS),1,1,1900.613874,11.2089807,22.65398,0.158,0.676,799,0.99,1.05,5581,-0.01323,313.996,81.3445824,-34.6682491
Kepler-926 b,Kepler-926,Transit,2016,Kepler,1,1,5.95,2.31,52.0688601,0.2739,0,524,1.01,1.01,5806,0.17281,921.361,289.6793396,40.7004265
Kepler-106 e,Kepler-106,Transit,2014,Kepler,1,4,11.17,2.56,43.8445,0.24006,0,531,1,1.04,5858,0.08255,444.322,300.864006,44.3375497
Kepler-402 b,Kepler-402,Transit,2014,Kepler,1,4,1.98,1.22,4.028751,0.051,0,1311,1.072,1.264,6090,0.2035,625.339,288.3701976,43.3546109
TOI-2589 b,TOI-2589,Transit,2023,Transiting Exoplanet Survey Satellite (TESS),1,1,1112.399425,12.10569916,61.6277,0.3,0.522,592,0.93,1.07,5579,-0.00436,200.273,107.4881501,-37.230948
TOI-2096 c,TOI-2096,Transit,2023,Transiting Exoplanet Survey Satellite (TESS),1,2,4.32,1.914,6.38784,0.04,0.1,349,0.231,0.235,3300,-2.22768,48.4809,151.6186989,74.8272107
Kepler-1202 b,Kepler-1202,Transit,2016,Kepler,1,1,8.96,2.94,28.6851324,0.179,0,547,1.03,1.04,5834,-0.13389,1175.38,292.290606,44.6532281
TOI-942 c,TOI-942,Transit,2020,Transiting Exoplanet Survey Satellite (TESS),1,2,37,4.67,10.156272,0.08598,0.32,,0.822,0.894,4969,-0.35853,152.601,76.6496172,-20.2456126
TOI-733 b,TOI-733,Transit,2023,Transiting Exoplanet Survey Satellite (TESS),1,1,5.72,1.992,4.884765,0.0618,0.046,1055.8,0.956,0.949,5585,-0.08619,75.2092,159.4093183,-40.888259
Kepler-1474 b,Kepler-1474,Transit,2016,Kepler,1,1,5.31,2.16,36.4333452,0.2108,0,561,1.04,1.04,5870,0.0291,1180.9,294.6940261,45.866809
Kepler-128 c,Kepler-128,Transit,2013,Kepler,1,2,3.38,1.521,22.8,0.16517,0.037,843,1.184,1.659,6072,0.57542,396.379,282.4922622,43.9802442
Kepler-1734 b,Kepler-1734,Transit,2021,Kepler,1,1,9.74,3.08851092,6.796850204,0.0714,0,985,1.05,0.97,6061,0.14406,1482.83,294.163167,41.4517316
Kepler-671 b,Kepler-671,Transit,2016,Kepler,1,1,7.7,2.69,4.280958588,0.0503,0,1012,0.97,0.95,5624,-0.08086,1168.26,294.2657519,49.3140933
Kepler-186 c,Kepler-186,Transit,2014,Kepler,1,5,2.1,1.25,7.267302,0.0451,0,464,0.478,0.472,3788,-1.385,177.594,298.652736,43.9549884
Kepler-339 b,Kepler-339,Transit,2014,Kepler,1,3,2.6,1.42,4.977656,0.055,0,1023,0.87,0.802,5631,-0.31322,616.637,293.351701,48.4445922
Kepler-102 d,Kepler-102,Transit,2014,Kepler,1,5,3,1.154,10.311767,0.08618,0.092,686,0.803,0.724,4909,-0.58436,107.796,281.4824731,47.2078263
TOI-942 b,TOI-942,Transit,2020,Transiting Exoplanet Survey Satellite (TESS),1,2,16,3.89,4.32421,0.04866,0.34,1120,0.822,0.894,4969,-0.35853,152.601,76.6496172,-20.2456126
HD 80883 b,HD 80883,Radial Velocity,2022,Multiple Observatories,1,1,1748.056239,12.8,6383.78352,6.462,0.203,,0.88,0.814842,5177.91,-0.36654,34.6011,139.9331831,-59.4780815
Kepler-777 b,Kepler-777,Transit,2016,Kepler,1,1,2.76,1.47,5.72812599,0.0519,0,569,0.58,0.56,4043,-0.96766,443.106,282.7241098,44.3465098
Kepler-83 c,Kepler-83,Transit,2012,Kepler,2,3,2.03,2.36,20.09,0.11796,0,362,0.66,0.61,4082,-1.10237,400.409,282.2325197,43.6655662
CoRoT-27 b,CoRoT-27,Transit,2014,CoRoT,1,1,3302.11,11.287,3.57532,0.0476,0.065,1500,1.05,1.08,5900,-0.16641,1010.28,278.4958319,5.5383811
K2-131 b,K2-131,Transit,2017,K2,1,1,7.9,1.69,0.3693038,0.00936,0,2223,0.803,0.7595,5120,-0.47906,152.509,182.751404,-9.7652392
K2-141 b,K2-141,Transit,2018,K2,1,2,4.97,1.51,0.2803244,0.00747,0,2103,0.708,0.681,4570,-0.75,61.8736,350.9170464,-1.1891827
K2-141 c,K2-141,Transit,2018,K2,1,2,8,7,7.7485,0.0683,0.092,695,0.708,0.681,4570,-0.75,61.8736,350.9170464,-1.1891827
Kepler-1206 b,Kepler-1206,Transit,2016,Kepler,1,1,3.33,1.64,1.216997663,0.0201,0,1314,0.8,0.75,4877,-0.61957,762.019,295.9383737,49.7911337
HD 125595 b,HD 125595,Radial Velocity,2009,La Silla Observatory,1,1,3531.073602,,9.6737,0.08,0,,0.29,0.74,4691,-0.61738,28.1989,215.3434326,-40.3942443
HD 179079 b,HD 179079,Radial Velocity,2008,W. M. Keck Observatory,1,1,4195.334972,,14.479,0.1214,0.049,,1.14,1.63,5646,0.38,69.7116,287.7903733,-2.6387703
Kepler-102 e,Kepler-102,Transit,2013,Kepler,1,5,4.7,2.17,16.1456994,0.1162,0.089,590,0.803,0.724,4909,-0.58436,107.796,281.4824731,47.2078263
Kepler-68 b,Kepler-68,Transit,2013,Kepler,2,4,8.03,2.357,5.39875259,0.06135,0.09,1275,1.057,1.2564,5847,0.23106,144.166,291.0323102,49.0402129
TOI-2152 A b,TOI-2152,Transit,2023,Transiting Exoplanet Survey Satellite (TESS),3,1,899.4543918,14.35870428,3.3773512,0.05064,0.057,1802,1.516,1.612,6630,0.65321,303.006,26.3389717,77.7901231
TOI-2154 b,TOI-2154,Transit,2023,Transiting Exoplanet Survey Satellite (TESS),1,1,292.4021344,16.28664896,3.8240801,0.0513,0.117,1580,1.233,1.396,6280,0.43457,296.46,71.0281482,84.3642652
K2-136 c,K2-136,Transit,2017,K2,2,3,18.1,3,17.30713,0.1185,0.047,470,0.742,0.677,4500,-0.7765,59.2474,67.4128615,22.8825674
Kepler-1602 b,Kepler-1602,Transit,2016,Kepler,1,1,2.36,1.34,11.17931605,0.09744,0,1159,1.22,1.36,6296,0.20142,629.804,293.5808607,40.4275396
OGLE-TR-56 b,OGLE-TR-56,Transit,2002,OGLE,1,1,441.77,15.278,1.2119189,0.02383,0,2212,1.228,1.363,6050,0.35,282.8391387,269.1479583,-29.5392222
Kepler-78 b,Kepler-78,Transit,2013,Kepler,2,1,1.68,1.201,0.35500745,0.00901,0,2223,0.779,0.7475,5058,-0.49785,124.376,293.7419543,44.4482521
K2-169 b,K2-169,Transit,2018,K2,1,1,2.16,1.27328671,6.380803,,,,0.986144,0.919053,5548,-0.16063,235.867,337.0442461,-14.5993376
Kepler-370 b,Kepler-370,Transit,2014,Kepler,1,2,3.15,1.59,4.57953,0.054,0,1040,0.982,0.9,5852,0.00609,1167.94,292.1710683,40.9162381
Kepler-1762 b,Kepler-1762,Transit,2021,Kepler,1,1,8.05,2.76022913,29.53910065,0.204,0,714,1.298,1.238,6572,0.33126,1663.74,290.4931471,39.7855117
Kepler-511 c,Kepler-511,Transit,2021,Kepler,1,2,16.5,4.20964327,26.62949944,0.17177,0,742,0.958,1.417,5866,0.49754,651.999,282.9455384,47.5749181
KOI-1843.03,Kepler-974,Transit,2013,Kepler,1,2,8,0.61,0.1768913,0.005,,1654,0.46,0.45,3584,-1.35426,134.311,285.0131082,40.2209547
K2-416 b,K2-416,Transit,2023,K2,1,1,1652.707716,2.66,13.102,0.088,,447,0.548,0.554,3746,-1.27003,120.311,349.2211822,-5.2015032
TOI-4791 b,TOI-4791,Transit,2023,Transiting Exoplanet Survey Satellite (TESS),1,1,734.1836202,12.44196858,4.28088,0.0555,0,1472,1.242,1.409,6058,0.38021,328.802,109.3883818,-19.8289392
Kepler-369 b,Kepler-369,Transit,2014,Kepler,1,2,1.51,1.13,2.732756,0.03,0,687,0.5,0.471,3591,-1.42022,214,293.6743322,47.9084727
Kepler-778 b,Kepler-778,Transit,2016,Kepler,1,1,3.46,1.68,3.75574426,0.0453,0,977,0.81,0.77,5102,-0.41318,938.168,287.4774867,44.2374702
Kepler-68 d,Kepler-68,Radial Velocity,2013,W. M. Keck Observatory,2,4,267,13.9,632.62,1.469,0.102,,1.057,1.2564,5847,0.23106,144.166,291.0323102,49.0402129
tau Cet g,tau Cet,Radial Velocity,2017,Multiple Observatories,1,3,1.75,1.18,20,0.133,0.06,,0.783,0.83,5310,-0.30539,3.60304,26.0093029,-15.9337987
tau Cet h,tau Cet,Radial Velocity,2017,Multiple Observatories,1,3,1.83,1.19,49.41,0.243,0.23,,0.783,0.83,5310,-0.30539,3.60304,26.0093029,-15.9337987
tau Cet f,tau Cet,Radial Velocity,2017,Multiple Observatories,1,3,3.93,1.81,636.13,1.334,0.16,,0.783,0.83,5310,-0.30539,3.60304,26.0093029,-15.9337987
WASP-80 b,WASP-80,Transit,2012,SuperWASP,1,1,170.99254,11.197791,3.06785234,0.0344,0.002,825,0.577,0.586,4143,-1.03998,49.7876,303.1667996,-2.1444369
TOI-2025 b,TOI-2025,Transit,2022,Transiting Exoplanet Survey Satellite (TESS),1,1,1144.182265,11.89272852,8.8720982,0.0892,0.394,1166,1.199,1.459,5977,0.38739,335.985,282.7952558,82.2454143
CoRoT-35 b,CoRoT-35,Transit,2022,CoRoT,1,1,349.6112477,18.83108758,3.22748,0.0429,0,1747,1.01,1.65,6390,0.36247,1123.21,289.3143526,-2.7747085
Kepler-878 b,Kepler-878,Transit,2016,Kepler,1,1,4.38,1.93,25.9422033,0.165,0,501,0.81,0.77,5044,-0.17433,791.625,285.2962562,46.6034497
K2-72 e,K2-72,Transit,2016,K2,1,4,2.21,1.29,24.158868,0.106,0.11,,0.271365,0.330989,3360.47,-1.83673,66.4321,334.6227504,-9.6120084
HD 25171 b,HD 25171,Radial Velocity,2010,La Silla Observatory,2,1,290.81445,13.9,1802.29,2.971,0.042,,1.076,1.23,6125,0.27646,55.6146,58.9574779,-65.1863239
TOI-2498 b,TOI-2498,Transit,2023,Transiting Exoplanet Survey Satellite (TESS),1,1,34.62,6.06,3.738252,0.0491,0.089,1443,1.12,1.26,5905,0.27089,275.265,95.4162204,11.2516477
HD 155918 c,HD 155918,Radial Velocity,2022,Multiple Observatories,1,2,1878.048057,12.8,17202.19446,13.183,0.071,,1.03,1.01906,5771.84,0.01635,27.561,260.5364025,-75.349239
Kepler-1508 b,Kepler-1508,Transit,2016,Kepler,1,1,2.33,1.33,20.7056504,0.1629,0,967,1.14,1.22,6158,0.53713,1260.28,298.1188802,40.3750316
Kepler-156 b,Kepler-156,Transit,2014,Kepler,1,2,5.9,2.3,4.973456,0.054,0,867,0.864,0.807,5094,-0.43985,443.483,290.2964214,37.7494271
HD 15906 b,HD 15906,Transit,2023,Transiting Exoplanet Survey Satellite (TESS),1,2,5.65,2.24,10.924709,0.09,0.11,668,0.79,0.762,4757,-0.56864,45.5621,38.2712534,-10.352178
Kepler-1356 b,Kepler-1356,Transit,2016,Kepler,1,1,2.96,1.53,0.634002937,0.0136,0,1714,0.82,0.78,5106,-0.4863,845.228,290.9953825,43.2438792
Kepler-1012 b,Kepler-1012,Transit,2016,Kepler,1,1,2.21,1.29,5.50860439,0.06066,0,934,0.95,0.91,5556,-0.19399,411.077,289.2962253,46.4579889
TOI-2000 c,TOI-2000,Transit,2023,Transiting Exoplanet Survey Satellite (TESS),1,2,81.7,8.14,9.127055,0.0878,0.063,1038,1.082,1.134,5611,0.05956,175.713,146.3970631,-66.6866307
Kepler-154 f,Kepler-154,Transit,2016,Kepler,1,5,2.86,1.5,9.91935684,0.08832,0,838,0.98,0.98,5769,0.03322,915.212,289.7805393,49.8965624
Kepler-1234 b,Kepler-1234,Transit,2016,Kepler,1,1,8.3,2.81,11.94014029,0.096,0,625,0.8,0.76,4967,-0.45387,916.749,287.5220359,51.3759464
TOI-4308 b,TOI-4308,Transit,2023,Transiting Exoplanet Survey Satellite (TESS),1,1,6.43,2.4189,9.151201,,,763.05,0.9,0.7934,5243,-0.36795,108.932,327.7530693,-43.5623642
TOI-5704 b,TOI-5704,Transit,2023,Transiting Exoplanet Survey Satellite (TESS),1,1,10.5,3.2274,3.771116,,,949.07,0.73,0.7575,4590,-0.63927,89.637,169.8248694,44.9890782
TOI-2000 b,TOI-2000,Transit,2023,Transiting Exoplanet Survey Satellite (TESS),1,2,11,2.7,3.09833,0.04271,0,1488,1.082,1.134,5611,0.05956,175.713,146.3970631,-66.6866307
HD 34445 e,HD 34445,Radial Velocity,2017,Multiple Observatories,1,6,16.8,4.26,49.175,0.2687,0.09,,1.07,1.38,5836,0.3032,46.0907,79.4207483,7.3527156
Kepler-384 c,Kepler-384,Transit,2014,Kepler,1,2,1.51,1.13,45.348269,0.236,0,531,0.882,0.882,5577,0.39588,895.678,286.0261113,44.7828571
Kepler-1153 b,Kepler-1153,Transit,2016,Kepler,1,1,3.64,1.73,1.755835327,0.0277,0,1343,0.91,0.88,5470,-0.28448,1119.49,289.1471849,45.86613
GJ 680 b,GJ 680,Radial Velocity,2022,Multiple Observatories,2,1,7977.493016,12,17281.66514,10.138,0.381,,0.456,0.45933,3563,-1.51379,9.67315,263.8072214,-48.6788427
Kepler-37 c,Kepler-37,Transit,2013,Kepler,1,4,1.3,0.755,21.301848,0.139,0.099,615,0.79,0.789,5357,-0.32187,63.9207,284.0592503,44.5183733
Kepler-37 b,Kepler-37,Transit,2013,Kepler,1,4,0.79,0.3098,13.36702,0.1019,0.098,718,0.79,0.789,5357,-0.32187,63.9207,284.0592503,44.5183733
TOI-778 b,TOI-778,Transit,2023,Transiting Exoplanet Survey Satellite (TESS),1,1,878,15.4,4.633611,0.06,0.21,1561,1.4,1.71,6643,0.76042,161.743,199.3338503,-15.2737046
TOI-715 b,TOI-715,Transit,2023,Transiting Exoplanet Survey Satellite (TESS),1,1,3.02,1.55,19.288004,0.083,,234,0.225,0.24,3075,-2.30899,42.4048,113.8523276,-73.5774089
Kepler-1271 b,Kepler-1271,Transit,2016,Kepler,1,1,2.79,1.48,3.0255955,0.04233,0,1484,1.13,1.23,6143,0.21871,831.991,286.3442954,37.4119347
Kepler-182 c,Kepler-182,Transit,2014,Kepler,1,2,11.6,3.43,20.684342,0.157,0,729,1.114,1.146,6250,0.34366,1549.09,289.8301128,50.5862025
HIP 48714 b,HIP 48714,Radial Velocity,2020,Multiple Observatories,1,1,22.9,5.11,17.818,0.112,0.5,,0.58,0.595456,4015.5,-1.15565,10.5298,149.0332672,62.7859505
Kepler-416 b,Kepler-416,Transit Timing Variations,2014,Kepler,1,3,58.2,2.48,6.319,0.0674,0,986,1,1.075,5718,0.02791,690.819,291.5569554,39.2272923
K2-152 b,K2-152,Transit,2018,K2,1,1,5.86,2.29,32.6479,0.1716,,337,0.63,0.61,4044,-1.06048,108.449,181.6324078,-5.8274311
Kepler-1626 b,Kepler-1626,Transit,2016,Kepler,1,1,4.74,2.02,4.13962966,0.0537,0,1352,1.51,1.85,6826,0.61079,1368.83,296.5004384,40.7212069
HD 97048 b,HD 97048,Disk Kinematics,2019,Atacama Large Millimeter Array (ALMA),1,1,794.575,13.3,,130,,,2.4,2.25,10000,1.60206,183.857,167.0133422,-77.654853
HD 4308 b,HD 4308,Radial Velocity,2005,La Silla Observatory,1,1,15.8915,4.12,15.56,0.12,0,,0.93,1.02,5686,-0.004,22.0158,11.1652594,-65.6527159
GJ 1252 b,GJ 1252,Transit,2020,Transiting Exoplanet Survey Satellite (TESS),1,1,1.32,1.193,0.5182331,0.00915,0,1089,0.381,0.391,3458,-1.70774,20.373,306.9286462,-56.4622865
Kepler-19 b,Kepler-19,Transit,2011,Kepler,1,3,6.1,2.209,9.28699,0.0846,0.41,851,0.936,0.859,5541,-0.16056,218.562,290.4209694,37.8516556
Kepler-68 c,Kepler-68,Transit,2013,Kepler,2,4,1.3,0.979,9.605027,0.09008,0.099,1052,1.057,1.2564,5847,0.23106,144.166,291.0323102,49.0402129
Kepler-580 b,Kepler-580,Transit,2016,Kepler,1,1,7.13,2.57,8.222419656,0.0683,0,558,0.67,0.64,4298,-0.89626,323.899,283.4997537,40.5528053
HD 217786 c,HD 217786,Radial Velocity,2022,Multiple Observatories,2,2,7.31005336,2.61,2.52221,0.038,0.399,,1.14,1.27,5966,0.27646,55.4847,345.7838088,-0.4303594
Kepler-219 b,Kepler-219,Transit,2014,Kepler,1,3,9.01,2.95,4.585512,0.057,0,1307,1.164,1.491,5786,0.2139,787.07,288.7389481,46.7625929
Kepler-1941 b,Kepler-1941,Transit,2021,Kepler,1,1,7.51,2.64976949,31.33510017,0.2054,0,666,1.175,1.142,6404,0.43611,1494.39,296.6270184,49.353891
K2-254 b,K2-254,Transit,2018,K2,1,2,3.29,1.63,4.09639,0.0448,,791,0.71,0.67,4629,-0.82244,227.775,185.5507926,-4.7172908
TOI-4127 b,TOI-4127,Transit,2023,Transiting Exoplanet Survey Satellite (TESS),1,1,731.0053361,12.28504285,56.39879,0.3081,0.7471,605.1,1.23,1.293,6096,0.31639,319.632,105.4045516,72.4149297
Kepler-294 b,Kepler-294,Transit,2014,Kepler,1,2,3.78,1.77,3.701212,0.048,0,1087,0.947,0.976,5913,-0.14755,1357.01,287.3920392,46.0592578
TOI-244 b,TOI-244,Transit,2023,Transiting Exoplanet Survey Satellite (TESS),1,1,2.68,1.52,7.397225,0.0559,,458,0.428,0.426,3433,-1.64264,22.0337,10.5697537,-36.7179743
Kepler-296 b,Kepler-296,Transit,2014,Kepler,2,5,3.22,1.61,10.864384,0.079,0.33,495,0.498,0.48,3740,-1.50864,167,286.5400278,49.4372614
HD 64114 b,HD 64114,Radial Velocity,2019,Las Campanas Observatory,1,1,17.8,4.41,45.791,0.246,0.12,,0.95,0.882858,5676,-0.13735,31.5262,117.982556,-11.0337221
Kepler-1947 b,Kepler-1947,Transit,2021,Kepler,1,1,1.01,1.0101666,6.963630199,0.07375,0,1298,0.984,1.686,6040,0.11057,468.771,296.1040313,42.3425818
HD 191939 c,HD 191939,Transit,2020,Transiting Exoplanet Survey Satellite (TESS),1,6,8,3.195,28.579743,0.1752,0.034,600,0.81,0.94,5348,-0.18709,53.6089,302.0256247,66.8503014
TOI-1243 b,TOI-1243,Transit,2026,Transiting Exoplanet Survey Satellite (TESS),1,1,7.7,2.33,4.6594779,,,450,0.515,0.511,3515,-1.44551,43.1865,135.7326412,71.6364158
HD 191939 d,HD 191939,Transit,2020,Transiting Exoplanet Survey Satellite (TESS),1,6,2.8,2.995,38.353037,0.2132,0.031,540,0.81,0.94,5348,-0.18709,53.6089,302.0256247,66.8503014
HD 108236 c,HD 108236,Transit,2020,Transiting Exoplanet Survey Satellite (TESS),1,5,4.94,2.071,6.203449,0.062,0.034,932,0.869,0.877,5660,-0.14997,64.5978,186.5740627,-51.3630519
HD 151450 b,HD 151450,Radial Velocity,2022,Multiple Observatories,1,2,38.45723725,6.94,21.89288,0.16,0.496,,1.14,1.17184,6091.98,0.23147,43.6002,252.0080127,-15.964345
Kepler-546 b,Kepler-546,Transit,2016,Kepler,1,1,39.1,7,4.147020258,0.0502,0,1258,1.11,1.15,5967,0.27057,1019.65,283.257573,40.9904095
NGTS-16 b,NGTS-16,Transit,2021,Next-Generation Transit Survey (NGTS),1,1,211.9915475,14.57167491,4.84532,0.0523,0,1177,1.002,1.213,5550,0.11732,898.168,58.2639299,-30.8046405
K2-6 b,K2-6,Transit,2015,K2,1,1,6.8,2.5,30.94191,0.1898,,615,0.97,0.96,5850,-0.12006,316.819,178.1921152,-1.1984418
Kepler-497 b,Kepler-497,Transit,2016,Kepler,1,1,30.4,6.04,3.573203671,0.0457,0,1210,1.09,1.11,5834,0.25216,1291.98,290.7659557,38.9279468
Kepler-971 b,Kepler-971,Transit,2016,Kepler,1,1,5.18,2.13,9.59070716,0.08679,0,1087,0.88,0.85,5431,-0.29873,338.522,284.0945699,41.1828131
Kepler-452 b,Kepler-452,Transit,2015,Kepler,1,1,3.29,1.63,384.843,1.046,0,265,1.037,1.11,5757,0.08448,551.727,296.003752,44.2775861
Kepler-553 b,Kepler-553,Transit,2016,Kepler,1,2,116.0073686,4.74139884,4.030467,0.04766,0,1089,0.889,0.902,5191,-0.27084,728.525,298.5508922,48.3325405
Kepler-1791 b,Kepler-1791,Transit,2021,Kepler,1,1,9.91,3.12103321,7.720860004,0.0761,0,1021,0.985,1.177,5887,0.176,602.218,284.4903166,42.6482636
Kepler-399 d,Kepler-399,Transit,2014,Kepler,1,3,4.23,1.89,58.034616,0.261,0,486,0.902,0.68,5502,-0.418,740.537,299.5017242,40.6707669
Kepler-1355 b,Kepler-1355,Transit,2016,Kepler,1,1,2.73,1.46,1.289588112,0.0224,0,1448,0.88,0.83,5352,-0.32922,911.269,283.7414249,49.0679833
Kepler-83 b,Kepler-83,Transit,2012,Kepler,2,3,2.94,2.83,9.77,0.07295,0,460,0.66,0.61,4082,-1.10237,400.409,282.2325197,43.6655662
Kepler-1827 b,Kepler-1827,Transit,2021,Kepler,1,1,4.1,1.85644292,3.700619936,0.04647,0,1329,0.915,1.404,5423,0.187,686.461,292.2525301,40.7927895
Kepler-1886 b,Kepler-1886,Transit,2021,Kepler,1,1,7.18,2.58158428,24.2758007,0.16,0,580,0.928,0.837,5745,-0.16101,1059.51,296.2645118,39.4059745
Kepler-102 f,Kepler-102,Transit,2014,Kepler,1,5,4.3,0.861,27.453592,0.1656,0.1,495,0.803,0.724,4909,-0.58436,107.796,281.4824731,47.2078263
Kepler-102 b,Kepler-102,Transit,2014,Kepler,1,5,1.1,0.46,5.286965,0.05521,0.1,857,0.803,0.724,4909,-0.58436,107.796,281.4824731,47.2078263
Kepler-1467 b,Kepler-1467,Transit,2016,Kepler,1,1,10.9,3.3,47.0569043,0.2388,0,411,0.86,0.82,5332,-0.35052,852.888,295.0485389,45.3426781
TOI-139 b,TOI-139,Transit,2023,Transiting Exoplanet Survey Satellite (TESS),1,1,6.6,2.4566,11.07085,,,561.17,0.69,0.7007,4570,-0.77842,42.4061,336.4024144,-34.9097131
Kepler-204 b,Kepler-204,Transit,2014,Kepler,1,2,6.94,2.53,14.400974,0.117,0,828,1.038,1.238,5812,0.02981,686.723,285.347162,41.761845
HIP 5158 b,HIP 5158,Radial Velocity,2009,La Silla Observatory,1,2,451,13.6,345.72,0.89,0.52,,0.78,0.75,4962,-0.95861,51.6026,16.5094891,-22.4536134
Kepler-1311 c,Kepler-1311,Transit,2016,Kepler,1,3,1.98,1.22,2.53573424,0.03753,0,1671,1.05,1.4,5748,0.47186,866.331,289.6512597,43.8244445
TOI-908 b,TOI-908,Transit,2023,Transiting Exoplanet Survey Satellite (TESS),1,1,16.137,3.186,3.183792,0.041657,0.132,1317,0.95,1.028,5626,-0.03953,175.748,53.1594266,-81.250745
Kepler-366 c,Kepler-366,Transit,2014,Kepler,1,2,3.86,1.79,12.51616,0.11,0,848,1.088,1.048,6209,0.57277,1856.28,296.8520316,49.0844359
HD 136118 b,HD 136118,Radial Velocity,2022,Multiple Observatories,1,1,4164.187789,12.3,1187.59765,2.327,0.344,,1.18,1.67754,6097,0.56868,51.4359,229.7306046,-1.5922913
Kepler-283 b,Kepler-283,Transit,2014,Kepler,1,2,5.18,2.13,11.008151,0.082,0,488,0.596,0.566,4351,-0.98297,468.094,293.6137413,47.838938
GJ 357 b,GJ 357,Transit,2019,Transiting Exoplanet Survey Satellite (TESS),1,3,1.84,1.2,3.9306,0.036,,518,0.342,0.337,3505,-1.79833,9.44181,144.0074644,-21.6650634
TOI-1052 c,TOI-1052,Radial Velocity,2023,Multiple Observatories,1,2,34.3,6.48,35.806,0.2263,0.237,719,1.204,1.264,6146,0.38373,129.804,337.5102738,-75.6465606
Kepler-185 c,Kepler-185,Transit,2014,Kepler,1,2,4.74,2.02,20.729042,0.139,0,530,0.763,0.806,5208,-0.50448,466.735,282.4681674,43.8899464
Kepler-1999 b,Kepler-1999,Transit,2023,Kepler,1,1,10.8,3.29,8.7396758,0.0713,0,577,0.632,0.628,4406,-0.77323,701.255,282.3705675,48.259234
Kepler-1285 b,Kepler-1285,Transit,2016,Kepler,1,1,0.871,0.97,14.7967458,0.12758,0,874,1.2,1.28,6170,0.48088,422.269,281.8353366,44.1558825
TOI-470 b,TOI-470,Transit,2023,Transiting Exoplanet Survey Satellite (TESS),1,1,17.4,4.34,12.19148,0.119,,660,0.87,0.831,5190,-0.35799,130.46,94.0099043,-25.0314111
Kepler-1003 b,Kepler-1003,Transit,2016,Kepler,1,1,3.82,1.78,3.554856915,0.04333,0,1157,1.11,1.17,6109,0.28151,941.902,292.0204349,44.8762427
Kepler-213 b,Kepler-213,Transit,2014,Kepler,1,2,3.26,1.62,2.46236,0.036,0,1326,1.07,1.195,5696,0.082,634.939,290.8241931,44.6472832
Kepler-112 b,Kepler-112,Transit,2014,Kepler,1,2,6.17,2.36,8.408878,0.076,0,809,0.782,0.841,5544,-0.08612,513.206,296.9811361,43.2097025
TOI-2095 b,TOI-2095,Transit,2023,Transiting Exoplanet Survey Satellite (TESS),1,2,4.1,1.25,17.66484,0.101,0,347,0.44,0.44,3759,-1.45892,41.9176,285.6365235,75.4185135
Kepler-1038 c,Kepler-1038,Transit,2021,Kepler,1,2,2.59,1.4162338,7.127659798,0.0692,0,784,0.868,0.821,5159,-0.362,584.136,298.9721472,44.1323499
HD 109271 c,HD 109271,Radial Velocity,2013,La Silla Observatory,1,2,24.154,5.27,30.93,0.196,0.15,,1.047,1.294595,5783,0.301,55.8716,188.397397,-11.6215204
TOI-5293 A b,TOI-5293 A,Transit,2023,Transiting Exoplanet Survey Satellite (TESS),2,1,170.4,11.9,2.930289,0.034,0.38,675,0.54,0.52,3586,-1.37414,162.229,355.828682,-2.0450945
Kepler-26 e,Kepler-26,Transit,2014,Kepler,1,4,6.39,2.41,46.827915,0.22,0,276,0.593,0.571,4486,-1.06048,335.307,284.9410627,46.5664505
Kepler-1731 b,Kepler-1731,Transit,2021,Kepler,1,1,8.92,2.93295657,21.76129913,0.1399,0,486,0.781,0.72,4859,-0.59961,169.948,291.2544229,36.7434302
TOI-622 b,TOI-622,Transit,2023,Transiting Exoplanet Survey Satellite (TESS),1,1,96.30200732,9.2362001,6.402513,0.0708,0.42,1388,1.313,1.415,6400,0.47407,123.297,125.3050544,-46.4842959
Kepler-169 b,Kepler-169,Transit,2014,Kepler,1,5,1.51,1.13,3.250619,0.04,0,962,0.825,0.763,4997,-0.49611,406.529,285.9999204,40.9193822
Kepler-239 b,Kepler-239,Transit,2014,Kepler,1,2,6.04,2.33,11.763051,0.095,0,616,0.757,0.763,4914,-0.47489,648.109,294.2020505,40.6633313
Kepler-1812 b,Kepler-1812,Transit,2021,Kepler,1,1,6.01,2.3249424,7.165219784,0.0765,0,1034,1.162,1.103,6174,0.27988,1409.19,298.0845087,40.2832525
Kepler-738 b,Kepler-738,Transit,2016,Kepler,1,1,6.8,2.5,24.58721573,0.1552,0,530,0.86,0.82,5327,-0.21263,1113.65,287.5696516,46.5679011
Kepler-1778 b,Kepler-1778,Transit,2021,Kepler,1,1,9.36,3.01665969,10.08740044,0.0956,0,942,1.143,1.095,6310,0.0978,1276.29,287.3612976,43.7388
Kepler-1005 b,Kepler-1005,Transit,2016,Kepler,1,1,2.86,1.5,6.49801525,0.06717,0,1026,1,1.06,5782,0.1356,567.806,286.2858998,43.3205085
Kepler-617 b,Kepler-617,Transit,2016,Kepler,1,1,2.3,1.32,1.682696148,0.0219,0,750,0.51,0.48,3712,-1.30507,173.354,283.7407247,47.5161237
Kepler-371 c,Kepler-371,Transit,2014,Kepler,1,2,3.82,1.78,67.968015,0.313,0,443,0.876,0.992,5666,0.24392,813.192,292.3264835,38.6575441
Kepler-211 b,Kepler-211,Transit,2014,Kepler,1,2,2.13,1.26,4.138575,0.048,0,954,0.867,0.816,5123,-0.4133,309.353,285.4391183,43.1685051
HD 25912 b,HD 25912,Radial Velocity,2022,Multiple Observatories,1,2,38.13940884,6.9,41.83156,0.242,0.05,,1.08,0.995896,5920.58,0.04058,49.1661,60.9074988,-51.9315058
TOI-4010 b,TOI-4010,Transit,2023,Transiting Exoplanet Survey Satellite (TESS),1,4,11,3.02,1.348335,0.0229,0.03,1441,0.88,0.83,4960,-0.3996,177.504,20.2148196,66.0722009
GJ 367 b,GJ 367,Transit,2021,Transiting Exoplanet Survey Satellite (TESS),1,3,0.633,0.699,0.3219225,0.00709,0.06,1365,0.455,0.458,3522,-1.5391,9.41263,146.121464,-45.7790165
TOI-2641 b,TOI-2641,Transit,2023,Transiting Exoplanet Survey Satellite (TESS),1,1,122.6817651,18.10250383,4.880974,0.0607,0.18,1387,1.16,1.336,6100,0.34044,344.045,171.1303716,-42.7321394
GJ 367 c,GJ 367,Radial Velocity,2023,La Silla Observatory,1,3,4.13,1.86,11.5301,,0.09,,0.455,0.458,3522,-1.5391,9.41263,146.121464,-45.7790165
HD 284149 AB b,HD 284149 A,Imaging,2017,Paranal Observatory,2,1,8352.530536,12,,431.16,,2395,1.13,1.36,6035,0.34242,117.807,61.6616887,20.3030344
Kepler-925 b,Kepler-925,Transit,2016,Kepler,1,1,6.08,2.34,33.8678531,0.1805,0,394,0.77,0.72,4673,-0.68406,611.115,290.1065581,40.4906242
Kepler-54 c,Kepler-54,Transit,2012,Kepler,1,3,0.7,1.23,12.0717249,0.0809,0,395,0.51,0.5,3705,-1.30103,271.701,294.7739245,43.0561976
HD 210193 b,HD 210193,Radial Velocity,2019,Las Campanas Observatory,1,1,153.1,14.3,649.918,1.487,0.24,,1.04,1.05971,5790,0.05578,42.2029,332.3951324,-41.225205
HIP 54597 b,HIP 54597,Radial Velocity,2023,La Silla Observatory,1,1,762.7881768,13.3,3274,4,0.03,,0.8,0.66,4799,-0.68194,39.7429,167.6082179,-29.4143018
TOI-1235 b,TOI-1235,Transit,2020,Transiting Exoplanet Survey Satellite (TESS),1,1,6.69,1.69,3.444714,0.03845,0.049,775,0.63,0.619,3997,-1.05404,39.6345,152.2182549,69.2766204
TOI-4010 e,TOI-4010,Radial Velocity,2023,Roque de los Muchachos Observatory,1,4,692,13.3,762,1.57,0.26,174,0.88,0.83,4960,-0.3996,177.504,20.2148196,66.0722009
TOI-1680 b,TOI-1680,Transit,2023,Transiting Exoplanet Survey Satellite (TESS),1,1,2.75,1.466,4.8026345,0.03144,,404,0.1798,0.2106,3225,-2.36251,37.2209,292.313979,65.9738018
WASP-84 b,WASP-84,Transit,2014,SuperWASP,1,2,220,10.72,8.52349648,0.0778,0,732,0.853,0.768,5280,-0.325,100.588,131.1069959,1.8598933
Kepler-801 b,Kepler-801,Transit,2016,Kepler,1,1,4.66,2,11.41928253,0.0795,0,419,0.67,0.63,4435,-0.79815,440.426,286.0751815,44.6646277
Kepler-750 c,Kepler-750,Transit,2016,Kepler,1,2,3.26,1.62,4.08899022,0.05009,0,1537,1.15,1.23,6160,0.34371,1296.02,289.0968274,44.004364
TOI-2018 b,TOI-2018,Transit,2023,Transiting Exoplanet Survey Satellite (TESS),1,1,9.2,2.268,7.435583,,0,576.34,0.57,0.62,4174,-1,27.9956,229.8374423,29.2078771
K2-222 b,K2-222,Transit,2018,K2,1,1,7.5,2.275,15.3889274,0.1186,0.021,803,0.94,1.072,5942,0.1271,101.321,16.4625203,11.7537171
K2-263 b,K2-263,Transit,2018,K2,1,1,15.4,2.513,50.819172,0.2573,0.08,482,0.88,0.85,5368,-0.25964,162.481,129.6821253,15.6806039
HR 8799 b,HR 8799,Imaging,2008,Gemini Observatory,1,4,2000,13,170000,68,,1200,1.5,1.49338,7204.58,0.69197,41.2441,346.8701486,21.1340376
HR 8799 c,HR 8799,Imaging,2008,Gemini Observatory,1,4,3000,13,69000,38,0.5,1200,1.5,1.49338,7204.58,0.69197,41.2441,346.8701486,21.1340376
HR 8799 d,HR 8799,Imaging,2008,W. M. Keck Observatory,1,4,3000,13,37000,24,0.6,1300,1.5,1.49338,7204.58,0.69197,41.2441,346.8701486,21.1340376
HR 8799 e,HR 8799,Imaging,2010,W. M. Keck Observatory,1,4,3178.3,13.11453,20815.6,16.4,0.15,1150,1.51,1.49338,7400,0.73347,41.2441,346.8701486,21.1340376
MOA-2007-BLG-192L b,MOA-2007-BLG-192L,Microlensing,2008,MOA,1,1,12.49,3.58,,2.02,,,0.28,,,,2160,272.0158333,-27.150075
EPIC 220674823 b,EPIC 220674823,Transit,2016,K2,1,2,7.54,1.606,0.57130782,0.0132,0,2324,0.913,0.99,5578,-0.11919,244.59,13.0800239,10.7947051
EPIC 220674823 c,EPIC 220674823,Transit,2016,K2,1,2,7.9,2.712,13.340603,0.1078,0.18,838,0.913,0.99,5578,-0.11919,244.59,13.0800239,10.7947051
LHS 3844 b,LHS 3844,Transit,2019,Transiting Exoplanet Survey Satellite (TESS),1,1,2.37,1.286,0.462929709,0.00624,0,816,0.151,0.189,3080,-2.56543,14.8846,340.4962038,-69.1721081
LP 791-18 b,LP 791-18,Transit,2019,Transiting Exoplanet Survey Satellite (TESS),1,3,1.94,1.212,0.9479981,0.00978,0,564.3,0.139,0.182,2960,-2.63827,26.4927,165.6904843,-16.4064445
LP 791-18 c,LP 791-18,Transit,2019,Transiting Exoplanet Survey Satellite (TESS),1,3,7.16,2.488,4.98991,0.02961,0.0001,324.4,0.139,0.182,2960,-2.63827,26.4927,165.6904843,-16.4064445
K2-111 c,K2-111,Radial Velocity,2020,Multiple Observatories,1,2,11.1,3.34,15.6748,0.11565,0.069,923,0.84,1.25,5775,0.27875,200.394,59.8903081,21.2985263
TOI-1333 b,TOI-1333,Transit,2021,Transiting Exoplanet Survey Satellite (TESS),2,1,753.2571,15.647764,4.720219,0.0626,0.073,1679,1.464,1.925,6274,0.71349,200.492,325.0145363,48.4067674
TOI-1634 b,TOI-1634,Transit,2021,Transiting Exoplanet Survey Satellite (TESS),2,2,4.9,1.759,0.98934551,0.01544,0,900,0.502,0.45,3550,-1.5391,35.2736,56.3906096,37.1122803
LP 791-18 d,LP 791-18,Transit,2023,Spitzer Space Telescope,1,3,0.91,1.032,2.75485,0.01992,0.0011,395.5,0.139,0.182,2960,-2.63827,26.4927,165.6904843,-16.4064445
TOI-1634 c,TOI-1634,Radial Velocity,2022,Multiple Observatories,2,2,,,103,,0,,0.451,0.45,3472,-1.5784,35.2736,56.3906096,37.1122803
Kepler-51 e,Kepler-51,Transit Timing Variations,2024,Multiple Observatories,1,4,5.4,2.18,264.284,,0.02,,0.96,0.87,5674,-0.1417,783.831,296.4797624,49.9376486
Kepler-51 d,Kepler-51,Transit,2014,Kepler,1,4,7.6,9.7,130.194,0.509,0.008,381,1.04,0.94,6018,-0.1417,783.831,296.4797624,49.9376486
Kepler-51 c,Kepler-51,Transit,2012,Kepler,1,4,4,9,85.312,0.384,0.014,439,1.04,0.94,6018,-0.1417,783.831,296.4797624,49.9376486
Kepler-51 b,Kepler-51,Transit,2012,Kepler,1,4,2.1,7.1,45.154,0.2514,0.04,543,1.04,0.94,6018,-0.1417,783.831,296.4797624,49.9376486
K2-79 b,K2-79,Transit,2016,K2,1,1,5.9,4.15,10.995039,0.0987,0.032,1033,1.06,1.269,5897,0.24551,256.011,55.2559307,13.5191871
K2-111 b,K2-111,Transit,2017,K2,1,2,5.35,1.837,5.3518963,0.0565,0.134,1293,0.84,1.25,5775,0.27875,200.394,59.8903081,21.2985263
Kepler-117 b,Kepler-117,Transit,2014,Kepler,1,2,29.875,8.059,18.7959228,0.1445,0.0493,984,1.129,1.606,6150,0.53776,1455.57,288.7930651,48.040176
Kepler-1724 b,Kepler-1724,Transit,2021,Kepler,1,1,8.43,2.83677238,6.45442009,0.0683,0,999,1.016,0.943,6092,0.05537,1060.77,296.1207272,47.9214736
GJ 180 d,GJ 180,Radial Velocity,2020,Multiple Facilities,1,3,7.56,2.66,106.3,0.309,0.14,,0.43,0.413049,3371,-1.88606,11.9407,73.460097,-17.776194
Kepler-139 f,Kepler-139,Transit Timing Variations,2025,Multiple Observatories,1,5,36,6.67,355,,,,1.078,1.045,5630,0.01598,391.038,282.3919451,43.8894167
Kepler-34 b,Kepler-34,Transit,2011,Kepler,2,1,69.92,8.564,288.822,1.0896,0.182,,1.0479,1.1618,5913,0.173,1800.82,296.4358022,44.6415369
MOA-2011-BLG-291L b,MOA-2011-BLG-291L,Microlensing,2018,MOA,1,1,18,4.43,,0.69,,,0.15,,,,4400,268.867889,-29.1706657
OGLE-2019-BLG-0468L b,OGLE-2019-BLG-0468L,Microlensing,2022,OGLE,1,2,1090.151436,13.1,,3.29,,,0.92,,,,4400,266.406,-24.4472778
OGLE-2019-BLG-0960L b,OGLE-2019-BLG-0960L,Microlensing,2021,OGLE,1,1,2.5,1.39,,1.9,,,0.5,,,,980,274.0142917,-25.7746667
KMT-2024-BLG-0404L c,KMT-2024-BLG-0404L,Microlensing,2025,KMTNet,1,2,17.3,4.33,,,,,0.09,,,,7210,271.1470833,-27.9535
OGLE-2017-BLG-1375L b,OGLE-2017-BLG-1375L,Microlensing,2020,OGLE,1,1,3585,12.4,,3.04,,,0.81,,,,3930,269.154875,-30.3114167
Kepler-126 c,Kepler-126,Transit,2014,Kepler,1,3,1.27942148,1.58,21.869741,0.162,0.19,790,1.108,1.358,6239,0.452,237.401,289.3473634,44.2084445
TOI-1052 b,TOI-1052,Transit,2023,Transiting Exoplanet Survey Satellite (TESS),1,2,16.9,2.87,9.139703,0.09103,0.18,1135,1.204,1.264,6146,0.38373,129.804,337.5102738,-75.6465606
Kepler-1455 b,Kepler-1455,Transit,2016,Kepler,1,1,5.31,2.16,49.276764,0.2149,0,298,0.62,0.6,4075,-1.14066,357.621,294.0830662,50.5027572
Kepler-998 b,Kepler-998,Transit,2016,Kepler,1,1,5.99,2.32,5.65377733,0.0626,0,1020,1.12,1.18,6058,0.1929,986.364,296.7541629,49.2087085
WASP-84 c,WASP-84,Transit,2023,Transiting Exoplanet Survey Satellite (TESS),1,2,15.2,1.95,1.4468849,0.02359,,1329,0.853,0.768,5280,-0.325,100.588,131.1069959,1.8598933
eps CrB b,eps CrB,Radial Velocity,2012,Bohyunsan Optical Astronomical Observatory,1,1,2129.461,12.7,417.9,1.3,0.11,,1.7,21,4406,2.23521,69.8683,239.3965057,26.8776171
GJ 685 b,GJ 685,Radial Velocity,2019,Roque de los Muchachos Observatory,1,1,9,2.95,24.16,0.1344,0,,0.55,0.54,3816,-1.253,14.3155,263.8960378,61.6793482
TOI-4010 c,TOI-4010,Transit,2023,Transiting Exoplanet Survey Satellite (TESS),1,4,20.31,5.93,5.414654,0.058,0.03,907,0.88,0.83,4960,-0.3996,177.504,20.2148196,66.0722009
K2-3 c,K2-3,Transit,2015,K2,1,3,2.68,1.582,24.646729,0.1357,0.048,371.8,0.549,0.546,3844,-1.23136,44.0727,172.3353708,-1.4551364
K2-3 d,K2-3,Transit,2015,K2,1,3,2.2,1.458,44.55603,0.2014,0.091,305.2,0.549,0.546,3844,-1.23136,44.0727,172.3353708,-1.4551364
Kepler-733 b,Kepler-733,Transit,2016,Kepler,1,1,8.35,2.82,20.83424726,0.1483,0,595,0.9,0.86,5418,-0.29785,916.706,293.0181882,45.9147063
KMT-2017-BLG-1057L b,KMT-2017-BLG-1057L,Microlensing,2024,KMTNet,1,1,23.5,5.19,,2.36,,,0.57,,,,6500,265.486,-22.3351111
OGLE-2019-BLG-0362L b,OGLE-2019-BLG-0362L,Microlensing,2022,OGLE,1,1,1036.120607,13.1,,2.18,,,0.42,,,,5830,263.46525,-24.8103611
Kepler-1451 b,Kepler-1451,Transit,2016,Kepler,1,1,11.2,3.35,35.622233,0.2101,0,523,1,0.99,5782,-0.11938,1058.72,293.4464227,40.4098813
Kepler-108 c,Kepler-108,Transit,2014,Kepler,2,2,50.9,8.18,190.323494,0.721,0.04,426,1.247,2.192,5854,0.707,338.732,294.5589885,46.0623952
KMT-2019-BLG-1339L b,KMT-2019-BLG-1339L,Microlensing,2020,KMTNet,1,1,397,13.7,,2.15,,,0.48,,,,6120,265.743417,-25.5739167
Kepler-397 b,Kepler-397,Transit,2014,Kepler,1,2,6.62,2.46,22.250949,0.144,0,539,0.844,0.767,5307,-0.376,969,295.8940373,42.3805156
OGLE-2003-BLG-235L b,OGLE-2003-BLG-235L,Microlensing,2004,OGLE,1,1,830,13.2,,4.3,,,0.63,,,,5800,271.318125,-28.895
OGLE-2012-BLG-0358L b,OGLE-2012-BLG-0358L,Microlensing,2013,OGLE,1,1,588,13.4,,0.87,,,0.022,,,,1760,265.694875,-24.261
OGLE-2015-BLG-1609L b,OGLE-2015-BLG-1609L,Microlensing,2025,OGLE,1,1,76.27881768,10.4,,,,,0.17,,,,3300,270.8237917,-26.9071111
KMT-2021-BLG-1077L c,KMT-2021-BLG-1077L,Microlensing,2022,KMTNet,1,2,79.45710175,10.6,,0.93,,,0.14,,,,8240,266.489125,-33.8428111
TOI-5344 b,TOI-5344,Transit,2023,Transiting Exoplanet Survey Satellite (TESS),1,1,130.9453037,10.60369574,3.792622,0.04041,0.054,689,0.612,0.588,3747,-1.21254,138.367,63.2662165,20.9151568
HD 11964 b,HD 11964,Radial Velocity,2005,W. M. Keck Observatory,2,2,198,14.1,1945,3.16,0.041,,0.91,2.00971,5303,0.45905,33.5369,29.2884252,-10.2434693
HD 132406 b,HD 132406,Radial Velocity,2007,Haute-Provence Observatory,1,1,1887.900738,12.8,908,1.98,0.25,,0.973,1.34,5766,0.25996,70.7832,224.2276121,53.3809615
DMPP-3 A b,DMPP-3 A,Radial Velocity,2019,La Silla Observatory,2,1,2.67,1.44,5.59,0.05958,0.42,854,0.9,0.91,5138,-0.29513,46.8917,91.6243532,-72.5143057
DMPP-2 b,DMPP-2,Radial Velocity,2019,Multiple Facilities,1,3,171.48,14.2,5.203,0.06638,0.06,1000,1.41,1.78,6500,0.1038,137.94,27.407731,-34.4590985
TOI-1801 b,TOI-1801,Transit,2023,Transiting Exoplanet Survey Satellite (TESS),2,1,5.738,2.079,10.64387,0.075,0,493.7,0.556,0.547,3863,-1.23003,30.6796,175.5755995,23.0270335
Kepler-52 d,Kepler-52,Transit,2014,Kepler,1,3,88.8775,1.95,36.445171,0.182,0,332,0.577,0.556,4263,-0.99568,321.542,286.7380152,49.9757383
TOI-1853 b,TOI-1853,Transit,2023,Transiting Exoplanet Survey Satellite (TESS),1,1,73.2,3.46,1.2436258,0.0213,0.03,1479,0.837,0.808,4985,-0.43227,165.105,211.4593468,16.9923703
LHS 475 b,LHS 475,Transit,2023,Transiting Exoplanet Survey Satellite (TESS),1,1,0.941,0.991,2.029088,0.02037,0,586,0.262,0.2789,3300,-2.06449,12.4814,290.2379403,-82.5597883
Kepler-756 b,Kepler-756,Transit,2016,Kepler,1,1,1.46,1.12,1.224866322,0.0219,0,1741,0.82,0.79,5282,-0.358,852,290.6079736,41.201094
EPIC 229004835 b,EPIC 229004835,Transit,2023,K2,1,1,10.4,2.332,16.141132,0.1237,0.23,804,0.97,0.999,5868,0.02989,121.971,186.4860415,-1.4047214
Kepler-1286 b,Kepler-1286,Transit,2016,Kepler,1,1,5.27,2.15,11.25402929,0.0991,0,888,1,0.98,5753,0.12822,1354.46,280.2583709,43.8357433
OGLE-2019-BLG-1492L b,OGLE-2019-BLG-1492L,Microlensing,2022,OGLE,1,1,37.1,6.79,,2.7,,,0.68,,,,5600,270.0964583,-28.6311389
Kepler-132 c,Kepler-132,Transit,2014,Kepler,2,4,2.18,1.28,6.414914,0.068,0,1069,0.929,1.178,6003,0.211,349.549,283.23581,41.343037
OGLE-2016-BLG-0263L b,OGLE-2016-BLG-0263L,Microlensing,2017,OGLE,1,1,1300,13,,5.4,,,0.13,,,,6500,269.895416,-31.8186111
OGLE-2017-BLG-0364L b,OGLE-2017-BLG-0364L,Microlensing,2024,OGLE,1,1,75.8,10.3,,3.79,,,0.49,,,,7860,265.227875,-34.6175833
UKIRT-2017-BLG-001L b,UKIRT-2017-BLG-001L,Microlensing,2018,Mauna Kea Observatory,1,1,407,13.7,,4.18,,,0.81,,,,6300,266.654083,-29.2113609
OGLE-2018-BLG-1126L b,OGLE-2018-BLG-1126L,Microlensing,2022,KMTNet,1,1,17.79839079,4.41,,3.23,,,0.69,,,,5700,268.355875,-31.7247194
KMT-2019-BLG-0298L b,KMT-2019-BLG-0298L,Microlensing,2023,KMTNet,1,1,575.2694167,13.4,,5.67,,,0.7,,,,6710,264.878,-27.6381389
Kepler-1430 b,Kepler-1430,Transit,2016,Kepler,1,1,1.76,1.18,2.46050993,0.0304,0,969,0.77,0.72,4796,-0.81553,875.523,289.6975391,43.3719581
Kepler-924 b,Kepler-924,Transit,2016,Kepler,1,1,9.64,3.07,61.0370117,0.31318,0,610,1.14,1.23,6167,0.31382,1053.04,290.6685136,40.3977086
K2-73 b,K2-73,Transit,2016,K2,1,2,9.2,2.58,7.49556,0.07619,,968,1.02,1.058,5867,0.07609,269.183,335.025662,-9.0560881
pi Men c,HD 39091,Transit,2018,Transiting Exoplanet Survey Satellite (TESS),1,3,3.63,2.0189,6.2678399,0.06839,0,1169.8,1.07,1.17,5998,0.15836,18.2702,84.2992798,-80.4646041
HIP 38594 b,HIP 38594,Radial Velocity,2020,Multiple Observatories,2,2,8.1,2.77,60.722,0.256,0.17,,0.61,0.626646,4086.3,-1.06243,17.7886,118.5439118,-25.3023073
Kepler-1903 b,Kepler-1903,Transit,2021,Kepler,1,1,5.85,2.28642395,17.0678997,0.1321,0,769,1.053,0.996,6347,0.29209,1775.44,290.8882981,51.2481617
TOI-5126 c,TOI-5126,Transit,2023,Transiting Exoplanet Survey Satellite (TESS),1,2,14.2,3.86,17.8999,0.1439,0,971,1.24,1.241,6150,0.29885,160.414,151.6597827,18.6340631
TOI-5126 b,TOI-5126,Transit,2023,Transiting Exoplanet Survey Satellite (TESS),1,2,20.2,4.74,5.4588385,0.06519,0,1442,1.24,1.241,6150,0.29885,160.414,151.6597827,18.6340631
Kepler-1453 b,Kepler-1453,Transit,2016,Kepler,1,1,7.61,2.67,47.1611696,0.262,0,503,0.97,0.94,5665,-0.13974,1196.04,286.1255037,47.9475586
G 264-012 c,G 264-012,Radial Velocity,2021,Calar Alto Observatory,1,2,3.75,1.76,8.0518,0.0525,,387,0.297,0.305,3326,-1.97224,16.009,326.6719598,66.803848
HD 128311 b,HD 128311,Radial Velocity,2002,W. M. Keck Observatory,1,2,562.24127,13.5,453.019,1.084,0.303,,0.828,0.76,4965,-0.5116,16.3292,219.0032292,9.7454368
MOA-2016-BLG-526L b,MOA-2016-BLG-526L,Microlensing,2024,MOA,1,1,14.93793513,3.97,,2.07,,,0.37,,,,6930,266.6682917,-34.3860806
OGLE-2018-BLG-1269L b,OGLE-2018-BLG-1269L,Microlensing,2020,OGLE,1,1,210,14.1,,4.51,,,1.11,,,,2510,269.693417,-27.6179444
KMT-2018-BLG-0087L b,KMT-2018-BLG-0087L,Microlensing,2022,KMTNet,1,1,73.10053361,10.1,,0.87,,,0.1,,,,7020,264.327,-27.8320611
Kepler-535 b,Kepler-535,Transit,2016,Kepler,1,1,6.17,2.36,4.903321551,0.06011,0,1247,1.18,1.27,6123,0.3406,685.599,296.5666587,49.6961742
OGLE-2007-BLG-368L b,OGLE-2007-BLG-368L,Microlensing,2009,OGLE,1,1,20,4.72,,2.8,,,0.64,,,,5900,269.108167,-32.2374167
OGLE-2018-BLG-0799L b,OGLE-2018-BLG-0799L,Microlensing,2022,OGLE,1,1,82.63538582,10.9,,1.28,,,0.093,,,,4050,273.459,-25.4857222
MOA-2010-BLG-328L b,MOA-2010-BLG-328L,Microlensing,2013,MOA,1,1,9.2,2.99,,0.92,,,0.11,,,,810,269.496333,-30.715175
MOA-2012-BLG-006L b,MOA-2012-BLG-006L,Microlensing,2017,Multiple Observatories,1,1,2700,12.6,,10.2,,,0.49,,,,5300,270.442963,-29.108778
OGLE-2018-BLG-1011L b,OGLE-2018-BLG-1011L,Microlensing,2019,OGLE,1,2,570,13.5,,1.8,,,0.18,,,,7100,269.014,-29.0828889
KMT-2018-BLG-0748L b,KMT-2018-BLG-0748L,Microlensing,2020,KMTNet,1,1,60,9.01,,0.62,,,0.087,,,,7300,267.8745,-30.6463889
Kepler-1763 b,Kepler-1763,Transit,2021,Kepler,1,1,1.59,1.14651332,1.480280042,0.0257,0,1822,1.026,1.259,5897,0.27421,756.486,294.1130368,40.3628861
BD+20 594 b,BD+20 594,Transit,2016,K2,1,1,22.2481,2.57807,41.6855,0.241,0,546,1.67,1.08,5766,-0.05552,179.461,53.6511231,20.5990205
HD 147873 b,HD 147873,Radial Velocity,2016,Multiple Observatories,2,2,1633.6462,12.8,116.596,0.522,0.207,,1.38,2.29,5972,0.77743,109.055,246.4380471,-33.5672217
HIP 113103 c,HIP 113103,Transit,2023,Transiting Exoplanet Survey Satellite (TESS),1,2,6.35,2.4,14.245648,0.10479,0.17,585,0.761,0.742,4930,-0.57629,46.2122,343.5723794,-43.0102291
Kepler-1061 b,Kepler-1061,Transit,2016,Kepler,1,1,4.58,1.98,2.757982666,0.0388,0,1332,1.09,1.07,6067,0.08762,543.375,296.2300306,50.2752091
Kepler-1539 b,Kepler-1539,Transit,2016,Kepler,1,1,7.75,2.7,133.3036741,0.4765,0,301,0.84,0.8,5176,-0.42607,748.326,284.2194566,44.2685146
Kepler-1995 b,Kepler-1995,Transit,2023,Kepler,1,1,16.9,4.28,73.7578875,0.3259,0,375,0.847,0.93,5029,-0.55559,595.331,284.342725,46.3165907
TOI-5398 b,TOI-5398,Transit,2022,Transiting Exoplanet Survey Satellite (TESS),1,2,58.7,10.3,10.590547,0.098,0.13,947,1.146,1.051,6000,0.11725,130.855,161.8795569,36.3294345
GJ 3942 b,GJ 3942,Radial Velocity,2017,Roque de los Muchachos Observatory,1,1,7.14,2.57,6.905,0.0608,0.121,590,0.63,0.61,3867,-1.12,16.9287,242.2645452,52.9441443
HD 110067 f,HD 110067,Transit,2023,Multiple Observatories,3,6,5.04,2.601,41.05854,0.2163,,489,0.798,0.788,5266,-0.36224,32.1585,189.8392243,20.0273377
HD 11506 b,HD 11506,Radial Velocity,2007,W. M. Keck Observatory,1,3,1551.002626,12.9,1617.7,2.885,0.379,,1.22,1.24,6123,0.33685,51.261,28.2106607,-19.507396
Kepler-235 d,Kepler-235,Transit,2014,Kepler,1,4,4.86,2.05,20.060548,0.122,0,401,0.581,0.554,4255,-1.10237,428.018,286.0790779,39.278237
OGLE-2017-BLG-1806L b,OGLE-2017-BLG-1806L,Microlensing,2023,OGLE,1,1,5.27,2.15,,1.75,,,0.38,,,,6400,266.62325,-24.2722694
Kepler-1530 d,Kepler-1530,Transit,2021,Kepler,1,3,10.8,3.27870115,9.20761013,0.08276,0,972,1.015,1.303,5678,-0.31086,489.876,288.1624396,48.165153
Kepler-661 b,Kepler-661,Transit,2016,Kepler,1,1,9.64,3.07,6.029301321,0.0585,0,678,0.7,0.67,4483,-0.81411,534.788,283.7107463,47.8631748
MOA-2011-BLG-028L b,MOA-2011-BLG-028L,Microlensing,2016,MOA,1,1,30,5.99,,4.14,,,0.75,,,,7380,270.854,-29.2134167
MOA-2013-BLG-605L b,MOA-2013-BLG-605L,Microlensing,2016,MOA,1,1,3.24,1.62,,0.93,,,0.024,,,,850,272.019257,-29.7315826
OGLE-2012-BLG-0406L b,OGLE-2012-BLG-0406L,Microlensing,2013,OGLE,1,1,868,13.2,,3.45,,,0.44,,,,4970,268.325708,-30.4711667
KMT-2022-BLG-0440L b,KMT-2022-BLG-0440L,Microlensing,2023,KMTNet,1,1,15.4,4.05,,1.9,,,0.53,,,,3500,269.5835833,-32.2953056
Kepler-1076 b,Kepler-1076,Transit,2016,Kepler,1,1,0.437,0.8,6.14727918,0.0611,0,770,0.79,0.74,4868,-0.557,199,287.5902594,51.0606047
OGLE-2018-BLG-0383L b,OGLE-2018-BLG-0383L,Microlensing,2022,OGLE,1,1,6.4,2.41,,1.8,,,0.1,,,,7700,268.68075,-28.7392778
Kepler-1258 b,Kepler-1258,Transit,2016,Kepler,1,1,0.566,0.86,0.984940167,0.01824,0,2335,0.99,0.99,5839,0.09384,717.555,285.4049723,49.9948186
Kepler-87 c,Kepler-87,Transit,2013,Kepler,1,2,6.4,6.14,191.2318,0.676,0.039,403,1.1,1.82,5600,0.32604,1232.9,297.9168433,46.9651146
HD 110067 e,HD 110067,Transit,2023,Multiple Observatories,3,6,3.9,1.94,30.793091,0.1785,,533,0.798,0.788,5266,-0.36224,32.1585,189.8392243,20.0273377
HD 110067 c,HD 110067,Transit,2023,Multiple Observatories,3,6,6.3,2.388,13.673694,0.1039,,699,0.798,0.788,5266,-0.36224,32.1585,189.8392243,20.0273377
HD 147018 c,HD 147018,Radial Velocity,2009,La Silla Observatory,1,2,2080,12.7,1008,1.922,0.133,,0.927,0.937948,5441,-0.14757,40.4256,245.7490012,-61.6901291
Kepler-1896 b,Kepler-1896,Transit,2021,Kepler,1,1,9.8,3.09935997,44.87020111,0.2529,0,536,1.07,0.996,6122,0.17382,1732.91,289.6785786,40.2496475
K2-401 b,K2-401,Transit,2022,K2,1,1,5.74,2.262,6.293099,,,,0.87,0.675,4213,-0.8353,200.727,154.987604,3.9548275
Kepler-1681 b,Kepler-1681,Transit,2020,Kepler,1,1,7.05,2.55321772,69.8956,0.32,0,442,0.893,0.759,5756.4,-0.2933,758.3,296.6972773,46.3716969
GJ 2126 b,GJ 2126,Radial Velocity,2025,La Silla Observatory,1,1,413.1769291,13.6,272.7,0.71,0.85,,0.65,0.728,4159,-0.84527,38.129,257.3606793,-35.391719
HD 1605 b,HD 1605,Radial Velocity,2015,Multiple Observatories,1,2,296.85322,13.8,577.2,1.492,0.095,,1.33,3.49,4915,0.81,88.8047,5.1317548,30.9750611
Kepler-139 d,Kepler-139,Transit,2023,Kepler,1,5,2,1.695,7.305699922,0.075553396,0,972,1.078,1.045,5622,0.01598,391.038,282.3919451,43.8894167
Kepler-1171 b,Kepler-1171,Transit,2016,Kepler,1,1,7.08,2.56,1.44259224,0.0284,0,2700,1.58,1.95,7044,0.86922,573,294.9589285,38.5915968
Kepler-336 d,Kepler-336,Transit,2014,Kepler,1,3,6.21,2.37,20.678772,0.154,0,749,1.09,1.304,5867,0.26,768.86,290.2376224,41.3313637
CoRoT-16 b,CoRoT-16,Transit,2011,CoRoT,1,1,170.032,13.11,5.35227,0.0618,0.33,,1.098,1.19,5650,-0.43496,732.409,278.5246658,-6.0026026
KMT-2018-BLG-0030L b,KMT-2018-BLG-0030L,Microlensing,2022,KMTNet,1,1,460.8511902,13.6,,4.39,,,0.51,,,,6480,264.5166667,-28.041625
KMT-2022-BLG-1013L b,KMT-2022-BLG-1013L,Microlensing,2023,KMTNet,1,1,98.52680617,12.1,,1.38,,,0.18,,,,7710,264.70925,-28.3556694
alf Tau b,alf Tau,Radial Velocity,2015,Multiple Observatories,2,1,2056.3601,12.7,628.96,1.46,0.1,,1.13,45.1,4055,2.672,20.4332,68.980174,16.509201
Kepler-1031 b,Kepler-1031,Transit,2016,Kepler,1,1,0.59,0.87,1.22621732,0.0218,0,2024,1.09,1.12,6011,0.17,682.882,296.0898796,48.9554121
mu Leo b,mu Leo,Radial Velocity,2014,Bohyunsan Optical Astronomical Observatory,1,1,762.8,13.3,357.8,1.1,0.09,,1.5,11.4,4538.2,1.797,32.6081,148.1898673,26.0067142
HD 60292 b,HD 60292,Radial Velocity,2020,Bohyunsan Optical Astronomical Observatory,1,1,2065.895,12.7,495.4,1.5,0.27,,1.7,27,4348,2.3941,315.211,114.6201698,66.2350517
HD 20794 d,HD 20794,Radial Velocity,2011,La Silla Observatory,1,4,4.8,2.04,89.68,0.3625,0.077,388,0.79,0.93,5368,-0.16311,6.00278,49.9997666,-43.0666533
HD 39194 c,HD 39194,Radial Velocity,2021,La Silla Observatory,1,3,7.49,2.65,14.0309,0.1083,0.078,,0.86,0.783742,5205,-0.40894,26.4131,86.129071,-70.1382377
TOI-4377 b,TOI-4377,Transit,2023,Transiting Exoplanet Survey Satellite (TESS),1,1,304.1617855,15.10970598,4.378081,0.0579,0.045,1162.08,1.36,3.52,4974,0.82217,455.82,164.9324709,-82.2213501
Kepler-1533 b,Kepler-1533,Transit,2016,Kepler,1,1,11.8,3.46,308.5471,0.93416,0,330,1.31,1.51,6431,0.66241,966.801,295.9755645,44.7133739
TOI-2373 b,TOI-2373,Transit,2023,Transiting Exoplanet Survey Satellite (TESS),1,1,2955.804185,10.42435205,13.33668,0.112,0.112,860,1.041,1.102,5651,0.05115,508.686,61.6862197,-16.7557546
Kepler-61 b,Kepler-61,Transit,2013,Kepler,1,1,5.27,2.15,59.87756,0.24861,0.25,273,0.635,0.62,4017,-0.97062,335.079,295.3044942,42.4753193
Kepler-120 c,Kepler-120,Transit,2014,Kepler,1,2,2.96,1.53,12.794585,0.088,0,455,0.654,0.534,4096,-0.67701,388.63,287.8915707,39.3390979
Kepler-1403 b,Kepler-1403,Transit,2016,Kepler,1,1,5.22,2.14,5.19492202,0.064,0,1238,1.11,1.15,6060,0.37208,2163.9,290.8676391,38.9600779
TOI-1994 b,TOI-1994,Transit,2024,Transiting Exoplanet Survey Satellite (TESS),1,1,7024.007795,13.67495645,4.0337142,0.0613,0.341,2290,1.86,2.3,7700,1.22272,515.603,147.1745753,-51.756564
TOI-2524 b,TOI-2524,Transit,2023,Transiting Exoplanet Survey Satellite (TESS),1,1,203.4101805,11.2089807,7.18585,0.073,0,1100,1.007,1.119,5831,0.11628,438.842,160.8868435,-1.9126984
KMT-2022-BLG-1790L b,KMT-2022-BLG-1790L,Microlensing,2025,KMTNet,1,1,549.8431441,13.5,,5.25,,,0.58,,,,6480,271.05625,-27.03475
HD 108874 c,HD 108874,Radial Velocity,2005,W. M. Keck Observatory,1,2,314.64,13.8,1624,2.659,0.239,,0.95,1.05,5551,-0.00072,59.5175,187.6126029,22.8794399
HD 41004 A b,HD 41004 A,Radial Velocity,2004,La Silla Observatory,2,2,807.25,13.2,963,,0.74,,0.95,0.85,5310,-0.293,36.69117,89.9566041,-48.2394189
Kepler-118 c,Kepler-118,Transit,2014,Kepler,1,2,45.7,7.68,20.17202,0.141,0,564,0.811,1.094,5274,-0.37737,574.228,299.2131881,41.4248195
Kepler-822 b,Kepler-822,Transit,2016,Kepler,1,1,3.78,1.77,3.222969273,0.04078,0,1239,1.06,1.08,5928,-0.00495,860.391,292.2760929,39.5501136
TOI-238 c,TOI-238,Radial Velocity,2024,Multiple Observatories,1,2,6.7,2.18,8.465651,0.0749,0.36,696,0.79,0.733,5059,-0.47083,80.5407,349.2310814,-18.6066463
Kepler-608 b,Kepler-608,Transit,2016,Kepler,1,1,12.9,3.64,6.412515037,0.0685,0,1069,1,1.01,5820,0.04113,946.683,293.882901,44.6380717
HD 181720 b,HD 181720,Radial Velocity,2009,La Silla Observatory,1,1,127.132,14,956,1.85,0.26,,1.03,1.5,5736,0.288,60.2046,290.7212224,-32.9208401
Kepler-388 c,Kepler-388,Transit,2014,Kepler,1,2,0.566,0.86,13.297004,0.093,0,515,0.635,0.586,4498,-0.43932,425,284.8280577,44.6086451
Kepler-900 b,Kepler-900,Transit,2016,Kepler,1,1,4.98,2.08,6.9913086,0.0679,0,716,0.78,0.73,4836,-0.6084,487.525,296.177272,46.9989635
Kepler-666 b,Kepler-666,Transit,2016,Kepler,1,1,6.35,2.4,4.49876092,0.0542,0,1133,1.03,1.05,5887,0.18164,1508.71,298.4568899,48.7915925
HIP 91258 b,HIP 91258,Radial Velocity,2013,Haute-Provence Observatory,1,1,346.4347,13.7,5.0505,0.06,0.02,,0.97,0.89,5519,-0.222,45.8846,279.2211173,61.7015065
K2-22 b,K2-22,Transit,2015,K2,2,1,444.962,2.3,0.381073,0.009,0.19,2100,0.595292,0.58,3879,-1.0744,243.836,169.4827046,2.6190363
Kepler-1606 b,Kepler-1606,Transit,2016,Kepler,1,1,4.94,2.07,196.435224,0.6421,0,324,0.9,0.86,5422,-0.171,831.287,286.3782987,43.0732287
HD 4917 b,HD 4917,Radial Velocity,2018,W. M. Keck Observatory,1,1,513.29545,13.5,400.5,1.167,0.066,,1.32,5.01,4802,1.45591,204.277,12.7762624,-12.9276648
MOA-2012-BLG-505L b,MOA-2012-BLG-505L,Microlensing,2017,MOA,1,1,6.7,2.48,,0.9,,,0.1,,,,7210,268.143097,-32.0400925
KMT-2019-BLG-1715L b,KMT-2019-BLG-1715L,Microlensing,2021,KMTNet,1,1,813.6407219,13.2,,3.32,,,0.61,,,,3860,270.3717083,-28.7771389
KMT-2021-BLG-2609L b,KMT-2021-BLG-2609L,Microlensing,2024,KMTNet,1,1,10.17050902,3.17,,2.3,,,0.2,,,,7480,263.518875,-27.5969389
Kepler-1946 b,Kepler-1946,Transit,2021,Kepler,1,1,6.75,2.48812698,3.035190105,0.0394,0,1143,0.887,0.873,5505,-0.27885,1002.12,282.3355387,42.8453417
HD 142022 A b,HD 142022 A,Radial Velocity,2005,La Silla Observatory,2,1,1433.406116,12.9,1928,2.93,0.53,,0.9,1.04,5421,0.00432,34.2802,242.5481731,-84.2317494
2MASS J03590986+2009361 b,2MASS J03590986+2009361,Imaging,2024,European Space Agency (ESA) Gaia Satellite,1,1,5720.911326,12.2,,572,,2369,0.264996,0.289776,2943,-2.24602,117.435,59.7911026,20.1599759
GJ 896 A b,GJ 896 A,Astrometry,2022,Very Long Baseline Array,2,1,718.2921998,13.3,284.39,0.63965,0.35,,0.43599,0.394682,3345,-1.75523,6.26022,352.9700384,19.9370011
Kepler-1461 b,Kepler-1461,Transit,2016,Kepler,1,1,4.78,2.03,29.3494775,0.1715,0,451,0.79,0.74,4919,-0.64483,679.106,285.8305091,43.198377
HD 168009 b,HD 168009,Radial Velocity,2021,Multiple Observatories,1,1,9.53485221,3.05,15.1479,0.1192,0.12,,0.986073,1.209505,5778.33,0.14982,23.3032,273.8847918,45.2088229
Kepler-361 c,Kepler-361,Transit,2014,Kepler,1,2,6.9,2.52,55.188023,0.3,0,568,1.191,1.343,6169,0.45876,930.32,296.8034146,46.7411011
Kepler-763 b,Kepler-763,Transit,2016,Kepler,1,3,1.98,1.22,1.19655156,0.0205,0,1414,0.84,0.8,5166,-0.3339,962.459,292.1445534,47.1573604
HD 98736 b,HD 98736,Radial Velocity,2018,W. M. Keck Observatory,2,1,740.5439,13.3,968.8,1.864,0.226,,0.92,0.93,5271,-0.22,32.4459,170.4549045,18.1896082
HD 34445 b,HD 34445,Radial Velocity,2009,W. M. Keck Observatory,1,6,260.6206,13.9,1049,2.07,0.27,,1.14,1.38,5879,0.3032,46.0907,79.4207483,7.3527156
GJ 3222 b,GJ 3222,Radial Velocity,2022,Multiple Observatories,2,1,11.44182265,3.4,10.66669,0.091,0.929,,0.89,0.931389,5257.46,-0.252,18.23817,50.8972464,-40.0762325
KMT-2021-BLG-0322L b,KMT-2021-BLG-0322L,Microlensing,2021,KMTNet,2,1,2034.101805,12.7,,,,,0.62,,,,6600,270.9116667,-29.6043889
OGLE-2014-BLG-0221L b,OGLE-2014-BLG-0221L,Microlensing,2024,OGLE,1,1,1382.55357,12.9,,3.76,,,0.69,,,,3680,270.30375,-27.4267639
KMT-2016-BLG-2142L b,KMT-2016-BLG-2142L,Microlensing,2018,KMTNet,1,1,4923,12.2,,0.83,,,0.073,,,,7010,268.112,-29.3845615
KMT-2024-BLG-1044L b,KMT-2024-BLG-1044L,Microlensing,2024,KMTNet,1,1,7.75,2.7,,,,,0.069,,,,7140,271.564,-27.5925806
Kepler-340 b,Kepler-340,Transit,2014,Kepler,1,2,6.94,2.53,14.844387,0.134,0,1092,1.65,1.85,6620,0.86749,808.762,295.933471,40.3005515
TOI-544 c,TOI-544,Radial Velocity,2023,La Silla Observatory,1,2,21.5,4.92,50.089,,0.32,,0.631,0.623,4169,-0.90049,41.1166,82.2900716,-0.3428983
Kepler-311 d,Kepler-311,Transit,2023,Kepler,1,3,4.86,2.05,232.040326,0.7326,0,327,0.974,1.156,5903,0.19328,778.654,282.0612731,47.0854984
BD+48 738 b,BD+48 738,Radial Velocity,2011,McDonald Observatory,1,1,289.2253,13.9,392.6,1,0.2,,0.74,11,4414,1.69,871.493,40.7102869,49.5869395
Kepler-1307 b,Kepler-1307,Transit,2016,Kepler,1,1,6.66,2.47,18.01621096,0.1369,0,768,1.06,1.08,5884,-0.20496,1014.62,292.8698348,46.7418679
HAT-P-55 b,HAT-P-55,Transit,2015,HATNet,1,1,189.4257306,14.84069045,3.5852313,0.04628,0.17,1367,1.028,1.105,5804,0.09656,511.388,264.2735096,25.7311468
HAT-P-65 b,HAT-P-65,Transit,2016,HATNet,1,1,176.0769375,18.05766791,2.60544751,0.04042,0.304,1818,1.297,1.666,5872,0.47276,738.519,315.9054895,11.9893675
Kepler-326 c,Kepler-326,Transit,2014,Kepler,1,3,17.4,1.4,4.580358,0.051,0,889,0.91,0.801,5105,-0.15657,487.675,294.3255898,46.0022646
WASP-5 b,WASP-5,Transit,2008,SuperWASP,1,1,502.15,12.184,1.6284279,0.0267,0.038,1706,0.96,1.029,5700,0.06717,309.137,359.3490277,-41.2772202
HD 48265 b,HD 48265,Radial Velocity,2008,Las Campanas Observatory,1,2,2351.930212,12.6,778.51,1.814,0.211,,1.312,1.901,5733,0.58433,90.5446,100.0073683,-48.5418284
WASP-100 b,WASP-100,Transit,2014,SuperWASP,2,1,400.4658,14.90797,2.84938,0.04574,0,2190,0.77,1.57,6900,0.76571,364.411,68.9598159,-64.027039
HD 20794 e,HD 20794,Radial Velocity,2017,La Silla Observatory,1,4,4.77,2.03,147.02,0.509,0.29,,0.813,0.93,5401,-0.16311,6.00278,49.9997666,-43.0666533
OGLE-2014-BLG-0319L b,OGLE-2014-BLG-0319L,Microlensing,2022,OGLE,1,1,181.162192,14.1,,3.49,,,0.52,,,,7730,266.9611667,-33.9350444
KMT-2019-BLG-0371L b,KMT-2019-BLG-0371L,Microlensing,2021,KMTNet,1,1,2447.278734,12.6,,0.79,,,0.09,,,,7010,268.3839167,-31.5550222
Kepler-132 b,Kepler-132,Transit,2014,Kepler,2,4,1.92,1.21,6.178196,0.067,0,1082,0.929,1.178,6003,0.211,349.549,283.23581,41.343037
OGLE-2017-BLG-1237L b,OGLE-2017-BLG-1237L,Microlensing,2024,OGLE,1,1,1207.747947,13,,2.53,,,0.46,,,,6030,271.6499583,-28.3288306
MOA-bin-29 b,MOA-bin-29,Microlensing,2019,MOA,1,1,190,14.1,,0.48,,,0.03,,,,7120,269.3759583,-29.7365639
2MASS J21252752-8138278 b,2MASS J21252752-8138278,Imaging,2024,European Space Agency (ESA) Gaia Satellite,1,1,3813.940884,12.4,,7493,,1616,0.643977,0.672832,3592,-1.16815,34.1154,321.3662989,-81.6414894
Kepler-707 b,Kepler-707,Transit,2016,Kepler,1,1,2.33,1.33,2.237492751,0.0325,0,1160,0.8,0.76,5099,-0.5014,591.776,290.007564,42.1164698
Kepler-262 b,Kepler-262,Transit,2014,Kepler,1,2,2.42,1.36,13.060855,0.108,0,734,0.816,0.881,5841,-0.13988,613.129,290.7287168,37.2526575
Kepler-265 c,Kepler-265,Transit,2014,Kepler,1,4,7.41,2.63,17.028937,0.127,0,755,0.97,1.103,5835,0.00548,1280.25,290.5104788,41.244743
HD 18143 b,HD 18143,Radial Velocity,2022,Multiple Observatories,1,2,10.80616584,3.28,10.2851,0.088,0.224,,0.85,0.87,5078,-0.31953,22.5243,43.9140248,26.8723829
Kepler-1572 b,Kepler-1572,Transit,2016,Kepler,1,1,0.779,0.94,5.49548621,0.05838,0,1293,0.97,0.95,5618,0.37265,946.602,281.8973341,46.7227061
Kepler-352 c,Kepler-352,Transit,2014,Kepler,1,3,2.07,1.24,16.332995,0.118,0,591,0.798,0.781,5212,-0.43235,252.733,299.8966237,46.0519022
Kepler-278 c,Kepler-278,Transit,2014,Kepler,1,2,34.9,3.268,51.111,0.287,0.616,492,1.227,2.861,4965,0.64933,443.03,290.1072124,38.7022694
WASP-157 b,WASP-157,Transit,2016,SuperWASP,1,1,182.43442,11.19,3.951623,0.0499,0,1193,1.06,1.1,5772,0.07934,334.037,201.6551525,-8.3176353
KMT-2023-BLG-0469L b,KMT-2023-BLG-0469L,Microlensing,2024,KMTNet,1,1,39.41072247,7.04,,2.31,,,0.47,,,,7070,269.4067917,-28.7150611
KMT-2021-BLG-0192L b,KMT-2021-BLG-0192L,Microlensing,2022,KMTNet,1,1,34.96112477,6.56,,1.62,,,0.27,,,,5120,268.1049583,-30.0086889
KMT-2016-BLG-2364L b,KMT-2016-BLG-2364L,Microlensing,2020,KMTNet,1,1,1250,13,,2.63,,,0.5,,,,6440,265.715667,-27.4355611
KMT-2018-BLG-1988L b,KMT-2018-BLG-1988L,Microlensing,2022,KMTNet,1,1,5.56,2.22,,3.09,,,0.47,,,,4150,265.2825417,-35.5947
Kepler-400 c,Kepler-400,Transit,2014,Kepler,1,2,2.83,1.49,17.340824,0.134,0,755,1.08,1.145,5886,0.152,845.97,290.9444679,40.4800528
HATS-2 b,HATS-2,Transit,2013,HATSouth,1,1,435.4249176,12.57647635,1.35413379,0.02317,0,1550,0.904,0.876,5227,-0.268,341.925,176.7388264,-22.5630097
K2-391 b,K2-391,Transit,2022,K2,1,1,2.45,1.371,4.622654,,,,0.757,0.566,5543,0.39142,507.94,356.2260152,-7.7015151
Kepler-1683 b,Kepler-1683,Transit,2020,Kepler,1,1,4.17,1.87477762,15.0337,0.1182,0,669,0.95,0.900327,5429,-0.19763,733.143,298.4501035,44.2840193
Kepler-1634 b,Kepler-1634,Transit,2016,Kepler,1,1,10.3,3.19,374.876239,1.0525,0,282,0.92,0.89,5474,-0.26507,617.339,294.043399,45.1398201
Kepler-122 b,Kepler-122,Transit,2014,Kepler,1,5,6.08,2.34,5.766193,0.064,0,1159,0.982,1.216,6050,0.26993,1027.45,291.1118647,39.9490248
BD+60 1417 b,BD+60 1417,Imaging,2021,Wide-field Infrared Survey Explorer (WISE) Satellite Mission,1,1,4767.426105,14.68376472,,1662,,1303,1,0.797,4993,0.35595,44.9543,190.8875453,60.0143636
GJ 9827 c,GJ 9827,Transit,2017,K2,1,3,1.86,1.13,3.648103,0.0395,0,715.94,0.62,0.58,4236,-1.00436,29.661,351.7717763,-1.2853435
TOI-1273 b,TOI-1273,Transit,2024,Transiting Exoplanet Survey Satellite (TESS),1,1,70.55790635,11.09689089,4.631296,0.0549,0.055,1211,1.06,1.06,5690,0.02938,177.118,214.1208564,58.3902534
TOI-1347 c,TOI-1347,Transit,2024,Transiting Exoplanet Survey Satellite (TESS),1,2,6.4,1.6,4.841962,0.0546,0,1000,0.913,0.83,5464,-0.25964,147.476,280.3266806,70.2900536
Kepler-271 d,Kepler-271,Transit,2016,Kepler,1,3,0.219,0.66,5.24972541,0.05554,0,954,0.9,0.87,5555,-0.25319,404.542,283.0029316,44.284108
OGLE-2017-BLG-1275L b,OGLE-2017-BLG-1275L,Microlensing,2024,OGLE,1,1,1875.187601,12.8,,2.09,,,0.63,,,,7690,267.9154167,-29.4979694
GJ 273 c,GJ 273,Radial Velocity,2017,La Silla Observatory,1,2,1.18,1.06,4.7234,0.036467,0.17,,0.29,0.293,3382,-2.05552,5.921535,111.852091,5.225807
KMT-2021-BLG-0748L b,KMT-2021-BLG-0748L,Microlensing,2022,KMTNet,1,1,143.0227832,14.3,,2.43,,,0.36,,,,6090,272.4213333,-25.7465806
Kepler-446 c,Kepler-446,Transit,2015,Kepler,1,3,1.41,1.11,3.036179,0.0283,0,520,0.22,0.24,3359,-2.24766,96.339,282.2501047,44.921002
KMT-2023-BLG-1642L b,KMT-2023-BLG-1642L,Microlensing,2024,KMTNet,1,1,343.2546796,13.8,,1.41,,,0.17,,,,6980,261.366,-29.0584694
MOA-2010-BLG-117L b,MOA-2010-BLG-117L,Microlensing,2018,MOA,1,1,170,14.2,,2.42,,,0.58,,,,3500,271.95697,-25.3446388
HD 22532 b,HD 22532,Radial Velocity,2022,La Silla Observatory,1,1,673.7962228,13.4,872.6,1.9,0.03,,1.57,5.69,5038,1.27416,161.183,53.8148478,-49.4172669
Kepler-235 c,Kepler-235,Transit,2014,Kepler,1,4,2.18,1.28,7.824904,0.065,0,555,0.581,0.554,4255,-1.10237,428.018,286.0790779,39.278237
HD 2039 b,HD 2039,Radial Velocity,2002,Anglo-Australian Telescope,1,1,1999.1507,12.7,1120,2.2,0.71,,1.23,1.19,5945,0.1939,85.6922,6.0851069,-56.649988
Kepler-20 d,Kepler-20,Transit,2011,Kepler,2,6,13.4,2.606,77.611455,0.3474,0.082,430,0.929,0.9164,5495,-0.16451,282.563,287.6979913,42.3385782
Kepler-697 b,Kepler-697,Transit,2016,Kepler,1,1,16,4.13,3.709870645,0.0471,0,1151,0.92,0.88,5513,-0.02543,1277.33,283.8643937,41.3463859
Kepler-99 b,Kepler-99,Transit,2014,Kepler,2,1,6.15,1.48,4.60358,0.05071,0,810,0.79,0.73,4782,-0.58545,208.369,297.3539994,41.3000452
Kepler-1835 b,Kepler-1835,Transit,2021,Kepler,1,1,12.2,3.53387773,11.96409988,0.0997,0,808,0.922,0.961,5903,0.07829,1404.38,280.3148152,43.9856885
Kepler-1555 b,Kepler-1555,Transit,2016,Kepler,1,1,3.22,1.61,8.10501635,0.0805,0,959,1.04,1.06,5866,0.38933,2013.27,287.6354587,45.7160327
Kepler-783 c,Kepler-783,Transit,2020,Kepler,1,2,6.04,2.33153725,7.05395,0.06903,0,840,0.94,0.872088,5411.49,-0.23092,516.09,291.0628615,47.484789
HD 38529 c,HD 38529,Radial Velocity,2000,Multiple Observatories,2,2,3299.058865,12.5,2127.60566,3.226,0.357,,0.98,2.857838,5697,0.8342,42.3538,86.6451363,1.1675866
HD 219139 b,HD 219139,Radial Velocity,2021,Okayama Astrophysical Observatory,1,1,247.9061575,14,275.5,0.94,0.11,,1.46,11.22,4831,1.79463,104.935,348.3604055,11.0649832
KMT-2018-BLG-1990L b,KMT-2018-BLG-1990L,Microlensing,2019,KMTNet,1,1,111,12.9,,0.763,,,0.094,,,,967,268.435375,-22.1525389
K2-247 c,K2-247,Transit,2018,K2,1,2,5.43,2.19,6.49424,0.0615,,688,0.74,0.69,4667,-0.88154,258.113,188.8935189,-10.0692793
TOI-904 b,TOI-904,Transit,2023,Transiting Exoplanet Survey Satellite (TESS),1,2,6.46,2.426,10.8772,0.056,,429.43,0.557,0.527,3770.2,-1.29243,46.0891,89.3712733,-83.1297264
TOI-904 c,TOI-904,Transit,2023,Transiting Exoplanet Survey Satellite (TESS),1,2,5.34,2.167,83.9997,0.312,,217.26,0.557,0.527,3770.2,-1.29243,46.0891,89.3712733,-83.1297264
TOI-4860 b,TOI-4860,Transit,2023,Transiting Exoplanet Survey Satellite (TESS),1,1,86.7,8.7,1.5227591,0.01808,0.008,694,0.34,0.358,3260,-1.83565,80.1423,183.563961,-13.1748411
OGLE-2014-BLG-1722L b,OGLE-2014-BLG-1722L,Microlensing,2018,OGLE,1,2,55.3,8.59,,1.5,,,0.4,,,,6400,268.75238,-31.4690552
KMT-2016-BLG-1820L b,KMT-2016-BLG-1820L,Microlensing,2018,KMTNet,1,1,1450,12.9,,1.08,,,0.039,,,,6260,268.76474,-29.5169201
PSR B1620-26 b,PSR B1620-26,Pulsar Timing,2003,Hubble Space Telescope,2,1,794.575,13.3,,23,,,1.35,,,,,245.9092617,-26.5315944
OGLE-2007-BLG-349L AB c,OGLE-2007-BLG-349L A,Microlensing,2016,OGLE,2,1,80,10.7,2557,2.59,,,0.41,,,,2760,271.351807,-26.4219437
Kepler-1851 b,Kepler-1851,Transit,2021,Kepler,1,1,14.5,3.90012032,12.02289963,0.1016,0,776,0.967,0.879,5982,0.06007,1589.81,285.6737597,45.6398375
Kepler-1104 b,Kepler-1104,Transit,2016,Kepler,1,1,2.04,1.23,5.03728015,0.06321,0,1321,1.3,1.41,6417,0.51439,530.658,294.4685197,49.3309789
LHS 1678 c,LHS 1678,Transit,2021,Transiting Exoplanet Survey Satellite (TESS),2,3,1.4,0.941,3.694284,0.0327,0.039,510.9,0.345,0.329,3490,-1.83863,19.8782,68.1789866,-39.7908744
Kepler-1901 b,Kepler-1901,Transit,2021,Kepler,1,1,2.77,1.47418907,3.484129906,0.0453,0,1132,1.022,0.921,5696,-0.00315,1028.37,291.1643587,45.3183061
Kepler-860 b,Kepler-860,Transit,2016,Kepler,1,1,10.6,3.24,5.101379454,0.058,0,1050,1.04,1.06,5836,-0.15726,1056.36,295.5772681,46.2547028
LHS 1140 b,LHS 1140,Transit,2017,MEarth Project,1,2,5.6,1.73,24.73723,0.0946,0.043,226,0.1844,0.2159,3096,-2.42022,14.9861,11.248632,-15.2741085
LHS 1140 c,LHS 1140,Transit,2018,Multiple Observatories,1,2,1.91,1.272,3.77794,0.027,0.05,422,0.1844,0.2159,3096,-2.42022,14.9861,11.248632,-15.2741085
Kepler-1604 b,Kepler-1604,Transit,2016,Kepler,1,1,2.57,1.41,0.683684256,0.01406,0,2023,0.81,0.76,4976,-0.52707,541.189,285.4106549,44.4122318
Kepler-804 b,Kepler-804,Transit,2016,Kepler,1,2,4.42,1.94,14.37457351,0.11287,0,779,1.01,1.05,5817,0.04956,649.65,293.3722109,44.7851812
HD 39194 d,HD 39194,Radial Velocity,2021,La Silla Observatory,1,3,5.16,2.12,33.874,0.1949,0.159,,0.86,0.783742,5205,-0.40894,26.4131,86.129071,-70.1382377
HD 89839 b,HD 89839,Radial Velocity,2023,Multiple Facilities,1,1,1748.056239,12.8,3391.2,4.713,0.185,,1.21,1.28588,6314,0.37479,57.3063,155.168879,-53.6640291
HD 104067 b,HD 104067,Radial Velocity,2009,La Silla Observatory,1,2,62.1,9.2,55.851,0.2674,0.123,,0.82,0.78,4952,-0.51256,20.3632,179.7923543,-20.3556058
TOI-4438 b,TOI-4438,Transit,2024,Transiting Exoplanet Survey Satellite (TESS),1,1,5.4,2.52,7.44628,0.0534,0.14,435,0.368,0.372,3422,-1.76802,30.0346,270.3172389,35.5948992
HD 104067 c,HD 104067,Radial Velocity,2024,Multiple Observatories,1,2,13.2,3.69,13.8992,0.1058,0.29,,0.82,0.78,4952,-0.51256,20.3632,179.7923543,-20.3556058
LHS 1678 d,LHS 1678,Transit,2024,Transiting Exoplanet Survey Satellite (TESS),2,3,0.907,0.981,4.9652229,0.04,0.036,462.95,0.345,0.329,3490,-1.83863,19.8782,68.1789866,-39.7908744
KMT-2021-BLG-1554L b,KMT-2021-BLG-1554L,Microlensing,2022,KMTNet,1,1,38.13940884,6.9,,0.72,,,0.08,,,,7680,267.8034167,-31.8643611
Kepler-203 d,Kepler-203,Transit,2014,Kepler,1,3,33.9,1.44,11.32972,0.1,0,855,1.06,1.114,5821,0.0937,703.302,297.089959,41.3880686
KMT-2021-BLG-1303L b,KMT-2021-BLG-1303L,Microlensing,2022,KMTNet,1,1,120.7747947,13.6,,2.89,,,0.57,,,,6280,271.863875,-29.2815806
KMT-2021-BLG-0736L b,KMT-2021-BLG-0736L,Microlensing,2025,KMTNet,1,1,21,4.86,,4,,,0.6,,,,7000,268.3225833,-29.7124194
Kepler-1221 b,Kepler-1221,Transit,2016,Kepler,1,1,4.19,1.88,12.00096042,0.0906,0,632,0.87,0.82,5194,-0.355,913.65,285.8223636,45.7118423
Kepler-1985 b,Kepler-1985,Transit,2023,Kepler,1,1,5.77,2.27,3.42064689,0.0426,0,1129,0.877,0.966,5370,-0.155,,293.5663715,42.1325825
TOI-1347 b,TOI-1347,Transit,2024,Transiting Exoplanet Survey Satellite (TESS),1,2,11.1,1.8,0.84742346,0.0171,0,1400,0.913,0.83,5464,-0.25964,147.476,280.3266806,70.2900536
HD 93083 b,HD 93083,Radial Velocity,2005,La Silla Observatory,1,1,117.59,13.4,143.58,0.477,0.14,,0.7,0.850835,4995,-0.38722,28.5159,161.0866672,-33.5776794
Kepler-920 c,Kepler-920,Transit,2016,Kepler,1,2,13.8,3.8,100.8274113,0.4029,0,364,0.89,0.85,5403,-0.18293,1001.68,284.2969363,49.1585983
HD 88986 b,HD 88986,Radial Velocity,2023,Haute-Provence Observatory,1,1,17.2,2.49,146.05,0.58,0.24,460,1.25,1.543,5861,0.3934,33.2673,154.1166869,28.6820708
Kepler-1921 b,Kepler-1921,Transit,2021,Kepler,1,2,8.72,2.89459458,20.03479958,0.15865,0,967,1.251,2,6120,0.80624,928.989,300.3161723,45.4953271
Kepler-750 b,Kepler-750,Transit,2016,Kepler,1,2,9.64,3.07,9.42887179,0.08742,0,1163,1.15,1.23,6160,0.34371,1296.02,289.0968274,44.004364
Kepler-955 b,Kepler-955,Transit,2016,Kepler,1,1,9.96,3.13,14.53244172,0.1083,0,664,0.89,0.84,5350,-0.4085,550.383,288.4714969,40.2698157
TOI-2529 b,TOI-2529,Transit,2024,Transiting Exoplanet Survey Satellite (TESS),1,1,743.7184724,11.54525012,64.5949,0.327,0.021,636,1.11,1.7,5802,0.46389,296.271,118.9945352,-52.3548332
Kepler-1943 b,Kepler-1943,Transit,2021,Kepler,1,1,3.02,1.54869189,4.850180149,0.05975,0,1098,1.055,0.973,6032,0.44535,1004.55,293.3182976,41.1166697
TOI-1136 c,TOI-1136,Transit,2022,Transiting Exoplanet Survey Satellite (TESS),1,6,6.32,2.879,6.2574,0.0669,0.11,1062,1.022,0.968,5770,-0.02687,84.5362,192.1848981,64.8552755
KMT-2021-BLG-1770L b,KMT-2021-BLG-1770L,Microlensing,2023,KMTNet,1,1,6674.396547,12.1,,0.9,,,0.13,,,,6920,270.4399583,-27.4186694
OGLE-2011-BLG-0265L b,OGLE-2011-BLG-0265L,Microlensing,2015,OGLE,1,1,280,13.9,,1.89,,,0.211,,,,4380,269.448833,-27.3945278
OGLE-2018-BLG-0740L b,OGLE-2018-BLG-0740L,Microlensing,2019,OGLE,1,1,1500,12.9,5480,5,0,,1,,5912,,3200,272.1769583,-29.8358056
KMT-2017-BLG-2509L b,KMT-2017-BLG-2509L,Microlensing,2021,KMTNet,1,1,664.2613706,13.4,,2.14,,,0.46,,,,7040,265.589875,-26.31715
Kepler-651 b,Kepler-651,Transit,2016,Kepler,1,1,6.21,2.37,21.38521506,0.14078,0,574,0.92,0.87,5522,-0.25322,509.408,287.3327284,46.2034366
OGLE-2018-BLG-0932L b,OGLE-2018-BLG-0932L,Microlensing,2022,KMTNet,1,1,282.8672822,13.9,,1.75,,,0.72,,,,6620,268.3512083,-29.0218056
OGLE-2014-BLG-0124L b,OGLE-2014-BLG-0124L,Microlensing,2015,OGLE,1,1,206.5884646,14.1,,3.48,,,0.9,,,,3500,270.6217083,-28.39625
HD 331093 b,HD 331093,Radial Velocity,2021,Haute-Provence Observatory,1,1,476.7426105,13.6,621.62,1.44,0.59,,1.03,1.1112,5544,0.00646,50.1928,295.6200054,31.7395451
Kepler-1879 b,Kepler-1879,Transit,2021,Kepler,1,1,4.92,2.06512018,10.61340046,0.0957,0,987,1.023,1.388,5865,0.38444,627.171,289.3644209,41.5332589
TOI-815 b,TOI-815,Transit,2024,Transiting Exoplanet Survey Satellite (TESS),2,2,7.6,2.94,11.197259,0.0903,0.2,686,0.776,0.77,4869,-0.50459,59.7117,155.8719377,-43.8349248
OGLE-TR-182 b,OGLE-TR-182,Transit,2007,OGLE,1,1,320.995,12.666,3.9791,0.051,0,1550,1.14,1.14,5924,0.24059,2501.75,167.3279228,-61.0952624
Kepler-364 c,Kepler-364,Transit,2014,Kepler,1,2,5.27,2.15,59.980627,0.312,0,568,1.076,1.284,6108,0.35128,891.462,281.5699998,47.3986233
Kepler-828 b,Kepler-828,Transit,2016,Kepler,1,1,2.89,1.51,0.567857136,0.01228,0,1848,0.81,0.77,5039,-0.54299,575.322,286.8872555,42.4712271
Kepler-229 b,Kepler-229,Transit,2014,Kepler,1,3,5.48,2.2,6.252972,0.062,0,823,0.808,0.728,5120,-0.53795,826.265,286.9994758,48.3757867
Kepler-1689 b,Kepler-1689,Transit,2020,Kepler,1,1,0.799,0.94678642,8.483,0.0784,0,879,1.023,0.996208,5731.43,-0.01555,294.122,291.5741663,38.6559433
K2-375 b,K2-375,Transit,2022,K2,1,1,5.66,2.243,14.453895,,,,1.119,1.543,5822,0.39626,696.1,130.5013137,20.3593003
OGLE-2018-BLG-0567L b,OGLE-2018-BLG-0567L,Microlensing,2021,OGLE,1,1,101.7050902,12.3,,2.72,,,0.25,,,,7060,269.0184167,-27.9871111
OGLE-2019-BLG-1053L b,OGLE-2019-BLG-1053L,Microlensing,2021,KMTNet,1,1,2.48,1.38,,3.4,,,0.61,,,,6800,270.166375,-27.3415833
Kepler-29 b,Kepler-29,Transit,2011,Kepler,1,2,5,2.55,10.33974,0.08482,0,777,0.761,0.732,5378,-0.29687,832.532,298.348382,47.4913021
OGLE-2019-BLG-0468L c,OGLE-2019-BLG-0468L,Microlensing,2022,OGLE,1,2,3248.20632,12.5,,2.77,,,0.92,,,,4400,266.406,-24.4472778
KMT-2021-BLG-1898L b,KMT-2021-BLG-1898L,Microlensing,2022,KMTNet,1,1,232.0147371,14,,1.9,,,0.48,,,,6900,265.691875,-27.3758389
KMT-2024-BLG-0404L b,KMT-2024-BLG-0404L,Microlensing,2025,KMTNet,1,2,8657.645807,11.9,,0.85,,,0.09,,,,7210,271.1470833,-27.9535
KMT-2019-BLG-1042L b,KMT-2019-BLG-1042L,Microlensing,2022,KMTNet,1,1,60.38739733,9.05,,1.7,,,0.3,,,,6600,270.5440417,-27.5806694
MOA-2016-BLG-227L b,MOA-2016-BLG-227L,Microlensing,2017,MOA,1,1,890,13.2,,1.39,,,0.29,,,,6500,271.473755,-27.7142868
AT2021ueyL b,AT2021ueyL,Microlensing,2025,Multiple Observatories,1,1,425.8900654,13.6,4168.69,4.01,,,0.49,,3680,,1040,324.5450417,26.4665694
HD 179949 b,HD 179949,Radial Velocity,2000,Anglo-Australian Telescope,1,1,291.12,13.9,3.092514,0.0443,0.022,,1.21,1.266865,6168,0.30146,27.4573,288.8890182,-24.1797939
Kepler-629 b,Kepler-629,Transit,2016,Kepler,1,1,2.48,1.38,7.2385854,0.07107,0,816,0.93,0.84,5444,-0.28344,372.05,289.4179128,39.9450757
Kepler-1384 b,Kepler-1384,Transit,2016,Kepler,1,1,4.42,1.94,15.36262753,0.1126,0,608,0.78,0.74,4919,-0.539,618,296.2151275,39.5270248
TOI-871 b,TOI-871,Transit,2024,Transiting Exoplanet Survey Satellite (TESS),1,1,3.41,1.664,14.362565,0.1054,,621,0.758,0.719,4929,-0.56004,68.0473,74.7376264,-50.6274153
Kepler-847 b,Kepler-847,Transit,2016,Kepler,1,1,1.76,1.18,2.343231895,0.0315,0,1054,0.83,0.77,4940,-0.5065,513.103,283.5048144,49.4509371
NGTS-27 b,NGTS-27,Transit,2024,Transiting Exoplanet Survey Satellite (TESS),1,1,188.4722454,15.64773706,3.3704181,0.0446,0,1783,1.07,1.77,5700,0.51375,942.122,206.0265266,-32.5229747
Kepler-1262 b,Kepler-1262,Transit,2016,Kepler,1,1,3.97,1.82,8.67900242,0.083,0,949,0.99,0.98,5771,-0.10541,1054.87,288.7718287,42.2131694
TOI-2068 b,TOI-2068,Transit,2024,Transiting Exoplanet Survey Satellite (TESS),1,1,3.97,1.821,7.768915,0.0632,,520.62,0.559,0.535,3710,-1.31069,52.9328,186.27356,60.4183455
TOI-2406 b,TOI-2406,Transit,2021,Transiting Exoplanet Survey Satellite (TESS),1,1,15.6,2.86,3.0766891,0.02267,0.17,449,0.166,0.204,3100,-2.46218,55.419,8.8060544,-3.3720833
Kepler-764 b,Kepler-764,Transit,2016,Kepler,1,1,3.33,1.64,7.33683936,0.0724,0,875,0.92,0.89,5557,-0.13604,1047.84,297.3931183,47.1645814
Kepler-782 b,Kepler-782,Transit,2016,Kepler,1,1,10.4,3.21,158.6853308,0.54494,0,350,0.98,1.01,5867,0.10995,446.844,288.868246,47.75947
Kepler-824 b,Kepler-824,Transit,2016,Kepler,1,1,4.16,1.87,4.51436633,0.055,0,1231,1.15,1.22,6035,0.12216,1201.4,290.477406,39.7319975
HD 60532 b,HD 60532,Radial Velocity,2008,La Silla Observatory,1,2,336.8998,13.8,201.9,0.77,0.26,,1.5,2.57,6245,1.00089,25.9716,113.5130656,-22.2958661
HD 60532 c,HD 60532,Radial Velocity,2008,La Silla Observatory,1,2,797.7533,13.3,600.1,1.6,0.03,,1.5,2.57,6245,1.00089,25.9716,113.5130656,-22.2958661
Kepler-743 b,Kepler-743,Transit,2016,Kepler,2,1,1.92,1.21,3.179262921,0.04166,0,1101,0.94,0.85,5486,-0.17633,278.987,295.57423,42.8064255
Kepler-821 b,Kepler-821,Transit,2016,Kepler,1,1,2.27,1.31,1.92279873,0.029,0,1215,0.84,0.8,5191,-0.36439,614.571,285.6173937,39.3794684
TOI-1448 b,TOI-1448,Transit,2024,Transiting Exoplanet Survey Satellite (TESS),1,1,19.5,2.749,8.112245,0.0567,0.36,426,0.372,0.38,3412,-1.75498,73.3345,316.324003,57.7710946
TOI-4633 c,TOI-4633,Transit,2024,Transiting Exoplanet Survey Satellite (TESS),2,1,123,3.2,271.9445,0.847,0.117,268.57,1.1,1.05,5800,0.31136,95.2016,256.8431021,62.475548
TOI-776 c,TOI-776,Transit,2020,Transiting Exoplanet Survey Satellite (TESS),1,2,6.9,2.047,15.665323,0.1001,0.089,420,0.542,0.547,3725,-1.3098,27.1701,178.577997,-37.5533568
TOI-6008 b,TOI-6008,Transit,2024,Transiting Exoplanet Survey Satellite (TESS),1,1,4,1.03,0.8574347,0.010777,,707,0.23,0.242,3075,-2.32873,23.1008,310.4487344,49.6468992
TOI-6086 b,TOI-6086,Transit,2024,Transiting Exoplanet Survey Satellite (TESS),1,1,1.76,1.18,1.3888725,0.01541,,634,0.254,0.259,3200,-2.19791,31.4566,265.3704236,30.3037755
Kepler-749 b,Kepler-749,Transit,2016,Kepler,1,1,9.8,3.1,17.31716585,0.1054,0,454,0.79,0.75,5009,-0.49432,721.027,299.8973341,43.9040667
Kepler-820 b,Kepler-820,Transit,2016,Kepler,1,1,30.8,6.09,127.8338098,0.56004,0,554,1.23,1.36,6260,0.6895,1387.2,291.0201523,39.2206091
OGLE-2015-BLG-0051L b,OGLE-2015-BLG-0051L,Microlensing,2016,OGLE,1,1,230,14,,0.73,,,0.1,,,,8200,269.662537,-28.0316944
Kepler-56 d,Kepler-56,Radial Velocity,2016,Multiple Observatories,1,3,1784,12.8,1002,2.16,0.2,,1.29,4.21799,4819.44,0.90455,912.994,293.7583002,41.871807
Kepler-755 b,Kepler-755,Transit,2016,Kepler,2,2,3.75,1.76,1.269090374,0.02156,0,1331,0.82,0.77,5043,-0.45664,399.034,296.8609348,41.0973178
Kepler-816 b,Kepler-816,Transit,2016,Kepler,1,1,74.5,10.24,10.50682565,0.0895,0,668,0.9,0.85,5286,-0.37445,983.697,293.3628165,39.2124394
Kepler-791 b,Kepler-791,Transit,2016,Kepler,1,1,9.53,3.05,14.5539759,0.1256,0,939,1.3,1.47,6383,0.40273,1266.34,293.5958044,39.0294267
Kepler-793 b,Kepler-793,Transit,2016,Kepler,1,1,2.45,1.37,4.24153639,0.0491,0,1177,0.98,0.97,5745,0.11018,985.699,295.2167334,38.7744269
OGLE-2012-BLG-0950L b,OGLE-2012-BLG-0950L,Microlensing,2016,OGLE,1,1,35,6.56,,2.6,,,0.57,,,,2600,272.019257,-29.7315826
HD 42618 b,HD 42618,Radial Velocity,2016,Multiple Observatories,1,1,14.4,3.89,149.61,0.554,0.19,337,1.015,0.999,5727,-0.00877,24.3358,93.0032173,6.7819742
Kepler-757 b,Kepler-757,Transit,2016,Kepler,1,1,2.42,1.36,1.022678821,0.019,0,1734,1.08,1.13,6014,0.16044,1068.68,296.6804876,41.3865279
Kepler-759 b,Kepler-759,Transit,2016,Kepler,1,1,5.77,2.27,41.805985,0.2329,0,533,1.04,1.04,5860,0.061,1073.48,290.1314231,41.3814345
Kepler-815 b,Kepler-815,Transit,2016,Kepler,1,1,15.8,4.11,8.57503552,0.09473,0,1374,1.25,3.42,5028,0.85698,1259.28,285.2211238,47.8813037
Kepler-790 b,Kepler-790,Transit,2016,Kepler,1,1,5.39,2.18,13.73469807,0.101,0,634,0.84,0.8,5208,-0.42384,703.168,286.9171489,38.8722123
Kepler-787 b,Kepler-787,Transit,2016,Kepler,1,1,2.18,1.28,0.928310498,0.0159,0,1115,0.65,0.62,4248,-0.89537,503.568,291.6924773,38.5729105
TYC 3667-1280-1 b,TYC 3667-1280-1,Radial Velocity,2016,McDonald Observatory,1,1,1716.282,12.8,26.468,0.21,0.036,1350,1.87,6.26,5130,1.38,477.516,12.8875757,58.4261485
Kepler-26 b,Kepler-26,Transit,2011,Kepler,1,4,5.12,2.78,12.28,0.08551,0.021,431,0.544,0.512,3914,-1.06048,335.307,284.9410627,46.5664505
Kepler-760 b,Kepler-760,Transit,2016,Kepler,1,2,9.59,3.06,8.70419416,0.08087,0,748,0.89,0.85,5322,-0.27997,792.336,287.5931997,44.1794278
Kepler-502 b,Kepler-502,Transit,2016,Kepler,1,1,20.4,4.77,4.28686431,0.0535,0,1217,1.15,1.22,6125,0.34908,1591.04,291.080133,43.8601911
Kepler-812 b,Kepler-812,Transit,2016,Kepler,1,1,12.3,3.55,10.11716531,0.1024,0,1163,1.45,1.71,6761,0.75193,1482.74,288.8552821,48.208517
Kepler-811 b,Kepler-811,Transit,2016,Kepler,1,1,7.75,2.7,23.58447697,0.15911,0,730,1.01,1.24,5747,0.32275,985.041,285.4241593,47.8345586
Kepler-484 b,Kepler-484,Transit,2016,Kepler,1,1,5.82,2.28,10.04556931,0.09036,0,766,0.96,0.87,5668,-0.13505,382.136,284.3942844,46.2491109
Kepler-26 c,Kepler-26,Transit,2011,Kepler,1,4,6.2,2.72,17.2559,0.10725,0.013,385,0.544,0.512,3914,-1.06048,335.307,284.9410627,46.5664505
Kepler-474 b,Kepler-474,Transit,2016,Kepler,1,1,9.59,3.06,5.660672935,0.06092,0,1115,0.99,1.08,5785,0.41682,841.496,292.3215174,43.8811723
Kepler-768 b,Kepler-768,Transit,2016,Kepler,1,1,3.86,1.79,11.3910025,0.092,0,618,0.82,0.78,5108,-0.46575,784.56,294.1156858,38.3934378
Kepler-810 b,Kepler-810,Transit,2016,Kepler,1,1,4.38,1.93,4.59725385,0.055,0,1105,1.03,1.04,5803,-0.03156,1458.59,296.6148615,48.0825642
Kepler-827 b,Kepler-827,Transit,2016,Kepler,1,1,27,5.63,51.92927591,0.2742,0,574,0.93,0.91,5602,0.23172,2046.68,294.9660027,42.7085608
Kepler-458 c,KIC 9663113,Transit,2016,Kepler,1,2,16.4,4.2,20.74028413,0.17012,0,798,1.15,2.21562,6117.21,0.7919,1594.74,297.0454037,46.3286653
Kepler-307 c,Kepler-307,Transit,2013,Kepler,1,2,3.64,2.2,13.0729,0.10896,0,739,0.907,0.814,5367,-0.12151,575.581,297.7950939,40.4176403
Kepler-500 b,Kepler-500,Transit,2016,Kepler,1,1,7.18,2.58,8.508324398,0.08361,0,909,1.02,1.03,5813,0.11615,807.48,295.9513472,43.8519884
Kepler-806 b,Kepler-806,Transit,2016,Kepler,1,1,1.55,1.14,8.09219642,0.07684,0,1089,0.99,1.16,5770,0.40655,361.896,296.0071956,44.8535698
Kepler-784 b,Kepler-784,Transit,2016,Kepler,1,2,3.12,1.58,31.5922646,0.22111,0,688,1,1.32,5674,0.85693,1303.72,295.9206663,47.4486164
Kepler-831 b,Kepler-831,Transit,2016,Kepler,1,1,2.15,1.27,5.62153941,0.05984,0,992,0.99,0.97,5732,0.01191,593.54,294.9855607,42.7277355
Kepler-779 b,Kepler-779,Transit,2016,Kepler,2,1,0.721,0.92,7.09714223,0.0533,0,425,0.46,0.44,3804,-1.2339,283.155,285.6285208,44.3107855
Kepler-803 b,Kepler-803,Transit,2016,Kepler,1,1,13.8,3.79,50.28638192,0.26721,0,543,1.05,1.12,5919,0.24057,639.771,299.2216728,44.6939033
Kepler-802 b,Kepler-802,Transit,2016,Kepler,1,1,12.3,3.54,40.0587473,0.2265,0,489,0.93,0.9,5507,-0.22563,780.585,286.0157998,45.0077413
Kepler-830 b,Kepler-830,Transit,2016,Kepler,1,1,3.53,1.7,11.29695137,0.1033,0,907,1.07,1.11,6037,0.169,1122,295.054238,42.7568316
Kepler-829 b,Kepler-829,Transit,2016,Kepler,1,1,5.1,2.11,6.88337562,0.0678,0,857,0.98,0.97,5698,0.04004,1073.76,282.3328312,42.4638125
Kepler-477 b,Kepler-477,Transit,2016,Kepler,2,1,4.94,2.07,11.11990653,0.0911,0,649,0.87,0.79,5240,-0.372,367,288.067445,42.355305
Kepler-505 b,Kepler-505,Transit,2016,Kepler,1,1,7.27,2.6,27.52197994,0.1445,0,314,0.55,0.53,3931,-1.07864,283.41,287.857953,42.5426758
Kepler-499 b,Kepler-499,Transit,2016,Kepler,1,1,5.35,2.17,5.632528453,0.0598,0,844,0.87,0.83,5312,-0.27919,556.726,295.1099549,43.9151012
HD 141399 b,HD 141399,Radial Velocity,2014,Multiple Observatories,1,4,143.34133,14.3,94.44,0.415,0.04,,1.07,1.387236,5600,0.2014,37.0169,236.7235392,46.986288
HD 141399 c,HD 141399,Radial Velocity,2014,Multiple Observatories,1,4,422.7139,13.6,201.99,0.689,0.048,,1.07,1.387236,5600,0.2014,37.0169,236.7235392,46.986288
Kepler-745 b,Kepler-745,Transit,2016,Kepler,1,1,5.31,2.16,9.93143556,0.0915,0,931,1.04,1.04,5849,0.37557,1780.38,291.4994412,37.0592571
Kepler-848 b,Kepler-848,Transit,2016,Kepler,1,1,3.53,1.7,6.91134416,0.07586,0,1086,1.01,1.2,5695,0.59369,1378.47,293.2882949,48.8116114
Kepler-794 b,Kepler-794,Transit,2016,Kepler,1,1,5.1,2.11,11.13125132,0.10036,0,952,1.19,1.38,5839,0.50637,931.192,288.1336793,38.9968923
Kepler-796 b,Kepler-796,Transit,2016,Kepler,1,1,2.24,1.3,6.40087618,0.07317,0,1109,0.93,1.09,5475,0.57234,817.584,287.3078999,39.1447097
HD 141399 e,HD 141399,Radial Velocity,2014,Multiple Observatories,1,4,209.7678,14.1,5000,5,0.26,,1.07,1.387236,5600,0.2014,37.0169,236.7235392,46.986288
HD 108236 e,HD 108236,Transit,2020,Transiting Exoplanet Survey Satellite (TESS),1,5,9.71,3.083,19.590025,0.1367,0.058,636,0.869,0.877,5660,-0.14997,64.5978,186.5740627,-51.3630519
TOI-1233.01,HD 108236,Transit,2021,Transiting Exoplanet Survey Satellite (TESS),1,5,6.98,2.539,14.175685,0.1074,0.055,708,0.869,0.877,5660,-0.14997,64.5978,186.5740627,-51.3630519
2MASS J01033563-5515561 AB b,2MASS J01033563-5515561 A,Imaging,2013,Paranal Observatory,2,1,4131.79,12.3,,84,,,0.19,,,,47.2,15.8992489,-55.2658291
TOI-451 b,TOI-451,Transit,2020,Transiting Exoplanet Survey Satellite (TESS),2,3,4.7,1.84,1.8587033,0.0274,0,1474,0.93,0.85,5490,-0.22915,123.739,62.966385,-37.93973
HD 11506 c,HD 11506,Radial Velocity,2008,W. M. Keck Observatory,1,3,127.1313628,14,223.92,0.771,0.228,,1.22,1.24,6123,0.33685,51.261,28.2106607,-19.507396
Kepler-753 b,Kepler-753,Transit,2016,Kepler,1,1,4.31,1.91,5.747725012,0.054,0,641,0.68,0.65,4346,-0.86467,274.767,291.9032411,37.9023677
Kepler-752 b,Kepler-752,Transit,2016,Kepler,1,1,8.3,2.81,18.82747265,0.1353,0,632,0.87,0.83,5373,-0.12488,1232.29,292.2681469,37.955672
Kepler-846 b,Kepler-846,Transit,2016,Kepler,1,1,6.71,2.48,19.80792185,0.1399,0,624,0.94,0.91,5579,-0.21715,1127.12,287.0570731,49.0460112
Kepler-845 b,Kepler-845,Transit,2016,Kepler,1,1,4.82,2.04,0.927859821,0.01668,0,1361,0.79,0.75,4913,-0.60474,431.051,290.9576363,49.2037262
Kepler-771 b,Kepler-771,Transit,2016,Kepler,1,1,3.97,1.82,8.73485836,0.0843,0,890,1.03,1.05,5906,0.3549,1393.85,287.4441104,38.0884183
Kepler-773 b,Kepler-773,Transit,2016,Kepler,1,1,2.63,1.43,3.749100061,0.04682,0,1160,1.04,1.01,5850,0.09508,547.026,290.8846217,38.0575539
Kepler-844 b,Kepler-844,Transit,2016,Kepler,1,1,3.46,1.68,2.613020856,0.0298,0,713,0.59,0.57,4128,-0.92083,431.776,287.8578541,48.7739646
Kepler-843 b,Kepler-843,Transit,2016,Kepler,1,1,7.22,2.59,2.053879821,0.0313,0,1523,1.02,1.03,5830,-0.04723,1165.66,296.3219786,48.9714373
HIP 74890 b,HIP 74890,Radial Velocity,2016,Multiple Observatories,1,1,762.792,13.3,822.3,2.1,0.07,,1.74,5.77,4850,1.21484,78.6562,229.5714974,-41.4210961
TOI-663 d,TOI-663,Transit,2024,Transiting Exoplanet Survey Satellite (TESS),1,3,5.2,1.92,7.1027268,0.0576,,482,0.514,0.512,3681,-1.37033,64.2308,160.0658525,-8.5110827
Kepler-767 b,Kepler-767,Transit,2016,Kepler,1,1,35.7,6.64,161.5280101,0.5874,0,366,0.96,0.94,5694,0.47562,2251.03,291.5791562,38.0358066
Kepler-774 b,Kepler-774,Transit,2016,Kepler,1,1,10.2,3.17,11.0895723,0.1082,0,1422,1.57,2.42,6403,0.75268,917.804,291.0318604,38.211894
Kepler-841 b,Kepler-841,Transit,2016,Kepler,1,1,23.8,5.23,124.4198398,0.479,0,416,0.85,0.81,5324,-0.36224,998.961,284.2513637,48.8095962
Kepler-842 b,Kepler-842,Transit,2016,Kepler,1,1,3.19,1.6,1.21956827,0.0204,0,1252,0.78,0.73,4848,-0.61238,532.726,292.3285976,49.6535171
Kepler-839 b,Kepler-839,Transit,2016,Kepler,1,1,7.13,2.57,37.8144514,0.2316,0,626,1.22,1.31,6058,0.43706,944.561,291.074684,45.242544
TOI-2374 b,TOI-2374,Transit,2024,Transiting Exoplanet Survey Satellite (TESS),1,1,56.64,6.81,4.31361,0.0471,0.13,885,0.75,0.69,4802,-0.51956,134.655,319.4982407,-22.0498228
TOI-3071 b,TOI-3071,Transit,2024,Transiting Exoplanet Survey Satellite (TESS),1,1,68.2,7.16,1.266938,0.0249,0.09,2155,1.29,1.31,6177,0.41667,485.219,173.2790517,-56.5033871
HD 133131 A b,HD 133131 A,Radial Velocity,2016,Las Campanas Observatory,2,3,451.3186,13.6,649,1.44,0.33,,0.95,0.955014,5799,-0.01658,51.4736,225.8984524,-27.8431369
Kepler-770 b,Kepler-770,Transit,2016,Kepler,1,3,5.9,2.3,18.92540274,0.1694,0,1171,0.94,0.92,5598,0.05399,930.457,286.4904589,38.374872
Kepler-769 b,Kepler-769,Transit,2016,Kepler,1,2,8.85,2.92,7.42608998,0.0778,0,1037,1.19,1.28,6186,0.1791,1169.57,292.7130925,38.3581685
HD 133131 B b,HD 133131 B,Radial Velocity,2016,Las Campanas Observatory,2,3,794.575,13.3,5769,6.15,0.61,,0.93,0.989538,5805,-0.0092,51.2993,225.8999745,-27.8415947
TOI-5082.01,TOI-5082,Transit,2024,Transiting Exoplanet Survey Satellite (TESS),1,1,7.03,2.54811,4.240122,0.051204842,,1164.91,0.99665,0.93,5670,-0.08961,43.1406,106.569578,22.6831477
Kepler-744 b,Kepler-744,Transit,2016,Kepler,1,1,3.26,1.62,12.06222443,0.09735,0,750,0.94,0.93,5594,-0.22215,449.964,296.4960493,47.1827848
Kepler-765 b,Kepler-765,Transit,2016,Kepler,1,1,6.48,2.43,27.6655226,0.1754,0,641,1.05,1.06,5901,0.14595,1076.28,283.1846044,47.1557114
Kepler-834 b,Kepler-834,Transit,2016,Kepler,1,1,4.74,2.02,13.32388301,0.0862,0,378,0.7,0.66,4554,-0.7453,633.937,287.0544674,45.1803351
Kepler-832 b,Kepler-832,Transit,2016,Kepler,1,1,4.9,2.06,7.1396941,0.075,0,965,0.92,0.9,5596,0.07025,1688.12,295.9261101,45.383869
HD 73344 b,HD 73344,Transit,2024,K2,1,3,10.48,2.884,15.611,0.131,0.03,911,1.2,1.22,6252.6,0.26184,35.26,129.6894456,23.6852651
TOI-4527.01,TOI-4527,Transit,2024,Transiting Exoplanet Survey Satellite (TESS),1,1,0.689,0.9086617,0.3994445,0.008332353,,1362.93,0.483901,0.485948,3702,-1.39838,18.1037,19.4722574,5.4711996
BD-14 3065 b,BD-14 3065 A,Transit,2024,Transiting Exoplanet Survey Satellite (TESS),3,1,3932,21.59,4.2889731,0.0656,0.066,2001,1.41,2.35,6935,1.06,589.423,153.6696689,-15.6428372
Kepler-912 b,Kepler-912,Transit,2016,Kepler,1,1,8.25,2.8,2.534756273,0.0339,0,1218,1.07,1.11,5998,0.55177,2004.72,298.1111779,41.758324
Kepler-1017 b,Kepler-1017,Transit,2016,Kepler,1,1,4.62,1.99,7.23400469,0.07196,0,831,0.93,0.87,5473,-0.16138,552.058,283.469299,40.1325185
Kepler-980 b,Kepler-980,Transit,2016,Kepler,1,1,7.61,2.67,11.55102504,0.09993,0,845,1.05,1.06,5935,0.2618,961.468,294.6129869,45.060174
Kepler-983 b,Kepler-983,Transit,2016,Kepler,1,1,6.17,2.36,60.0855082,0.3148,0,485,1.13,1.08,6052,0.15,714.437,285.1042243,45.0080745
Kepler-870 b,Kepler-870,Transit,2016,Kepler,1,1,8.15,2.78,21.3587621,0.1539,0,691,1.01,1.02,5857,0.04289,1259.46,295.4025625,50.4785992
Kepler-869 b,Kepler-869,Transit,2016,Kepler,1,1,12.7,3.61,40.4287755,0.2244,0,494,0.97,0.95,5664,-0.11047,939.455,289.4245955,50.9941198
Kepler-913 b,Kepler-913,Transit,2016,Kepler,1,2,4.9,2.06,10.29672521,0.1009,0,1129,0.63,0.61,4687,-0.28163,991.618,297.5830564,41.9523531
Kepler-910 b,Kepler-910,Transit,2016,Kepler,1,1,0.477,0.82,2.364369015,0.03752,0,1752,1.26,1.5,6230,0.49442,400.289,296.0472937,42.7429414
Kepler-964 b,Kepler-964,Transit,2016,Kepler,1,1,5.14,2.12,13.5225106,0.1073,0,652,0.93,0.84,5427,-0.306,454.626,295.300065,40.5565792
Kepler-963 b,Kepler-963,Transit,2016,Kepler,1,2,7.56,2.66,9.97683705,0.0849,0,802,0.91,0.87,5461,-0.22463,771.494,296.7529742,45.0411049
Kepler-866 b,Kepler-866,Transit,2016,Kepler,1,1,3.29,1.63,2.617032536,0.0331,0,996,0.75,0.71,4751,-0.70483,646.667,290.1222112,43.085407
Kepler-865 b,Kepler-865,Transit,2016,Kepler,1,2,6.76,2.49,14.16399294,0.1057,0,694,0.93,0.92,5570,-0.29754,586.137,297.7242257,43.5272796
Kepler-915 b,Kepler-915,Transit,2016,Kepler,1,1,2.86,1.5,4.59489604,0.05655,0,1319,1.21,1.38,6173,0.50553,849.036,290.5921293,45.7372184
Kepler-914 b,Kepler-914,Transit,2016,Kepler,1,1,2.48,1.38,4.40966548,0.05454,0,1192,1.1,1.15,5877,0.24467,753.723,290.4120774,44.8993227
Kepler-1051 b,Kepler-1051,Transit,2016,Kepler,1,1,11.5,3.4,25.96200249,0.18395,0,850,1.43,1.73,6675,0.52413,829.343,295.1581062,40.8988186
Kepler-1058 b,Kepler-1058,Transit,2016,Kepler,1,1,7.85,2.72,110.96546,0.3679,0,239,0.73,0.69,4644,-0.31631,491.997,294.5956256,45.8750556
Kepler-864 b,Kepler-864,Transit,2016,Kepler,1,2,6.35,2.4,5.83376092,0.0687,0,1143,1,1,5754,0.2078,2022.9,285.0570943,46.3206074
Kepler-863 b,Kepler-863,Transit,2016,Kepler,1,1,8.75,2.9,15.59461874,0.122,0,718,0.96,0.95,5678,0.21514,1499.66,297.6644677,43.2489903
Kepler-923 b,Kepler-923,Transit,2016,Kepler,1,1,2.48,1.38,6.93366476,0.07592,0,1104,1.11,1.26,5988,0.3325,1000.28,294.1710831,40.0551372
Kepler-916 b,Kepler-916,Transit,2016,Kepler,1,1,3.75,1.76,32.2968798,0.1885,0,503,0.85,0.81,5248,-0.27846,830.712,290.9833818,45.9733334
Kepler-950 b,Kepler-950,Transit,2016,Kepler,1,1,59.6,8.98,98.7180406,0.3982,0,360,1.02,1.02,5857,0.35461,2161.6,287.9565768,41.1302834
Kepler-1029 b,Kepler-1029,Transit,2016,Kepler,1,1,2.13,1.26,4.417696479,0.047,0,790,0.82,0.77,5030,-0.61975,366.656,292.1328738,41.5474786
Kepler-958 b,Kepler-958,Transit,2016,Kepler,1,1,4.9,2.06,9.7678805,0.08631,0,749,0.91,0.86,5421,-0.28165,449.773,287.2566578,46.0667247
Kepler-861 b,Kepler-861,Transit,2016,Kepler,1,1,5.82,2.28,3.949631375,0.0463,0,966,0.82,0.78,5047,-0.42701,850.327,292.3539624,46.2262465
Kepler-862 b,Kepler-862,Transit,2016,Kepler,1,1,5.52,2.21,3.148664534,0.039,0,1097,0.88,0.84,5333,-0.10252,1039.03,297.7792466,46.4926688
Kepler-927 b,Kepler-927,Transit,2016,Kepler,1,1,3.61,1.72,9.1149903,0.0866,0,906,0.99,0.99,5743,-0.08583,831.685,289.3834807,41.3926651
Kepler-962 b,Kepler-962,Transit,2016,Kepler,1,1,4.54,1.97,12.05707239,0.09874,0,689,0.93,0.86,5478,-0.26115,411.486,295.3131906,46.2375024
TOI-1855 b,TOI-1855,Transit,2024,Transiting Exoplanet Survey Satellite (TESS),1,1,360.0995851,18.49481816,1.36414864,0.02398,0.033,1701,0.987,1.041,5359,-0.09474,176.833,205.3539534,17.6868719
Kepler-930 b,Kepler-930,Transit,2016,Kepler,1,1,5.18,2.13,71.4517775,0.34593,0,561,1.25,1.4,6335,0.37758,848.396,298.3144494,42.2473698
Kepler-929 b,Kepler-929,Transit,2016,Kepler,1,1,1.41,1.11,0.921032135,0.01982,0,2362,1.01,1.02,5869,0.46075,1311.23,298.4811022,41.6152603
Kepler-952 b,Kepler-952,Transit,2016,Kepler,1,1,45.4,7.65,130.3546919,0.5183,0,369,1,0.99,5730,0.09668,1304.25,285.3718781,41.9938697
Kepler-965 b,Kepler-965,Transit,2016,Kepler,1,1,11.4,3.38,134.2527298,0.50998,0,393,1.05,1.15,5886,0.14794,582.828,298.5153169,41.8912305
Kepler-979 b,Kepler-979,Transit,2016,Kepler,1,1,7.85,2.72,8.0880135,0.0753,0,792,0.87,0.83,5310,-0.31956,576.503,300.3712023,46.4081872
Kepler-932 b,Kepler-932,Transit,2016,Kepler,1,1,2.45,1.37,1.921437396,0.02876,0,1276,0.87,0.84,5331,-0.32176,465.612,296.9520797,43.2720233
Kepler-931 b,Kepler-931,Transit,2016,Kepler,1,1,2.33,1.33,8.03755877,0.0719,0,744,0.86,0.81,5241,-0.35,490,297.1326937,42.7682885
Kepler-1006 b,Kepler-1006,Transit,2016,Kepler,1,1,2.99,1.54,19.76172042,0.1464,0,791,0.78,0.74,5328,-0.4,1081.738,295.7542063,42.5373065
Kepler-990 b,Kepler-990,Transit,2016,Kepler,1,2,7.27,2.6,9.91723428,0.08595,0,903,1.05,1.08,5948,-0.05003,802.163,297.9381813,46.8813194
Kepler-892 b,Kepler-892,Transit,2016,Kepler,1,1,8.3,2.81,13.7521072,0.1015,0,556,0.75,0.72,4747,-0.73492,570.727,283.1296399,43.8880983
Kepler-895 b,Kepler-895,Transit,2016,Kepler,1,1,2.99,1.54,2.806242328,0.0328,0,771,0.65,0.61,4315,-0.85369,540.134,289.2906978,51.4089936
Kepler-507 b,Kepler-507,Transit,2016,Kepler,1,1,5.69692195,1.3,3.568096926,0.04781,0,1407,1.16,1.32,6113,0.32648,391.644,297.0188074,50.409046
Kepler-1027 b,Kepler-1027,Transit,2016,Kepler,2,1,0.64,0.89,1.907805199,0.02911,0,1268,0.91,0.82,5436,0.01051,405.104,287.5711746,42.8138159
Kepler-982 b,Kepler-982,Transit,2016,Kepler,1,1,5.69,2.25,15.7738221,0.1277,0,955,1.16,1.29,6139,0.51095,801.479,288.4176803,46.5904531
Kepler-1052 b,Kepler-1052,Transit,2016,Kepler,1,2,8.91,2.93,34.8538276,0.20988,0,522,1.03,1.03,5888,-0.04685,943.444,295.34273,46.6022134
Kepler-897 b,Kepler-897,Transit,2016,Kepler,1,1,6.3,2.39,8.0472642,0.077,0,855,1.03,1.04,5839,0.28762,1519.25,290.5867992,51.6957731
Kepler-898 b,Kepler-898,Transit,2016,Kepler,1,1,2.83,1.49,5.8706191,0.0545,0,616,0.65,0.62,4223,-0.87506,484.891,286.5854116,46.8708877
Kepler-938 b,Kepler-938,Transit,2016,Kepler,1,1,5.56,2.22,52.6298417,0.2689,0,544,0.92,0.89,5533,-0.174,1182.05,294.7890593,46.9839352
Kepler-986 b,Kepler-986,Transit,2016,Kepler,1,1,6.17,2.36,56.4349938,0.29131,0,465,0.96,0.98,5642,-0.04683,548.364,293.0940391,42.8964457
Kepler-978 b,Kepler-978,Transit,2016,Kepler,1,1,9.22,2.99,49.6221509,0.2726,0,546,1.07,1.09,6002,0.143,682.522,286.7107166,43.0433585
Kepler-960 b,Kepler-960,Transit,2016,Kepler,1,1,5.86,2.29,3.12686223,0.03807,0,1391,0.77,0.72,4755,-0.6289,284.916,281.4572217,46.7465538
Kepler-976 b,Kepler-976,Transit,2016,Kepler,1,1,14.9,3.96,105.9564148,0.4217,0,324,0.87,0.83,5232,-0.35971,1012.41,289.8696232,46.7296855
Kepler-899 b,Kepler-899,Transit,2016,Kepler,1,1,7.65,2.68,19.17891293,0.1392,0,640,0.93,0.91,5595,0.04831,1246.43,297.4825612,40.6807412
Kepler-1015 b,Kepler-1015,Transit,2016,Kepler,1,1,12.3,3.55,16.00494214,0.1345,0,1040,1.49,1.81,6769,0.55886,739.357,292.7573088,43.4268439
Kepler-1002 b,Kepler-1002,Transit,2016,Kepler,1,1,3.57,1.71,4.336429331,0.0564,0,1453,1.22,1.57,6144,0.501,408.303,293.0794629,43.073677
Kepler-889 b,Kepler-889,Transit,2016,Kepler,1,1,1.32,1.09,3.744439,0.04975,0,1328,1.14,1.25,5961,0.38344,598.313,291.467454,50.7595597
Kepler-903 b,Kepler-903,Transit,2016,Kepler,1,2,4.7,2.01,10.3507721,0.09081,0,842,0.98,0.97,5682,0.36464,1369.24,288.7710137,40.6641771
Kepler-904 b,Kepler-904,Transit,2016,Kepler,1,1,3.78,1.77,3.021668632,0.0417,0,1332,1.16,1.25,6160,0.15444,978.125,288.8229001,40.38901
Kepler-918 b,Kepler-918,Transit,2016,Kepler,1,1,3.68,1.74,4.85386933,0.0569,0,1052,1.11,1.14,6028,-0.01801,1025.03,298.2007268,48.2677925
Kepler-920 b,Kepler-920,Transit,2016,Kepler,1,2,6.44,2.42,6.53192704,0.065,0,907,0.89,0.85,5403,-0.18293,1001.68,284.2969363,49.1585983
Kepler-961 b,Kepler-961,Transit,2016,Kepler,1,1,7.04,2.55,16.87727414,0.12585,0,642,0.96,0.9,5582,-0.19378,574.314,282.0354942,43.6312491
Kepler-972 b,Kepler-972,Transit,2016,Kepler,1,1,19.5,4.65,7.03932553,0.0734,0,1060,1.15,1.22,6146,0.19129,1198.03,295.828679,43.4254371
Kepler-886 b,Kepler-886,Transit,2016,Kepler,1,1,2.92,1.52,6.24146367,0.06428,0,1111,1.1,1.16,6098,0.04165,711.297,286.2717162,43.5952037
Kepler-885 b,Kepler-885,Transit,2016,Kepler,1,1,6.8,2.5,18.11472949,0.14403,0,830,1.21,1.35,6187,0.41686,651.318,288.6615682,49.7371538
Kepler-906 b,Kepler-906,Transit,2016,Kepler,1,1,5.1,2.11,41.6979976,0.22363,0,537,1.06,1.02,6035,0.09641,757.791,291.4055614,40.1254254
Kepler-466 c,Kepler-466,Transit,2016,Kepler,1,2,2.1,1.25,3.709213846,0.04658,0,1206,1.04,1.05,5927,-0.06719,530.122,295.6486585,48.4955191
Kepler-921 b,Kepler-921,Transit,2016,Kepler,1,1,8.6,2.87,51.300634,0.2716,0,492,0.93,0.91,5663,-0.0296,934.49,284.6162253,49.1907438
Kepler-943 b,Kepler-943,Transit,2016,Kepler,1,1,29.5,5.93,49.7701438,0.2559,0,455,0.93,0.91,5612,0.40676,2300.53,284.2739322,41.5349809
Kepler-946 b,Kepler-946,Transit,2016,Kepler,1,1,4.38,1.93,11.79162572,0.1002,0,857,0.94,0.93,5665,0.13422,1137.29,300.9295551,44.028671
Kepler-1014 b,Kepler-1014,Transit,2016,Kepler,1,1,6.3,2.39,16.57110363,0.121,0,614,0.88,0.84,5388,-0.3365,624.8,285.1219875,44.1105331
Kepler-852 b,Kepler-852,Transit,2016,Kepler,1,1,6.99,2.54,44.9309804,0.27967,0,565,1.19,1.16,6100,0.827,1619.03,297.3915863,48.5606875
Kepler-884 b,Kepler-884,Transit,2016,Kepler,1,1,2.04,1.23,5.69919514,0.06116,0,964,1,0.94,5715,-0.31335,476.733,292.5844328,49.9232012
Kepler-529 c,Kepler-529,Transit,2016,Kepler,1,3,4.66,2,12.8345022,0.1075,0,891,1.07,1.14,6087,0.207,799.008,285.8884067,47.880364
Kepler-944 b,Kepler-944,Transit,2016,Kepler,1,1,7.41,2.63,43.3167737,0.2288,0,459,0.86,0.83,5409,-0.07777,1349.43,293.6012911,42.379791
Kepler-942 b,Kepler-942,Transit,2016,Kepler,1,1,5.18,2.13,44.96417488,0.22737,0,379,0.81,0.75,4861,-0.58453,216.354,294.9550809,44.1499518
Kepler-1010 b,Kepler-1010,Transit,2016,Kepler,1,1,5.99,2.32,34.2685705,0.193,0,477,0.86,0.82,5253,-0.41164,579.273,289.1926026,44.1493165
Kepler-882 b,Kepler-882,Transit,2016,Kepler,1,1,2.04,1.23,3.989539666,0.04741,0,903,0.9,0.87,5476,-0.27313,504.605,294.6500256,43.3356106
Kepler-255 d,Kepler-255,Transit,2016,Kepler,1,3,2.3,1.32,1.045622658,0.0192,0,1710,0.9,0.86,5431,-0.18311,1052.53,296.0642702,45.9767647
Kepler-758 c,Kepler-758,Transit,2016,Kepler,1,4,3.5,1.69,4.75793986,0.05768,0,1372,1.16,1.42,6228,0.56281,1502.32,293.0846115,41.1354049
Kepler-1034 b,Kepler-1034,Transit,2016,Kepler,1,1,5.73,2.26,12.12400943,0.0965,0,675,0.83,0.8,5198,-0.43881,654.549,286.1154093,37.9669464
Kepler-1013 b,Kepler-1013,Transit,2016,Kepler,1,1,5.27,2.15,18.93054959,0.137,0,766,0.81,0.76,4954,-0.53079,422.246,290.2481023,44.4352935
Kepler-1054 b,Kepler-1054,Transit,2016,Kepler,1,1,7.41,2.63,4.30655689,0.05542,0,1177,1.22,1.34,6209,0.36867,1090.51,290.6011085,44.5563604
Kepler-760 c,Kepler-760,Transit,2016,Kepler,1,2,2.79,1.48,2.46697439,0.03489,0,1139,0.89,0.85,5322,-0.27997,792.336,287.5931997,44.1794278
Kepler-271 c,Kepler-271,Transit,2014,Kepler,1,3,0.809,0.95,7.41086267,0.06993,0,850,0.9,0.87,5555,-0.25319,404.542,283.0029316,44.284108
Kepler-967 b,Kepler-967,Transit,2016,Kepler,1,2,6.12,2.35,13.22713379,0.1027,0,638,0.84,0.8,5178,-0.71759,568.546,286.5580128,38.4052418
Kepler-995 b,Kepler-995,Transit,2016,Kepler,1,1,7.75,2.7,28.26731672,0.1701,0,517,0.83,0.8,5206,-0.41918,609.638,284.6157154,39.130998
TOI-2368 b,TOI-2368,Transit,2024,Transiting Exoplanet Survey Satellite (TESS),1,1,206.5884646,10.83908434,5.1750073,0.05649,0.061,1000,0.897,0.846,5360,-0.27491,210.915,134.9576234,-48.4884929
Kepler-1033 b,Kepler-1033,Transit,2016,Kepler,1,1,6.85,2.51,7.56052806,0.0761,0,914,0.94,0.92,5547,-0.12579,1455.5,283.8450963,44.6090251
Kepler-876 b,Kepler-876,Transit,2016,Kepler,1,1,2.63,1.43,5.14438011,0.0549,0,923,0.81,0.77,5060,-0.33828,820.913,283.4781717,43.3837235
Kepler-875 b,Kepler-875,Transit,2016,Kepler,1,1,8.75,2.9,27.5073799,0.1771,0,569,1.06,1.11,5958,0.13542,1242.62,297.3012497,43.1418313
Kepler-732 c,Kepler-732,Transit,2016,Kepler,1,2,2.15,1.27,0.893041236,0.0143,0,893,0.49,0.46,3631,-1.375,174.826,283.7317274,45.9585288
Kepler-1060 b,Kepler-1060,Transit,2016,Kepler,1,1,6.26,2.38,46.8779367,0.2495,0,484,0.99,0.99,5797,0.07184,946.565,286.0252285,39.6309204
Kepler-1008 b,Kepler-1008,Transit,2016,Kepler,2,1,2.18,1.28,12.43931193,0.09755,0,627,0.81,0.78,5066,-0.50671,282.565,296.5476395,44.9418307
Kepler-1055 b,Kepler-1055,Transit,2016,Kepler,1,1,2.04,1.23,2.295036233,0.0335,0,1304,0.98,0.94,5723,-0.14818,389.397,290.4867838,44.932541
Kepler-1045 b,Kepler-1045,Transit,2016,Kepler,1,1,7.7,2.69,26.41045478,0.1616,0,512,0.86,0.82,5301,-0.33356,942.485,284.1832668,45.0740897
Kepler-872 b,Kepler-872,Transit,2016,Kepler,1,1,4.62,1.99,2.578855068,0.0362,0,1230,1.05,1.08,5902,-0.14573,879.683,295.4174725,43.6056117
Kepler-1071 b,Kepler-1071,Transit,2016,Kepler,1,1,6.26,2.38,6.1799844,0.0629,0,814,0.86,0.81,5215,-0.31262,1042.27,293.0579794,45.2487472
Kepler-1139 b,Kepler-1139,Transit,2016,Kepler,1,1,1.81,1.19,0.813166719,0.01664,0,1693,0.94,0.91,5550,-0.30419,495.156,287.9455985,39.2305281
Kepler-1180 b,Kepler-1180,Transit,2016,Kepler,1,1,4.62,1.99,16.8601286,0.1246,0,765,1.09,1.14,6077,0.41746,1596.8,295.8874773,43.1559952
Kepler-1181 b,Kepler-1181,Transit,2016,Kepler,1,2,3.09,1.57,4.89337519,0.0621,0,1374,1.17,1.3,6176,0.47243,938.417,289.7473165,39.5234131
Kepler-991 b,Kepler-991,Transit,2016,Kepler,1,1,6.99,2.54,82.5342519,0.3104,0,260,0.64,0.61,4392,-0.83074,389.561,297.0905543,49.6264867
Kepler-1141 b,Kepler-1141,Transit,2016,Kepler,1,1,0.477,0.82,2.344511944,0.03496,0,1471,1.01,1.07,5791,0.1551,393.642,290.5436836,47.7259073
Kepler-1140 b,Kepler-1140,Transit,2016,Kepler,1,1,8.1,2.77,24.0862707,0.1478,0,500,0.76,0.73,4850,-0.56584,656.48,281.6940529,46.946521
Kepler-1183 b,Kepler-1183,Transit,2016,Kepler,1,1,8.35,2.82,28.5057189,0.1793,0,555,1,0.99,5765,0.25466,1919.19,292.2324228,38.8921946
Kepler-1192 b,Kepler-1192,Transit,2016,Kepler,1,1,6.17,2.36,25.2034787,0.1693,0,600,0.86,0.83,5438,-0.1283,1304.19,282.1405603,43.8964934
Kepler-1028 b,Kepler-1028,Transit,2016,Kepler,1,1,2.33,1.33,2.51462432,0.0354,0,1217,0.9,0.87,5522,-0.24485,607.916,289.5931004,49.7812447
Kepler-1004 b,Kepler-1004,Transit,2016,Kepler,1,1,32.5,6.28,5.28789787,0.06791,0,1661,1.11,3.39,4972,0.71341,1152.68,297.3593427,49.7975464
Kepler-1072 b,Kepler-1072,Transit,2016,Kepler,1,1,3.12,1.58,1.569066502,0.02742,0,1849,1.2,1.32,6199,0.36531,982.716,292.0443891,46.3289723
TOI-3919 b,TOI-3919,Transit,2024,Transiting Exoplanet Survey Satellite (TESS),1,1,1233.174219,12.31866979,7.433234,0.0795,0.259,1198,1.208,1.319,6100,0.33606,604.591,208.9447534,40.3918061
Kepler-1065 b,Kepler-1065,Transit,2016,Kepler,1,2,13.4,3.73,3.609308907,0.0455,0,1092,0.94,0.93,5635,-0.11584,1122.48,294.511319,38.7904648
Kepler-1077 b,Kepler-1077,Transit,2016,Kepler,1,1,8.1,2.77,34.3511874,0.2101,0,576,1.02,1.02,5816,0.00638,1101.42,291.0336333,42.2678448
Kepler-1194 b,Kepler-1194,Transit,2016,Kepler,1,1,2.89,1.51,16.22371307,0.1212,0,676,0.94,0.92,5590,-0.127,757.382,291.6994841,38.1452065
Kepler-1197 b,Kepler-1197,Transit,2016,Kepler,1,1,2.1,1.25,2.03231845,0.02869,0,1011,0.78,0.72,4708,-0.66629,486.94,291.6693437,42.5907441
Kepler-1146 b,Kepler-1146,Transit,2016,Kepler,1,1,2.04,1.23,2.352265797,0.0325,0,1019,0.74,0.7,4692,-0.64244,703.038,286.716712,47.425658
Kepler-1144 b,Kepler-1144,Transit,2016,Kepler,1,1,4.62,1.99,17.14647302,0.1291,0,811,0.98,0.96,5753,0.05604,1140.57,290.0432936,47.2578857
Kepler-1079 b,Kepler-1079,Transit,2016,Kepler,1,1,3.29,1.63,13.24503188,0.1092,0,887,1.08,1.36,5758,0.263,591.098,299.5495794,45.7696769
Kepler-1066 b,Kepler-1066,Transit,2016,Kepler,1,1,6.17,2.36,1.931559839,0.0298,0,1290,0.98,0.98,5762,-0.18995,344.251,298.866621,46.5022325
Kepler-1198 b,Kepler-1198,Transit,2016,Kepler,1,1,2.76,1.47,7.6847716,0.0732,0,830,0.93,0.9,5517,-0.23165,743.03,288.8339659,44.838198
Kepler-1199 b,Kepler-1199,Transit,2016,Kepler,1,1,1.6,1.15,15.0447198,0.11309,0,931,0.94,1.17,5889,0.18707,563.493,293.7258092,47.2469219
Kepler-968 b,Kepler-968,Transit,2016,Kepler,1,3,4.66,2,3.692983728,0.0389,0,745,0.76,0.7,4598,-0.7626,290.324,285.6025889,50.1120401
Kepler-1047 b,Kepler-1047,Transit,2016,Kepler,1,2,5.02,2.09,56.1886887,0.29871,0,503,1.08,1.13,5754,0.42359,817.647,288.6462564,50.7889645
Kepler-1148 b,Kepler-1148,Transit,2016,Kepler,1,1,3.5,1.69,1.104463509,0.0188,0,1397,0.81,0.77,5054,-0.53105,625.692,290.9536059,45.7195545
Kepler-1147 b,Kepler-1147,Transit,2016,Kepler,1,1,7.32,2.61,10.62784997,0.0961,0,872,1.09,1.14,5941,0.23534,1657.36,292.5474753,41.6429221
Kepler-1081 b,Kepler-1081,Transit,2016,Kepler,1,1,1.01,1.01,3.856918547,0.04662,0,972,0.88,0.84,5345,-0.30601,420.215,289.444752,41.3179652
Kepler-1062 b,Kepler-1062,Transit,2016,Kepler,1,1,3.75,1.76,9.30412078,0.0748,0,583,0.75,0.7,4597,-0.6822,397.455,283.8994187,41.221594
Kepler-1063 b,Kepler-1063,Transit,2016,Kepler,2,1,2.83,1.49,14.07971466,0.1176,0,931,1.09,1.14,5945,0.166,343.226,290.5267975,38.1428283
Kepler-1064 b,Kepler-1064,Transit,2016,Kepler,1,1,3.02,1.55,16.54080322,0.1183,0,570,0.85,0.79,5153,-0.401,374,291.7415821,37.6888103
Kepler-1084 b,Kepler-1084,Transit,2016,Kepler,1,1,1.41,1.11,2.05333679,0.0324,0,1737,1.12,1.28,6113,0.25259,405.533,290.1019809,48.251146
Kepler-1087 b,Kepler-1087,Transit,2016,Kepler,1,1,0.165,0.61,0.693842855,0.01554,0,2161,0.96,0.94,5589,-0.09746,362.623,294.9789253,46.0056741
Kepler-1207 b,Kepler-1207,Transit,2016,Kepler,1,1,3.26,1.62,13.68237119,0.1156,0,802,1.06,1.06,5909,0.63789,1754.19,295.0641963,49.3589615
Kepler-1209 b,Kepler-1209,Transit,2016,Kepler,1,1,2.89,1.51,25.369116,0.17515,0,755,1.23,1.38,6210,0.34256,505.531,287.5849352,49.1547328
Kepler-1114 b,Kepler-1114,Transit,2016,Kepler,1,1,2.39,1.35,14.97435694,0.11056,0,631,0.87,0.83,5374,-0.29317,418.417,299.2370531,45.8347781
Kepler-1115 b,Kepler-1115,Transit,2016,Kepler,1,1,3.53,1.7,23.5540725,0.2134,0,1381,1.6,1.73,8480,1.25385,983.245,294.9917723,40.1443964
Kepler-1154 b,Kepler-1154,Transit,2016,Kepler,1,2,6.08,2.34,5.1856142,0.0631,0,1314,1.26,1.43,6327,0.45174,1460.1,297.4771158,39.8772345
Kepler-1089 b,Kepler-1089,Transit,2016,Kepler,1,1,4.01,1.83,5.132485618,0.0497,0,584,0.52,0.49,3753,-1.29726,259.328,291.0926509,49.1901729
Kepler-1216 b,Kepler-1216,Transit,2016,Kepler,1,1,2.51,1.39,4.37034536,0.0519,0,1191,0.99,0.98,5743,0.0729,1258.36,287.4052661,45.917979
Kepler-1215 b,Kepler-1215,Transit,2016,Kepler,1,1,1.98,1.22,4.76703963,0.0528,0,1046,0.95,0.93,5616,-0.18176,661.022,297.4636477,48.1813978
Kepler-1117 b,Kepler-1117,Transit,2016,Kepler,1,1,1.41,1.11,4.79028459,0.05485,0,938,0.95,0.93,5612,-0.22396,568.487,292.0847866,49.2374206
Kepler-1156 b,Kepler-1156,Transit,2016,Kepler,1,1,2.3,1.32,11.89520511,0.09704,0,787,1,1,5778,-0.06802,691.331,288.9240901,46.0575865
Kepler-1092 b,Kepler-1092,Transit,2016,Kepler,1,1,4.94,2.07,58.6017925,0.2996,0,508,0.99,1,5862,0.09586,981.233,297.7232008,47.1126833
Kepler-1093 b,Kepler-1093,Transit,2016,Kepler,1,2,4.46,1.95,25.0824626,0.17543,0,776,1.13,1.2,6166,0.46038,1072.88,284.9780251,41.4202077
Kepler-1210 b,Kepler-1210,Transit,2016,Kepler,1,1,3.53,1.7,8.07124073,0.0753,0,856,0.94,0.92,5568,-0.14879,1176.53,292.8321598,48.2193376
Kepler-1212 b,Kepler-1212,Transit,2016,Kepler,1,1,5.22,2.14,12.94130146,0.1082,0,795,1.1,1.15,6051,0.21104,1316.57,296.8534096,50.0373196
Kepler-1120 b,Kepler-1120,Transit,2016,Kepler,1,1,2.48,1.38,2.949029052,0.0369,0,1027,0.78,0.74,4904,-0.58813,615.231,290.9144516,42.2865522
Kepler-1159 b,Kepler-1159,Transit,2016,Kepler,1,1,6.21,2.37,22.70816791,0.1603,0,677,1.19,1.28,6217,0.29847,1213.71,294.266325,45.2042317
Kepler-1160 b,Kepler-1160,Transit,2016,Kepler,1,1,5.22,2.14,7.97034958,0.0755,0,839,0.92,0.89,5519,-0.34326,1077.63,287.8793899,43.3640752
Kepler-1096 b,Kepler-1096,Transit,2016,Kepler,1,1,2.07,1.24,2.892217506,0.034,0,794,0.66,0.63,4306,-0.84044,377.976,294.7094688,45.9695533
Kepler-1094 b,Kepler-1094,Transit,2016,Kepler,1,1,10.2,3.18,78.1000231,0.3625,0,480,1.14,1.21,6112,0.17811,1291.01,292.3012109,38.2669983
Kepler-1214 b,Kepler-1214,Transit,2016,Kepler,1,1,6.17,2.36,18.82634264,0.128,0,591,0.85,0.8,5130,-0.41949,729.227,285.1427113,49.8006565
Kepler-1122 b,Kepler-1122,Transit,2016,Kepler,1,1,4.82,2.04,42.1917357,0.2315,0,526,0.92,0.89,5544,0.05875,1230.42,288.2805801,46.3408747
Kepler-1124 b,Kepler-1124,Transit,2016,Kepler,1,1,2.18,1.28,2.852348975,0.0305,0,621,0.35,0.34,3658,-1.32347,289.899,286.5942529,37.8912836
Kepler-1161 b,Kepler-1161,Transit,2016,Kepler,1,1,5.18,2.13,10.71252541,0.0784,0,485,0.59,0.57,4253,-0.65314,547.726,299.0770621,45.4405583
Kepler-1097 b,Kepler-1097,Transit,2016,Kepler,1,1,10.7,3.26,187.747029,0.5791,0,267,0.82,0.79,5211,-0.40444,719.802,281.5941261,42.5963949
Kepler-1098 b,Kepler-1098,Transit,2016,Kepler,1,1,2.24,1.3,2.543072855,0.0358,0,1319,0.99,0.99,5794,0.15655,1049.19,295.502673,43.2326992
Kepler-1046 b,Kepler-1046,Transit,2016,Kepler,1,1,3.57,1.71,14.37508035,0.11858,0,786,1.04,1.04,5913,0.06429,721.534,296.7558056,46.9982799
TOI-4153 b,TOI-4153,Transit,2024,Transiting Exoplanet Survey Satellite (TESS),1,1,365.5026681,16.11851425,4.6174141,0.06311,0.039,1669,1.572,1.605,6860,0.71349,423.84,335.3934698,82.2160792
Kepler-1125 b,Kepler-1125,Transit,2016,Kepler,1,1,4.04,1.84,17.6700642,0.1348,0,778,0.95,0.94,5683,0.64744,2011.41,295.4812018,40.7319316
Kepler-1126 b,Kepler-1126,Transit,2016,Kepler,1,2,3.64,1.73,108.593329,0.41251,0,374,0.92,0.93,5798,-0.09926,635.736,285.691955,45.6893993
Kepler-1166 b,Kepler-1166,Transit,2016,Kepler,1,1,3.5,1.69,33.2406882,0.1975,0,486,0.9,0.86,5446,-0.25594,634.906,290.3484956,50.9028387
Kepler-1164 b,Kepler-1164,Transit,2016,Kepler,1,1,1.46,1.12,3.97599768,0.04635,0,936,0.85,0.79,5183,-0.39926,431.622,287.5296372,38.8945065
Kepler-1102 b,Kepler-1102,Transit,2016,Kepler,1,1,7.56,2.66,51.3285623,0.2731,0,546,0.96,0.94,5724,0.13927,1246.05,281.3225917,48.0664955
Kepler-1100 b,Kepler-1100,Transit,2016,Kepler,1,1,3.71,1.75,6.42200058,0.06745,0,1000,1.21,1.34,6247,0.08792,693.618,291.8713535,44.0873907
Kepler-1000 b,Kepler-1000,Transit,2016,Kepler,1,1,20.3,4.76,120.0181272,0.5326,0,473,1.4,1.51,6453,0.7147,1115.62,286.6854729,47.0981948
Kepler-1127 b,Kepler-1127,Transit,2016,Kepler,1,1,4.5,1.96,5.12330347,0.0556,0,994,0.97,0.95,5664,-0.25911,842.459,293.2173563,42.7205846
Kepler-1128 b,Kepler-1128,Transit,2016,Kepler,1,1,12.9,3.65,61.6178167,0.302,0,424,0.94,0.91,5543,-0.19585,1083.41,293.063315,39.4034052
Kepler-1073 b,Kepler-1073,Transit,2016,Kepler,1,3,5.9,2.3,8.67888593,0.0805,0,905,1,1,5792,-0.01023,809.897,294.1527259,38.2330886
Kepler-1169 b,Kepler-1169,Transit,2016,Kepler,1,1,0.779,0.94,6.11009134,0.06931,0,1125,1.24,1.23,6191,0.26202,522.823,294.9115874,46.4914718
Kepler-1106 b,Kepler-1106,Transit,2016,Kepler,1,1,3.36,1.65,1.252752174,0.0239,0,2199,1.11,1.17,6104,0.15896,1090.7,291.1451576,44.0624715
Kepler-1037 b,Kepler-1037,Transit,2016,Kepler,1,1,2.18,1.28,1.063788673,0.0198,0,1650,0.82,0.78,5105,-0.44752,446.914,296.3410342,47.1709335
Kepler-1131 b,Kepler-1131,Transit,2016,Kepler,1,1,3.15,1.59,3.53232449,0.0459,0,1159,1.03,1.04,5851,-0.02783,1030.7,295.6514492,49.2612954
Kepler-1132 b,Kepler-1132,Transit,2016,Kepler,1,1,6.12,2.35,62.8916228,0.2881,0,384,0.87,0.83,5298,-0.37811,867.931,286.3675188,48.4238906
Kepler-480 b,Kepler-480,Transit,2016,Kepler,1,1,8.15,2.78,4.919583795,0.06024,0,1312,1.25,1.34,6322,0.47779,847.508,294.4639165,49.7650473
Kepler-1108 b,Kepler-1108,Transit,2016,Kepler,1,1,2.73,1.46,4.51005748,0.0511,0,1063,0.88,0.84,5406,-0.25795,767.701,296.0422962,45.98514
Kepler-1109 b,Kepler-1109,Transit,2016,Kepler,1,1,5.43,2.19,37.6467384,0.2466,0,787,1.05,1.06,5893,-0.07583,685.087,291.6462654,39.3966122
Kepler-994 b,Kepler-994,Transit,2016,Kepler,1,1,3.19,1.6,1.151166506,0.0177,0,957,0.56,0.54,3934,-1.13919,188.158,289.0720752,47.406918
Kepler-1133 b,Kepler-1133,Transit,2016,Kepler,1,1,4.54,1.97,11.55562343,0.0983,0,703,0.93,0.9,5569,-0.20972,753.135,293.3224114,42.8674925
Kepler-1172 b,Kepler-1172,Transit,2016,Kepler,1,1,10.3,3.2,26.0204423,0.168,0,675,0.92,0.89,5558,-0.16073,1306.53,290.4744875,37.7665499
Kepler-1173 b,Kepler-1173,Transit,2016,Kepler,1,1,0.64,0.89,0.7698536,0.0156,0,1650,0.86,0.82,5252,-0.43521,377.06,293.1311803,45.6634153
Kepler-1111 b,Kepler-1111,Transit,2016,Kepler,1,1,4.66,2,8.79617863,0.0872,0,938,1.1,1.15,6077,-0.0903,841.536,295.4634045,45.8127697
Kepler-1049 b,Kepler-1049,Transit,2016,Kepler,1,1,0.809,0.95,3.273460736,0.0349,0,625,0.51,0.49,3864,-1.13956,162.006,287.3469567,47.7729078
Kepler-1135 b,Kepler-1135,Transit,2016,Kepler,1,1,4.08,1.85,76.957857,0.3436,0,451,0.96,0.94,5656,0.43703,1314.64,286.0029904,44.7565551
Kepler-478 b,Kepler-478,Transit,2016,Kepler,1,1,7.8,2.71,13.2217576,0.1032,0,640,0.85,0.8,5210,-0.371,420,292.4870063,46.196187
Kepler-1175 b,Kepler-1175,Transit,2016,Kepler,1,1,9.22,2.99,37.94563,0.2181,0,515,0.9,0.86,5453,-0.3398,1121.89,289.1426847,46.8129656
Kepler-1174 b,Kepler-1174,Transit,2016,Kepler,1,1,3.15,1.59,6.89225223,0.0732,0,1156,1.04,1.04,5936,0.55531,1408.75,281.8314296,42.298891
Kepler-508 b,Kepler-508,Transit,2016,Kepler,1,1,3.33,1.64,25.30889748,0.17274,0,710,1.16,1.25,6025,0.28949,324.618,295.4042546,42.9812789
Kepler-954 b,Kepler-954,Transit,2016,Kepler,1,1,5.99,2.32,16.78176602,0.1202,0,545,0.82,0.76,4990,-0.5722,215.814,295.8594318,47.9396001
Kepler-1050 b,Kepler-1050,Transit,2016,Kepler,1,2,3.19,1.6,15.3787546,0.12353,0,1039,1.09,1.13,6010,0.05871,490.488,282.9249847,48.6264015
Kepler-1136 b,Kepler-1136,Transit,2016,Kepler,1,1,3.33,1.64,2.361724329,0.0299,0,922,0.72,0.68,4512,-0.85345,491.406,284.1078441,44.2458047
Kepler-1177 b,Kepler-1177,Transit,2016,Kepler,1,1,4.27,1.9,106.247547,0.4301,0,377,0.98,0.97,5712,0.34212,1299.97,286.6714813,49.4062964
Kepler-1075 b,Kepler-1075,Transit,2016,Kepler,1,1,2.6,1.42,1.52372816,0.0208,0,818,0.56,0.54,3959,-1.11289,291.275,287.5011404,47.4691157
Kepler-1186 b,Kepler-1186,Transit,2016,Kepler,1,1,5.6,2.23,16.07677615,0.1281,0,724,0.95,0.93,5635,0.06369,1337.25,288.4796333,47.1017438
Kepler-1188 b,Kepler-1188,Transit,2016,Kepler,1,1,4.98,2.08,17.1369543,0.135,0,775,1.04,1.06,5913,0.39786,1717.48,283.1038438,43.1480487
Kepler-1001 b,Kepler-1001,Transit,2016,Kepler,1,2,10.1,3.15,14.30511983,0.11147,0,693,0.9,0.88,5491,-0.27856,928.978,286.2739151,48.6186972
Kepler-1277 b,Kepler-1277,Transit,2016,Kepler,1,1,3.19,1.6,40.8365012,0.21857,0,496,0.94,0.92,5578,-0.19906,557.193,295.1025166,40.5723736
Kepler-1276 b,Kepler-1276,Transit,2016,Kepler,1,1,1.81,1.19,12.5720095,0.10863,0,886,1.14,1.21,6188,0.2204,538.481,287.8570173,40.5471909
Kepler-1323 b,Kepler-1323,Transit,2016,Kepler,1,1,2.92,1.52,0.929906678,0.01911,0,2291,1.18,1.4,6169,0.29462,465.417,292.8722515,46.098729
Kepler-1322 b,Kepler-1322,Transit,2016,Kepler,1,2,3.22,1.61,0.962867382,0.0183,0,1666,0.9,0.87,5488,-0.10053,1350.32,293.2045009,45.4353919
Kepler-1368 b,Kepler-1368,Transit,2016,Kepler,1,1,3.36,1.65,0.675649486,0.0153,0,2085,1.07,1.08,5906,0.05077,1635.82,294.7669795,41.6446434
Kepler-1236 b,Kepler-1236,Transit,2016,Kepler,1,1,5.22,2.14,31.0571618,0.1803,0,480,0.86,0.82,5337,-0.37915,999.64,295.6247375,42.5458739
Kepler-1280 b,Kepler-1280,Transit,2016,Kepler,1,1,4.16,1.87,66.5579057,0.33982,0,757,1.2,1.32,6227,0.6788,1486.7,293.5738933,45.3844919
Kepler-1279 b,Kepler-1279,Transit,2016,Kepler,1,1,3.71,1.75,23.4774101,0.1785,0,738,1.21,1.33,6221,0.69281,1494.22,288.0955917,40.365909
Kepler-1281 b,Kepler-1281,Transit,2016,Kepler,1,1,3.33,1.64,3.11602791,0.0415,0,1123,0.87,0.83,5353,-0.292,1090,295.3543571,48.5153932
Kepler-1327 b,Kepler-1327,Transit,2016,Kepler,1,1,3.89,1.8,14.88801098,0.11151,0,831,1.02,1.03,5885,0.0362,678.069,289.0648073,50.4609183
Kepler-1325 b,Kepler-1325,Transit,2016,Kepler,1,1,8.55,2.86,33.8786838,0.2004,0,564,0.93,0.91,5550,-0.13603,973.368,285.0171505,42.085312
Kepler-1372 b,Kepler-1372,Transit,2016,Kepler,1,1,2.15,1.27,1.311555568,0.024,0,1655,0.98,0.97,5677,0.0124,1303.22,288.8865895,44.8394672
Kepler-1239 b,Kepler-1239,Transit,2016,Kepler,1,1,8.75,2.9,5.19104016,0.0625,0,1183,1.4,1.57,6564,0.44712,2140.6,293.1273357,42.3200578
Kepler-1283 b,Kepler-1283,Transit,2016,Kepler,1,1,4.31,1.91,12.9460978,0.1062,0,764,1.16,1.25,6175,0.92675,2921.99,295.4623336,40.7769335
Kepler-1330 b,Kepler-1330,Transit,2016,Kepler,1,1,3.36,1.65,10.10769068,0.0889,0,879,0.97,0.94,5608,0.42575,1720.48,290.5767116,39.9568913
Kepler-1373 b,Kepler-1373,Transit,2016,Kepler,1,1,1.65,1.16,1.29123275,0.02598,0,1887,1.22,1.33,6299,0.77358,1699.46,285.7520229,39.2491731
Kepler-1374 b,Kepler-1374,Transit,2016,Kepler,1,1,5.86,2.29,10.65276707,0.0918,0,737,0.85,0.81,5323,-0.36814,1078.46,291.3499783,45.1722521
Kepler-1287 b,Kepler-1287,Transit,2016,Kepler,1,1,2.99,1.54,11.47685909,0.0976,0,796,0.96,0.94,5715,-0.09078,1003.26,289.1346298,47.063018
Kepler-1333 b,Kepler-1333,Transit,2016,Kepler,1,1,8.3,2.81,109.6471842,0.4382,0,428,0.94,0.92,5628,-0.18777,932.446,293.5275797,41.111394
Kepler-1332 b,Kepler-1332,Transit,2016,Kepler,1,1,2.45,1.37,11.87456832,0.09915,0,728,0.95,0.9,5581,-0.13733,528.685,291.0286411,43.9137055
Kepler-528 b,Kepler-528,Transit,2016,Kepler,1,1,4.98,2.08,19.78297415,0.14219,0,708,1.01,1.06,5807,0.15784,784.23,295.6848595,47.7480914
Kepler-1376 b,Kepler-1376,Transit,2016,Kepler,1,1,1.16,1.05,5.30880656,0.0598,0,1042,0.98,0.97,5659,-0.07062,868.056,286.9584368,42.541409
Kepler-1289 b,Kepler-1289,Transit,2016,Kepler,1,1,2.92,1.52,7.99019627,0.0785,0,1113,1.1,1.17,6080,0.16032,1053.57,296.388767,41.040509
Kepler-1335 b,Kepler-1335,Transit,2016,Kepler,1,1,2.7,1.45,6.26406846,0.0615,0,809,0.77,0.74,4903,-0.5555,621.853,284.8384394,42.0703371
Kepler-1334 b,Kepler-1334,Transit,2016,Kepler,1,1,5.86,2.29,15.64591713,0.1229,0,710,0.94,0.91,5614,0.0276,1223.04,289.311532,51.3209059
Kepler-1377 b,Kepler-1377,Transit,2016,Kepler,1,1,2.1,1.25,0.740928422,0.0153,0,1873,0.86,0.82,5218,-0.29327,1146.1,289.1954229,46.6516055
Kepler-1378 b,Kepler-1378,Transit,2016,Kepler,1,1,5.48,2.2,11.95398936,0.0885,0,525,0.7,0.67,4407,-0.90346,506.434,297.373403,40.3663986
Kepler-1247 b,Kepler-1247,Transit,2016,Kepler,1,1,6.04,2.33,13.71220213,0.1091,0,676,0.86,0.82,5303,-0.34527,1045.92,294.5335974,46.6182365
Kepler-520 b,Kepler-520,Transit,2016,Kepler,1,2,3.39,1.66,19.67416124,0.14628,0,711,1.1,1.09,6112,0.51032,623.901,293.1802903,41.6177408
Kepler-1291 b,Kepler-1291,Transit,2016,Kepler,1,1,3.39,1.66,8.63043276,0.0779,0,739,0.84,0.8,5216,-0.46748,897.352,289.3770051,40.0010791
Kepler-1292 b,Kepler-1292,Transit,2016,Kepler,1,1,3.97,1.82,3.27646405,0.0443,0,1195,0.95,0.93,5556,-0.09051,1493.43,284.9057222,43.9491434
Kepler-1337 b,Kepler-1337,Transit,2016,Kepler,1,1,6.39,2.41,24.4002549,0.1441,0,437,0.7,0.67,4523,-0.74221,601.629,287.0091176,46.7961229
Kepler-1381 b,Kepler-1381,Transit,2016,Kepler,1,1,5.69,2.25,25.3842686,0.1728,0,649,0.96,0.94,5747,-0.11708,1197.04,287.5357911,48.727783
Kepler-1248 b,Kepler-1248,Transit,2016,Kepler,1,1,1.76,1.18,7.46725407,0.0806,0,1035,1.21,1.21,6149,0.276,593.026,288.0592191,51.3544564
Kepler-1251 b,Kepler-1251,Transit,2016,Kepler,1,1,4.04,1.84,45.0904643,0.2478,0,487,0.92,0.89,5545,-0.15264,902.204,292.1151093,49.2563792
Kepler-1293 b,Kepler-1293,Transit,2016,Kepler,1,1,0.871,0.97,5.57654784,0.06763,0,1183,1.18,1.28,6241,0.60386,1028.16,290.0258783,48.3359227
Kepler-1341 b,Kepler-1341,Transit,2016,Kepler,2,1,9.22,2.99,132.9968322,0.47267,0,241,0.79,0.72,4662,-0.63776,476.957,280.5116813,44.1593503
Kepler-1342 b,Kepler-1342,Transit,2016,Kepler,1,1,3.39,1.66,2.215710358,0.0313,0,1283,0.93,0.9,5527,-0.26092,890.724,297.0200549,43.4325382
Kepler-1388 b,Kepler-1388,Transit,2016,Kepler,1,4,7.22,2.59,12.2854603,0.0882,0,434,0.63,0.61,4098,-1.1068,453.795,283.3360156,47.1744499
Kepler-1252 b,Kepler-1252,Transit,2016,Kepler,1,1,3.43,1.67,15.0540329,0.1078,0,665,1.06,1.09,5949,-0.12958,648.979,298.9503634,46.6928437
Kepler-1253 b,Kepler-1253,Transit,2016,Kepler,1,1,2.33,1.33,68.8861915,0.31444,0,501,0.97,1.1,5850,0.34479,514.524,283.8852196,47.6371507
Kepler-1295 b,Kepler-1295,Transit,2016,Kepler,1,1,3.02,1.55,3.81371974,0.0464,0,1029,0.92,0.89,5486,-0.28279,1174.46,291.3978451,45.588553
Kepler-1344 b,Kepler-1344,Transit,2016,Kepler,1,1,4.04,1.84,4.7683049,0.05501,0,1219,1.09,1.13,5981,0.14599,853.959,287.0862799,46.9457998
Kepler-1343 b,Kepler-1343,Transit,2016,Kepler,1,1,4.38,1.93,3.35183158,0.0449,0,1294,0.95,0.93,5759,0.19529,1756.71,294.294483,50.725385
Kepler-1379 b,Kepler-1379,Transit,2016,Kepler,1,1,2.24,1.3,0.881841146,0.0171,0,1564,0.83,0.79,5188,-0.40329,971.325,293.6704404,41.4102105
Kepler-1382 b,Kepler-1382,Transit,2016,Kepler,1,1,4.19,1.88,16.3583055,0.14023,0,959,1.36,1.72,6161,0.57225,738.261,295.3774182,39.0480365
Kepler-1256 b,Kepler-1256,Transit,2016,Kepler,1,1,2.83,1.49,12.4127754,0.10733,0,933,1.17,1.36,6129,0.42833,891.192,291.4742443,44.6834119
Kepler-1254 b,Kepler-1254,Transit,2016,Kepler,1,3,3.02,1.55,9.99113313,0.0833,0,660,0.78,0.75,4985,-0.57202,622.818,285.1733174,48.7700099
Kepler-1347 b,Kepler-1347,Transit,2016,Kepler,1,1,1.08,1.03,14.00947528,0.104,0,617,0.82,0.79,5193,-0.388,321,299.6595903,40.8438526
Kepler-1346 b,Kepler-1346,Transit,2016,Kepler,1,1,3.12,1.58,3.40165668,0.044,0,1236,1.14,1.21,6133,-0.00806,843.701,291.841341,45.179185
Kepler-1386 b,Kepler-1386,Transit,2016,Kepler,1,1,2.07,1.24,6.73972381,0.068,0,1011,1.02,1.03,5733,0.00882,835.882,280.8233646,42.6360518
Kepler-1259 b,Kepler-1259,Transit,2016,Kepler,1,1,2.63,1.43,0.663085258,0.0141,0,1681,0.8,0.77,5053,-0.33296,805.562,297.8414628,46.9676288
Kepler-1257 b,Kepler-1257,Transit,2016,Kepler,1,1,2.92,1.52,2.668313762,0.0376,0,1252,0.9,0.87,5502,-0.13622,1105.95,296.0756231,45.6270165
Kepler-616 c,Kepler-616,Transit,2016,Kepler,1,3,11.5,3.41,90.4113556,0.4024,0,413,0.98,0.97,5753,-0.11149,945.775,294.989137,46.8383058
Kepler-1300 b,Kepler-1300,Transit,2016,Kepler,1,1,2.45,1.37,22.2419092,0.16005,0,954,1.29,1.79,6130,0.63621,777.025,289.0330532,40.0869182
Kepler-1350 b,Kepler-1350,Transit,2016,Kepler,1,2,6.9,2.52,4.4968604,0.0413,0,535,0.55,0.53,3827,-1.2834,340.691,288.250611,46.6794847
Kepler-1351 b,Kepler-1351,Transit,2016,Kepler,1,1,0.208,0.65,0.916140768,0.0156,0,1212,0.7,0.67,4439,-0.98254,202.782,293.6084289,42.1978746
Kepler-516 b,Kepler-516,Transit,2016,Kepler,1,1,27.9,5.74,24.85462415,0.1992,0,1095,1.62,2.02,7099,0.79832,687.094,295.6087625,38.7357368
Kepler-1217 b,Kepler-1217,Transit,2016,Kepler,1,1,4.62,1.99,2.032325072,0.0326,0,1542,1.06,1.08,5905,0.08509,1347.71,289.1866841,50.9375614
Kepler-1218 b,Kepler-1218,Transit,2016,Kepler,1,1,2.67,1.44,22.9221266,0.15698,0,684,1.06,1.1,5986,0.36296,840.503,291.5788505,44.5316825
Kepler-1261 b,Kepler-1261,Transit,2016,Kepler,1,1,5.73,2.26,48.4308991,0.239,0,396,0.82,0.77,5006,-0.5233,744.294,285.2324786,48.8066963
Kepler-1263 b,Kepler-1263,Transit,2016,Kepler,1,1,1.55,1.14,4.55139967,0.0499,0,907,0.84,0.8,5213,-0.41402,664.83,286.483626,46.7526182
Kepler-1303 b,Kepler-1303,Transit,2016,Kepler,1,1,2.6,1.42,7.56127224,0.0751,0,891,1.01,1,5771,-0.00195,897.783,284.287147,42.3555784
Kepler-1305 b,Kepler-1305,Transit,2016,Kepler,1,1,4.19,1.88,13.5630972,0.1109,0,733,0.97,0.96,5701,0.08368,1575.23,297.3394624,46.3472165
Kepler-521 b,Kepler-521,Transit,2016,Kepler,1,1,10.2,3.18,22.20813214,0.17116,0,803,1.34,1.46,6406,0.67119,830.638,298.8163801,43.9980203
Kepler-1219 b,Kepler-1219,Transit,2016,Kepler,1,1,5.14,2.12,16.10467749,0.14146,0,1159,1.25,1.94,5944,0.92552,880.895,297.2158443,47.3785082
Kepler-1220 b,Kepler-1220,Transit,2016,Kepler,1,1,2.92,1.52,7.42693741,0.0734,0,899,1,0.99,5842,0.02481,961.907,297.070398,42.9777396
Kepler-1264 b,Kepler-1264,Transit,2016,Kepler,1,1,1.76,1.18,0.968526023,0.01839,0,1677,0.99,0.98,5791,-0.05475,801.993,289.8844102,45.2115075
Kepler-1265 b,Kepler-1265,Transit,2016,Kepler,1,1,2.39,1.35,6.49441289,0.0612,0,732,0.71,0.69,4630,-0.70004,583.641,284.5858364,47.0795646
Kepler-1223 b,Kepler-1223,Transit,2016,Kepler,1,1,1.98,1.22,16.301259,0.1186,0,557,0.8,0.75,4870,-0.54142,459.957,285.2956462,44.5527542
Kepler-1224 b,Kepler-1224,Transit,2016,Kepler,1,1,2.33,1.33,13.32351601,0.11625,0,872,1.18,1.22,6155,0.29282,559.598,286.6257591,37.537313
Kepler-1268 b,Kepler-1268,Transit,2016,Kepler,1,1,4.78,2.03,40.9903986,0.2383,0,627,1.06,1.09,5904,0.34483,1840.77,287.838419,43.1531776
Kepler-1266 b,Kepler-1266,Transit,2016,Kepler,1,2,7.18,2.58,28.474748,0.16431,0,489,0.8,0.76,5044,-0.52996,849.312,285.8693277,42.7279996
Kepler-1309 b,Kepler-1309,Transit,2016,Kepler,1,1,6.21,2.37,28.8432647,0.1679,0,491,0.85,0.8,5235,-0.60322,845,298.7351131,40.7641262
Kepler-517 b,Kepler-517,Transit,2016,Kepler,2,1,7.61,2.67,60.92832271,0.28682,0,467,0.95,0.98,5690,-0.01857,289.907,293.6755138,41.2952061
Kepler-1358 b,Kepler-1358,Transit,2016,Kepler,1,1,1.46,1.12,7.06317341,0.0656,0,827,0.82,0.79,5181,-0.41347,546.998,286.1705469,43.0089
Kepler-1359 b,Kepler-1359,Transit,2016,Kepler,1,1,8.4,2.83,59.4970952,0.26657,0,369,0.78,0.72,4709,-0.7173,614.859,289.538818,41.8928154
Kepler-1225 b,Kepler-1225,Transit,2016,Kepler,1,1,3.97,1.82,7.01075434,0.0771,0,1453,1.13,1.19,6140,0.33289,1347.52,290.6332748,40.1369671
Kepler-1270 b,Kepler-1270,Transit,2016,Kepler,1,1,11,3.32,6.03356196,0.07045,0,1598,1.28,3.38,5047,0.71321,1095.05,286.7156676,48.6452552
Kepler-1314 b,Kepler-1314,Transit,2016,Kepler,1,1,22.9,5.11,5.424749281,0.0504,0,625,0.6,0.59,4188,-1.89109,141.9868506,294.2373599,45.1968274
Kepler-1362 b,Kepler-1362,Transit,2016,Kepler,1,1,7.27,2.6,136.205626,0.4626,0,248,0.8,0.74,4857,-0.60131,731.298,288.5385574,40.8771276
Kepler-1363 b,Kepler-1363,Transit,2016,Kepler,1,1,2.1,1.25,2.94194094,0.0363,0,988,0.76,0.72,4839,-0.62622,541.714,296.9964872,49.2563228
Kepler-1227 b,Kepler-1227,Transit,2016,Kepler,1,1,5.86,2.29,94.2887577,0.38555,0,369,0.97,0.95,5747,-0.15834,623.706,287.0664109,41.8749712
Kepler-1228 b,Kepler-1228,Transit,2016,Kepler,1,1,2.99,1.54,0.577369579,0.01186,0,1757,0.78,0.74,5063,-0.5546,515.453,296.552761,46.9661945
Kepler-1316 b,Kepler-1316,Transit,2016,Kepler,1,1,12.3,3.54,87.9732136,0.39765,0,446,1.04,1.12,5884,0.25347,800.871,298.8358277,40.2930714
Kepler-1318 b,Kepler-1318,Transit,2016,Kepler,1,1,9.85,3.11,213.257663,0.6085,0,202,0.73,0.7,4598,-0.72991,475.248,290.3763246,41.1507928
Kepler-1364 b,Kepler-1364,Transit,2016,Kepler,1,1,5.27,2.15,13.32196237,0.1284,0,1299,1.49,1.79,6805,0.792,1056.9,295.1521334,49.5876179
Kepler-1366 b,Kepler-1366,Transit,2016,Kepler,1,1,2.63,1.43,2.164570968,0.0273,0,783,0.62,0.6,4070,-0.99602,465.826,285.0648845,41.5548464
Kepler-1231 b,Kepler-1231,Transit,2016,Kepler,1,1,2.6,1.42,10.41725184,0.0914,0,870,1.01,1,5778,0.02302,987.237,288.5882888,42.6056644
Kepler-523 b,Kepler-523,Transit,2016,Kepler,1,1,4.5,1.96,5.835983111,0.06159,0,884,0.93,0.86,5515,-0.27953,253.295,284.0611224,45.5068127
Kepler-1274 b,Kepler-1274,Transit,2016,Kepler,1,1,2.6,1.42,6.98152703,0.08161,0,1384,1.45,2.17,6179,0.79752,614.648,284.5936858,46.4497364
Kepler-1367 b,Kepler-1367,Transit,2016,Kepler,1,1,0.721,0.92,1.574090272,0.0236,0,998,0.62,0.6,4106,-0.90488,401.484,288.4166786,47.8787308
Kepler-1235 b,Kepler-1235,Transit,2016,Kepler,1,1,0.418,0.79,4.16055856,0.04836,0,985,0.93,0.9,5541,-0.15625,540.604,284.9030677,43.9540616
Kepler-1424 b,Kepler-1424,Transit,2016,Kepler,1,1,1.65,1.16,29.6091744,0.19068,0,629,1.02,1.07,5838,0.27098,661.421,290.9916648,40.2293347
Kepler-1426 b,Kepler-1426,Transit,2016,Kepler,1,1,3.05,1.56,14.2563227,0.1187,0,797,1.02,1.02,5831,0.0355,1697.81,292.5457096,49.4168981
Kepler-556 b,Kepler-556,Transit,2016,Kepler,1,1,5.65,2.24,11.72292176,0.09833,0,766,1,0.98,5740,-0.04785,674.598,290.5294799,38.9427306
Kepler-1586 b,Kepler-1586,Transit,2016,Kepler,1,1,2.92,1.52,15.6049212,0.12208,0,1013,1.45,1.75,6681,0.18311,552.55,298.2026236,44.9258585
Kepler-770 d,Kepler-770,Transit,2016,Kepler,1,3,2.54,1.4,4.15244722,0.0616,0,1941,0.94,0.92,5598,0.05399,930.457,286.4904589,38.374872
Kepler-783 b,Kepler-783,Transit,2016,Kepler,1,2,0.399,0.78,4.29264638,0.04958,0,991,0.93,0.89,5521,-0.23092,516.09,291.0628615,47.484789
Kepler-1427 b,Kepler-1427,Transit,2016,Kepler,1,1,1.37,1.1,0.968972376,0.0197,0,1844,1.01,1.01,5793,0.0156,1220,295.3496546,45.1145372
Kepler-1428 b,Kepler-1428,Transit,2016,Kepler,1,1,3.33,1.64,10.67607169,0.11051,0,1049,1.28,1.36,6184,0.94388,1530.32,297.6422563,49.594958
Kepler-541 b,Kepler-541,Transit,2016,Kepler,1,1,11.2,3.36,5.08005848,0.06447,0,1673,1.41,2.06,6166,0.75505,1060.68,294.1496529,38.458207
Kepler-1165 b,Kepler-1165,Transit,2016,Kepler,1,2,3.02,1.55,9.478522,0.0914,0,946,1.13,1.18,6080,0.55152,1575.2,286.9712284,44.7082669
Kepler-1553 b,Kepler-1553,Transit,2016,Kepler,1,1,1.6,1.15,4.24261881,0.0481,0,926,0.85,0.81,5288,-0.33811,692.594,291.9191348,39.0221769
Kepler-1588 b,Kepler-1588,Transit,2016,Kepler,1,1,0.363,0.76,7.84931739,0.07419,0,925,0.96,0.99,5817,0.3203,924.141,288.2327232,48.0021967
Kepler-1589 b,Kepler-1589,Transit,2016,Kepler,1,1,1.32,1.09,0.991665274,0.0205,0,2102,1.18,1.25,6166,0.32934,1513.14,294.4418236,40.5716114
Kepler-1432 b,Kepler-1432,Transit,2016,Kepler,1,1,5.56,2.22,23.9109011,0.1696,0,709,1.09,1.13,6031,0.4492,2171.87,295.5241011,49.8295211
Kepler-1556 b,Kepler-1556,Transit,2016,Kepler,1,1,4.5,1.96,8.82713457,0.0829,0,797,0.97,0.95,5608,-0.23063,944.54,288.3969751,40.2131892
Kepler-1590 b,Kepler-1590,Transit,2016,Kepler,1,1,1.55,1.14,7.61760804,0.07116,0,1020,1.11,1.16,6053,0.06336,771.152,291.4079141,48.0178915
Kepler-398 d,Kepler-398,Transit,2016,Kepler,1,3,0.615,0.88,6.83437001,0.0618,0,636,0.72,0.67,4557,-0.81101,177.355,291.4688524,40.3437001
Kepler-1321 c,Kepler-1321,Transit,2016,Kepler,1,3,6.35,2.4,2.226491086,0.0267,0,697,0.54,0.53,4094,-0.8624,769.146,294.528597,46.6408737
Kepler-1433 b,Kepler-1433,Transit,2016,Kepler,1,1,3.05,1.56,4.13592271,0.0516,0,1226,1.14,1.19,6097,0.247,1328,287.3634559,49.4568649
Kepler-1557 b,Kepler-1557,Transit,2016,Kepler,1,1,2.96,1.53,3.74032496,0.049,0,1287,1.11,1.17,6099,0.11938,1380.16,293.8813592,46.8388172
Kepler-1178 b,Kepler-1178,Transit,2016,Kepler,1,1,1.24,1.07,31.80634,0.1596,0,378,0.8,0.75,4990,-0.27723,482.287,288.4561183,45.8022258
Kepler-1592 b,Kepler-1592,Transit,2016,Kepler,1,1,2.99,1.54,3.05710069,0.04,0,1202,1.18,1.28,6213,0.50716,1639.47,293.850623,38.3977379
Kepler-1365 c,Kepler-1365,Transit,2016,Kepler,1,2,0.437,0.8,4.77468005,0.05701,0,1137,1,1.05,5770,0.42479,840.128,292.1996573,42.0459944
Kepler-1370 c,Kepler-1370,Transit,2016,Kepler,1,2,2.15,1.27,7.44142113,0.08084,0,1075,1.19,1.29,6202,0.45795,1004.1,284.5656897,41.7784781
Kepler-1336 c,Kepler-1336,Transit,2016,Kepler,1,2,3.57,1.71,5.77721211,0.06272,0,1260,0.94,1.3,5512,0.42052,1126.64,296.2776587,46.8998006
Kepler-1558 b,Kepler-1558,Transit,2016,Kepler,1,1,0.244,0.68,3.50470358,0.04278,0,1019,0.83,0.79,5101,-0.48006,325.737,286.8194349,46.9117837
Kepler-1594 b,Kepler-1594,Transit,2016,Kepler,1,1,1.2,1.06,2.71603809,0.0396,0,1360,1.06,1.08,5946,-0.00032,976.868,293.6230451,47.9619127
Kepler-1595 b,Kepler-1595,Transit,2016,Kepler,1,1,2.04,1.23,4.56380468,0.051,0,980,0.84,0.8,5203,-0.36327,845.022,285.7227502,43.0094855
Kepler-1388 c,Kepler-1388,Transit,2016,Kepler,1,4,5.73,2.26,5.53608151,0.0519,0,566,0.63,0.61,4098,-1.1068,453.795,283.3360156,47.1744499
Kepler-1439 b,Kepler-1439,Transit,2016,Kepler,1,1,2.73,1.46,8.07392849,0.0594,0,420,0.46,0.43,3578,-1.54394,225.393,285.7396971,40.9798688
Kepler-1438 b,Kepler-1438,Transit,2016,Kepler,1,1,0.779,0.94,2.31942009,0.0346,0,1490,0.97,0.96,5530,0.12254,1154.13,289.289819,40.6816262
Kepler-1440 b,Kepler-1440,Transit,2016,Kepler,1,1,2.13,1.26,39.859484,0.23431,0,597,0.98,0.96,5698,0.37679,1115.35,285.3469737,48.3122283
Kepler-576 b,Kepler-576,Transit,2016,Kepler,1,1,10.7,3.27,29.91136794,0.179,0,541,0.99,0.97,5672,-0.21068,617.55,295.1828896,38.6542028
Kepler-1596 b,Kepler-1596,Transit,2016,Kepler,1,1,4.27,1.9,66.373379,0.3237,0,471,0.95,0.92,5706,0.43061,2146.23,285.5575066,49.3300866
Kepler-577 b,Kepler-577,Transit,2016,Kepler,1,1,7.04,2.55,25.69578251,0.1348,0,314,0.78,0.73,4984,-0.555,524.247,294.7119855,39.0737317
Kepler-1393 b,Kepler-1393,Transit,2016,Kepler,1,1,0.437,0.8,2.44357812,0.0337,0,1249,0.95,0.92,5697,0.15136,544.456,284.4594558,40.1424756
Kepler-1394 b,Kepler-1394,Transit,2016,Kepler,1,1,2.51,1.39,3.93766373,0.05474,0,1947,1.64,2.55,6481,0.81107,640.409,283.4532068,45.0840729
Kepler-1441 b,Kepler-1441,Transit,2016,Kepler,1,1,2.27,1.31,39.4419839,0.2346,0,682,1,1,5802,0.32471,1110.48,293.7191177,43.1245756
Kepler-511 b,Kepler-511,Transit,2016,Kepler,1,2,33.1,6.35,296.637865,0.85672,0,332,1,1.2,5770,0.49754,651.999,282.9455384,47.5749181
Kepler-1563 b,Kepler-1563,Transit,2016,Kepler,1,1,0.347,0.75,3.43276598,0.0442,0,1134,1,0.99,5765,-0.0102,616.697,288.5735936,51.4727698
Kepler-1564 b,Kepler-1564,Transit,2016,Kepler,1,1,2.76,1.47,18.0540381,0.1327,0,635,0.93,0.9,5528,-0.13536,908.805,290.5861316,46.6427486
Kepler-1603 b,Kepler-1603,Transit,2016,Kepler,1,1,2.21,1.29,2.27163926,0.0351,0,1522,1.21,1.31,6241,0.7055,2712.58,295.3298254,42.5349698
Kepler-1395 b,Kepler-1395,Transit,2016,Kepler,1,1,0.437,0.8,3.78470649,0.04974,0,1311,1.17,1.23,6138,0.27693,492.894,292.3374945,47.6641732
Kepler-549 c,Kepler-549,Transit,2016,Kepler,1,3,8.91,2.93,117.040498,0.45332,0,349,0.88,0.84,5360,-0.30618,635.145,283.0228527,47.2611431
Kepler-1565 b,Kepler-1565,Transit,2016,Kepler,1,1,1.81,1.19,1.538188437,0.0241,0,1234,0.76,0.73,4940,-0.56447,629.93,297.9529793,40.8067876
Kepler-1567 b,Kepler-1567,Transit,2016,Kepler,1,1,7.9,2.73,153.979578,0.552,0,330,0.95,0.93,5655,-0.12183,1206.11,286.695153,40.2918894
Kepler-1598 b,Kepler-1598,Transit,2016,Kepler,1,1,0.809,0.95,4.34195123,0.05207,0,1236,1.07,1.09,5940,-0.03931,619.862,288.469107,46.7836464
Kepler-1599 b,Kepler-1599,Transit,2016,Kepler,1,1,3.26,1.62,122.363553,0.4823,0,407,0.99,0.99,5767,0.24119,1328.2,286.2208685,41.1511886
Kepler-1399 b,Kepler-1399,Transit,2016,Kepler,1,1,2.1,1.25,1.638653058,0.0276,0,1610,0.97,0.96,5735,0.00959,1385.7,293.3116962,46.0416516
Kepler-684 b,Kepler-684,Transit,2016,Kepler,1,1,11.2,3.36,6.770302008,0.064,0,812,0.89,0.86,5493,0.20867,1731.27,290.8704935,38.2735978
Kepler-605 c,Kepler-605,Transit,2016,Kepler,1,2,0.566,0.86,2.358951515,0.03336,0,1278,0.91,0.88,5462,-0.24849,556.58,287.2954015,43.2798677
Kepler-1569 b,Kepler-1569,Transit,2016,Kepler,1,1,3.46,1.68,5.79180156,0.06669,0,1222,1.25,1.4,6319,0.33545,945.454,292.2046748,37.2212065
Kepler-687 b,Kepler-687,Transit,2016,Kepler,1,1,12.2,3.52,20.50586978,0.1326,0,518,0.77,0.73,4841,-0.56669,633.66,289.3154576,39.1532911
Kepler-1597 b,Kepler-1597,Transit,2016,Kepler,1,1,1.2,1.06,2.94654179,0.04136,0,1497,1.25,1.39,6377,0.43429,1221.05,288.1639687,42.4810124
Kepler-1402 b,Kepler-1402,Transit,2016,Kepler,1,1,0.363,0.76,2.03387914,0.0322,0,1789,0.9,0.87,5416,0.44774,1493.64,291.8478341,48.9681664
Kepler-610 c,Kepler-610,Transit,2016,Kepler,1,2,10.9,3.3,151.86392,0.5594,0,318,1.1,1.13,5943,-0.11034,845.824,293.1713241,45.0655934
Kepler-619 c,Kepler-619,Transit,2016,Kepler,1,3,3.5,1.69,1.208465026,0.02216,0,1767,1.09,1.11,5980,-0.04002,900.678,290.8490899,48.4159782
Kepler-1571 b,Kepler-1571,Transit,2016,Kepler,1,1,2.92,1.52,3.38555488,0.04287,0,1476,1.23,1.39,6297,0.194,675.303,300.9354067,45.5964836
Kepler-1389 b,Kepler-1389,Transit,2016,Kepler,1,1,3.78,1.77,99.2530951,0.38249,0,300,0.81,0.74,5078,-0.53422,497.093,285.7174414,44.7583487
Kepler-1405 b,Kepler-1405,Transit,2016,Kepler,1,1,14.9,3.96,28.2274184,0.1778,0,565,1.05,1.07,5925,0.02238,1530.3,295.6848822,39.2561274
Kepler-1406 b,Kepler-1406,Transit,2016,Kepler,1,1,1.37,1.1,11.62905828,0.0987,0,854,1.05,1.12,5892,0.135,572.403,292.0818824,38.9149472
Kepler-625 c,Kepler-625,Transit,2016,Kepler,1,2,1.16,1.05,4.1653651,0.05379,0,1048,1.04,0.96,5789,0.40647,760.708,292.1504723,39.6375254
Kepler-217 d,Kepler-217,Transit,2016,Kepler,1,3,2.3,1.32,3.88689525,0.0534,0,1574,1.37,1.76,6341,0.75356,1104.64,293.0377331,46.2775223
Kepler-1573 b,Kepler-1573,Transit,2016,Kepler,1,1,1.87,1.2,2.6157554,0.0364,0,1379,1.01,1,5808,0.16867,1455.36,292.9883129,49.4849664
Kepler-1574 b,Kepler-1574,Transit,2016,Kepler,1,1,2.21,1.29,6.9424334,0.0743,0,1003,1.06,1.08,5892,0.15604,1384.16,292.1586689,49.6377914
Kepler-758 d,Kepler-758,Transit,2016,Kepler,1,4,5.14,2.12,20.4966197,0.1527,0,843,1.16,1.42,6228,0.56281,1502.32,293.0846115,41.1354049
Kepler-533 b,Kepler-533,Transit,2016,Kepler,1,1,11.4,3.38,28.51120525,0.16704,0,423,0.78,0.72,4758,-0.62007,302.955,293.6856893,48.8249915
Kepler-1407 b,Kepler-1407,Transit,2016,Kepler,1,1,5.69,2.25,20.0711504,0.1502,0,826,1.1,1.15,6010,0.27131,1396.41,283.9424274,41.4715535
Kepler-653 c,Kepler-653,Transit,2016,Kepler,1,2,0.399,0.78,0.900376476,0.01855,0,2078,1.02,1.19,5665,0.11872,595.634,282.2130447,46.7177898
Kepler-1541 b,Kepler-1541,Transit,2016,Kepler,1,1,1.65,1.16,8.40691199,0.07555,0,1048,0.86,0.81,5282,-0.33627,416.692,283.7870875,48.0296019
Kepler-1245 c,Kepler-1245,Transit,2016,Kepler,1,2,2.67,1.44,2.936584681,0.0372,0,1190,0.86,0.83,5306,-0.41093,805.936,290.7443078,43.260753
Kepler-1050 c,Kepler-1050,Transit,2016,Kepler,1,2,2.79,1.48,21.1284569,0.15264,0,935,1.09,1.13,6010,0.05871,490.488,282.9249847,48.6264015
Kepler-534 b,Kepler-534,Transit,2016,Kepler,1,2,5.65,2.24,15.95994513,0.1272,0,721,1.05,0.98,5884,0.14739,570.659,296.4185696,49.540148
Kepler-1412 b,Kepler-1412,Transit,2016,Kepler,1,1,0.498,0.83,3.6146051,0.04608,0,1397,1.06,1.27,5880,0.38332,755.678,292.1801539,49.202481
Kepler-1413 b,Kepler-1413,Transit,2016,Kepler,1,1,3.97,1.82,13.1829642,0.1066,0,661,0.84,0.8,5196,-0.39085,1167.49,294.3416065,46.4987624
Kepler-1542 b,Kepler-1542,Transit,2016,Kepler,1,4,0.363,0.76,3.95116882,0.04765,0,1160,0.94,0.99,5564,0.07026,399.114,285.7284757,42.6544651
TOI-5301 b,TOI-5301,Transit,2024,Transiting Exoplanet Survey Satellite (TESS),1,1,1182.321674,13.09208946,5.858858,0.073,0.33,1648,1.483,2.19,6240,0.81624,629.161,12.9908008,13.0783712
Kepler-536 b,Kepler-536,Transit,2016,Kepler,1,1,9.8,3.1,1.827082299,0.02835,0,1877,0.92,0.89,5524,-0.21446,462.322,297.7363605,49.637101
Kepler-1414 b,Kepler-1414,Transit,2016,Kepler,1,1,2.04,1.23,3.51576315,0.0426,0,1033,0.8,0.75,4951,-0.46384,570.835,284.9285796,42.4223085
Kepler-1415 b,Kepler-1415,Transit,2016,Kepler,1,1,2.21,1.29,0.63642408,0.01416,0,1846,0.89,0.84,5267,-0.29708,1043.56,285.1568015,47.8732512
Kepler-1545 b,Kepler-1545,Transit,2016,Kepler,1,1,7.75,2.7,163.692349,0.5442,0,274,0.84,0.8,5201,-0.27681,729.964,298.8988313,47.4630696
Kepler-1254 d,Kepler-1254,Transit,2016,Kepler,1,3,2.27,1.31,5.72717226,0.0575,0,794,0.78,0.75,4985,-0.57202,622.818,285.1733174,48.7700099
Kepler-555 b,Kepler-555,Transit,2016,Kepler,1,1,8.4,2.83,16.21775407,0.1201,0,664,1.03,1.04,5894,0.26392,973.121,285.516872,38.9324587
Kepler-245 e,Kepler-245,Transit,2016,Kepler,1,4,1806.36,1.75,3.219821056,0.04053,0,998,0.86,0.8,5174,-0.39579,861.527,291.6389972,42.4363482
Kepler-1417 b,Kepler-1417,Transit,2016,Kepler,1,1,0.972,1,20.3505213,0.14062,0,695,1.02,1.02,5839,0.39458,991.845,290.9498966,40.605197
Kepler-1418 b,Kepler-1418,Transit,2016,Kepler,1,1,3.39,1.66,22.4764425,0.131,0,419,0.77,0.72,4770,-0.616,499,282.9975322,41.67859
Kepler-1548 b,Kepler-1548,Transit,2016,Kepler,1,1,7.46,2.64,124.828679,0.4679,0,350,0.99,0.97,5706,-0.30667,872.279,287.4711817,46.0805706
Kepler-1579 b,Kepler-1579,Transit,2016,Kepler,1,1,0.52,0.84,0.849907889,0.014,0,1139,0.75,0.7,4584,-0.94024,466,293.288022,43.5149061
Kepler-903 c,Kepler-903,Transit,2016,Kepler,1,2,6.94,2.53,62.9228557,0.30249,0,462,0.98,0.97,5682,0.36464,1369.24,288.7710137,40.6641771
Kepler-1419 b,Kepler-1419,Transit,2016,Kepler,1,1,8.55,2.86,42.5215895,0.2391,0,510,1.01,1.01,5796,0.04229,1498.58,292.2545917,37.971376
Kepler-1154 c,Kepler-1154,Transit,2016,Kepler,1,2,6.17,2.36,8.45808312,0.0875,0,1117,1.26,1.43,6327,0.45174,1460.1,297.4771158,39.8772345
Kepler-1583 b,Kepler-1583,Transit,2016,Kepler,1,1,0.156,0.6,9.32807355,0.08307,0,788,0.94,0.91,5645,-0.01774,403.933,286.3869335,47.0165188
Kepler-1582 b,Kepler-1582,Transit,2016,Kepler,1,1,2.83,1.49,4.83817712,0.0316,0,354,0.28,0.3,3208,-2.38864,78.8906,289.3765441,41.1580845
Kepler-1584 b,Kepler-1584,Transit,2016,Kepler,1,1,3.22,1.61,13.3997099,0.1168,0,886,1.1,1.13,6069,0.25226,1416.31,287.7626791,43.2743929
Kepler-1469 b,Kepler-1469,Transit,2016,Kepler,1,1,8.25,2.8,21.8635301,0.1466,0,551,0.92,0.89,5507,-0.2739,1159.3,293.8213286,39.3913385
Kepler-633 b,Kepler-633,Transit,2016,Kepler,1,2,3.29,1.63,8.50340718,0.08185,0,1021,1.02,1.15,5899,0.16,680.54,295.2173259,40.5921599
Kepler-1511 b,Kepler-1511,Transit,2016,Kepler,1,1,3.46,1.68,23.2382792,0.1753,0,903,1.17,1.29,6064,0.83813,1475.6,288.4211892,43.179773
Kepler-1525 b,Kepler-1525,Transit,2016,Kepler,1,1,0.693,0.91,2.416601183,0.03557,0,1343,1.07,1.04,5748,-0.0112,382.989,290.5594479,49.9428629
Kepler-1617 b,Kepler-1617,Transit,2016,Kepler,1,1,1.87,1.2,27.4785572,0.17707,0,736,1.15,1.22,6167,0.34078,898.31,287.9371747,46.4184781
Kepler-1470 b,Kepler-1470,Transit,2016,Kepler,1,1,1.24,1.07,16.2950903,0.116,0,574,0.8,0.76,4961,-0.48551,590.601,288.6949475,39.8830802
Kepler-132 e,Kepler-132,Transit,2016,Kepler,2,4,1.76,1.18,110.2869374,0.43927,0,414,1.03,1.1,6023,0.157,349.549,283.23581,41.343037
Kepler-695 b,Kepler-695,Transit,2016,Kepler,1,1,62.3,9.21,3.040330424,0.0374,0,1021,0.84,0.8,5181,-0.15936,842.947,299.3160934,40.8223815
Kepler-704 b,Kepler-704,Transit,2016,Kepler,1,1,7.32,2.61,3.76182115,0.047,0,1121,0.97,0.96,5616,0.03582,1228.83,283.3163671,41.8370942
Kepler-1527 b,Kepler-1527,Transit,2016,Kepler,1,1,20.4,4.77,160.129918,0.6276,0,450,1.21,1.32,6224,0.48222,1842.13,297.4144457,46.0608077
Kepler-1618 b,Kepler-1618,Transit,2016,Kepler,1,1,2.13,1.26,6.10826019,0.07109,0,1267,1.41,1.65,6620,0.69003,1229.25,295.1753619,45.9308594
Kepler-630 b,Kepler-630,Transit,2016,Kepler,1,1,10.2,3.18,161.4743937,0.56201,0,343,1.02,1.04,5829,0.30233,839.784,293.4270647,39.9423967
Kepler-1472 b,Kepler-1472,Transit,2016,Kepler,1,1,4.27,1.9,38.1312831,0.2322,0,613,1.16,1.25,6159,0.42003,1479.14,294.8526163,49.0574468
Kepler-622 b,Kepler-622,Transit,2016,Kepler,1,1,5.18,2.13,14.28226676,0.0978,0,446,0.64,0.61,4201,-0.86159,284.761,284.4784454,40.9331723
Kepler-967 c,Kepler-967,Transit,2016,Kepler,1,2,12.9,3.65,198.7112502,0.6253,0,258,0.84,0.8,5178,-0.71759,568.546,286.5580128,38.4052418
Kepler-154 e,Kepler-154,Transit,2016,Kepler,1,5,2.86,1.5,3.93276465,0.04766,0,1140,0.98,0.98,5769,0.03322,915.212,289.7805393,49.8965624
Kepler-1529 b,Kepler-1529,Transit,2016,Kepler,1,1,5.06,2.1,5.33905686,0.0525,0,817,0.81,0.77,5048,-0.52049,661.014,289.8707469,41.0407482
Kepler-1090 b,Kepler-1090,Transit,2016,Kepler,1,2,5.69,2.25,198.680179,0.63323,0,297,0.86,0.82,5321,-0.14595,858.77,295.6629002,44.5258237
Kepler-1619 b,Kepler-1619,Transit,2016,Kepler,1,1,0.363,0.76,23.6225913,0.15413,0,797,1,1,5852,0.32575,734.85,285.703595,44.4221528
Kepler-1477 b,Kepler-1477,Transit,2016,Kepler,1,1,1.76,1.18,11.55530021,0.0911,0,674,0.81,0.78,5100,-0.19624,680.828,281.2985305,42.6856727
Kepler-598 b,Kepler-598,Transit,2016,Kepler,1,2,2.86,1.5,3.70175428,0.04487,0,1050,0.87,0.86,5307,-0.25753,681.086,293.1234493,40.9348005
Kepler-1530 b,Kepler-1530,Transit,2016,Kepler,1,3,3.33,1.64,2.5904434,0.03553,0,1484,0.92,0.88,5477,-0.31086,489.876,288.1624396,48.165153
Kepler-1530 c,Kepler-1530,Transit,2016,Kepler,1,3,3.36,1.65,5.3227406,0.05744,0,1167,0.92,0.88,5477,-0.31086,489.876,288.1624396,48.165153
Kepler-692 b,Kepler-692,Transit,2016,Kepler,1,1,9.85,3.11,21.81293494,0.1495,0,639,0.9,0.86,5440,-0.23346,991.336,294.7768068,40.1537027
Kepler-1622 b,Kepler-1622,Transit,2016,Kepler,1,1,2.76,1.47,10.8118737,0.10136,0,922,1.31,1.5,6436,0.37304,796.477,297.3288329,47.815459
Kepler-1479 b,Kepler-1479,Transit,2016,Kepler,1,1,4.01,1.83,14.53261362,0.11341,0,746,0.99,0.98,5796,0.14528,728.668,285.7119953,49.7067574
Kepler-1480 b,Kepler-1480,Transit,2016,Kepler,2,1,3.43,1.67,22.12679948,0.1525,0,721,0.85,0.81,5156,-0.44868,500.892,291.9998055,49.3018321
Kepler-969 c,Kepler-969,Transit,2016,Kepler,1,2,0.937,0.99,1.682934604,0.0265,0,1270,0.92,0.82,5214,-0.38876,390.354,288.3724989,47.9335642
Kepler-990 c,Kepler-990,Transit,2016,Kepler,1,2,2.96,1.53,0.538354308,0.01232,0,2386,1.05,1.08,5948,-0.05003,802.163,297.9381813,46.8813194
Kepler-1093 c,Kepler-1093,Transit,2016,Kepler,1,2,4.5,1.96,89.722292,0.41037,0,508,1.13,1.2,6166,0.46038,1072.88,284.9780251,41.4202077
Kepler-1531 b,Kepler-1531,Transit,2016,Kepler,1,1,1.41,1.11,1.138543376,0.02204,0,2537,1.16,1.27,6260,0.30365,666.334,285.146622,39.3708055
Kepler-631 b,Kepler-631,Transit,2016,Kepler,1,1,8.75,2.9,17.97979059,0.14017,0,828,1.24,1.33,6185,0.38915,761.966,296.885724,40.2281717
Kepler-1623 b,Kepler-1623,Transit,2016,Kepler,1,1,2.27,1.31,4.36128348,0.0518,0,1000,1,1,5772,-0.17154,837.481,294.082697,39.5560655
Kepler-1481 b,Kepler-1481,Transit,2016,Kepler,1,1,2.04,1.23,5.94220998,0.059,0,797,0.8,0.75,4908,-0.58658,459.076,289.4390075,49.7312226
Kepler-1483 b,Kepler-1483,Transit,2016,Kepler,1,1,2.92,1.52,9.5085156,0.0958,0,1131,1.25,1.4,6337,0.39403,1273.78,295.4097409,42.1507935
Kepler-636 b,Kepler-636,Transit,2016,Kepler,2,1,18.1,4.45,16.08066115,0.1185,0,614,0.85,0.8,5203,-0.374,310.301,293.5920614,41.0950891
Kepler-489 b,Kepler-489,Transit,2016,Kepler,1,1,46.1,7.72,17.27629612,0.12109,0,538,0.82,0.76,5014,-0.51802,369.645,290.8332412,38.1841851
Kepler-1016 c,Kepler-1016,Transit,2016,Kepler,1,2,13.1,3.68,105.6551369,0.43519,0,407,0.99,1,5821,0.12363,1402.82,294.613689,45.9846265
Kepler-705 b,Kepler-705,Transit,2016,Kepler,1,1,5.1,2.11,56.0560538,0.232,0,265,0.53,0.51,3722,-1.385,276.881,289.5085612,41.8120234
Kepler-1536 b,Kepler-1536,Transit,2016,Kepler,1,1,10,3.14,364.758031,0.8507,0,166,0.71,0.67,4434,-0.8224,387.248,291.5852554,45.7158742
Kepler-632 b,Kepler-632,Transit,2016,Kepler,1,1,5.52,2.21,30.99660733,0.1885,0,500,0.91,0.84,5322,-0.292,349,297.252613,40.288605
Kepler-545 b,Kepler-545,Transit,2016,Kepler,1,1,7.7,2.69,13.24934059,0.11248,0,806,1.04,1.07,5882,0.10684,818.001,290.5663221,40.6920756
Kepler-1486 b,Kepler-1486,Transit,2016,Kepler,1,1,5.99,2.32,54.6495759,0.2846,0,538,1.08,1.12,5965,0.31179,1769.14,290.5903907,45.4396955
Kepler-342 e,Kepler-342,Transit,2016,Kepler,1,4,0.615,0.88,1.644224613,0.02909,0,1897,1.26,1.34,6366,0.45345,781.611,292.6780488,46.7266813
Kepler-582 b,Kepler-582,Transit,2016,Kepler,1,1,13.1,3.68,18.49235668,0.1254,0,603,0.93,0.91,5564,-0.41418,613.179,297.503718,41.0570326
Kepler-1409 b,Kepler-1409,Transit,2016,Kepler,1,1,1.12,1.04,0.764864926,0.01553,0,1733,0.83,0.79,5160,-0.4219,694.89,290.0847389,51.2086144
Kepler-1444 b,Kepler-1444,Transit,2016,Kepler,1,1,5.39,2.18,33.42035034,0.20906,0,581,1.03,1.05,5810,0.02131,319.675,285.3306799,42.0405016
Kepler-581 b,Kepler-581,Transit,2016,Kepler,1,1,7.41,2.63,40.6069821,0.2259,0,521,1,1,5772,-0.16946,703.758,295.4326552,40.6481874
Kepler-1516 b,Kepler-1516,Transit,2016,Kepler,1,1,3.71,1.75,7.25931979,0.0718,0,967,1.04,1.07,5904,0.44571,1358.95,291.4945795,44.5234227
Kepler-600 b,Kepler-600,Transit,2016,Kepler,1,1,8.75,2.9,23.67517607,0.1536,0,528,0.84,0.81,5279,-0.33922,619.723,283.8330588,41.9786358
Kepler-1537 b,Kepler-1537,Transit,2016,Kepler,1,1,1.76,1.18,1.444453798,0.0245,0,1800,0.81,0.77,5079,-0.42348,517.292,294.3853917,43.8254461
Kepler-1447 b,Kepler-1447,Transit,2016,Kepler,1,1,8.75,2.9,56.6747285,0.2836,0,522,0.97,0.95,5722,-0.04217,890.296,289.6434285,50.727016
Kepler-1488 b,Kepler-1488,Transit,2016,Kepler,1,2,4.12,1.86,39.8189932,0.24153,0,650,1.05,1.31,5820,0.58748,905.825,286.6464265,49.9377735
WASP-156 b,WASP-156,Transit,2017,SuperWASP,1,1,41.8,6.02802815,3.8361623,0.0458,0,934.5,0.8712,0.8268,4987,-0.41794,122.066,32.782085,2.4181937
Kepler-1538 b,Kepler-1538,Transit,2016,Kepler,1,1,8.35,2.82,175.138819,0.6095,0,346,1.03,1.03,5837,-0.08496,1125.3,283.345611,45.2743573
Kepler-1448 b,Kepler-1448,Transit,2016,Kepler,1,1,3.22,1.61,12.27065865,0.1058,0,811,0.95,0.93,5774,-0.06927,768.903,287.8674123,50.5955846
Kepler-1493 b,Kepler-1493,Transit,2016,Kepler,1,1,2.57,1.41,15.0217983,0.1197,0,874,1.06,1.29,5863,0.249,555.051,288.5493683,38.5651973
Kepler-1519 b,Kepler-1519,Transit,2016,Kepler,1,1,39.6,7.06,240.7989397,0.7655,0,342,0.94,0.91,5644,0.32617,1441.63,296.6679448,49.4617774
Kepler-688 b,Kepler-688,Transit,2016,Kepler,1,1,68.7,9.76,3.895936844,0.046,0,1005,0.98,0.96,5715,-0.02364,1357.75,294.6552312,39.3083446
Kepler-1450 b,Kepler-1450,Transit,2016,Kepler,1,1,3.57,1.71,54.5094166,0.2401,0,308,0.71,0.68,4524,-0.7677,505.829,294.5536825,45.0813011
Kepler-1494 b,Kepler-1494,Transit,2016,Kepler,1,1,9.64,3.07,91.080482,0.3982,0,415,0.96,0.94,5659,0.07901,1285.48,282.6573891,43.1625334
Kepler-1495 b,Kepler-1495,Transit,2016,Kepler,1,1,8.96,2.94,85.273256,0.3677,0,443,1.03,1.04,5831,0.0523,1355.54,286.1306907,38.7795494
Kepler-1520 b,Kepler-1520,Transit,2016,Kepler,1,1,28.1,5.77,0.653553572,0.0129,0,1437,0.76,0.71,4677,-0.67309,607.917,290.9662102,51.5047656
Kepler-637 b,Kepler-637,Transit,2016,Kepler,1,1,20.2,4.75,23.20584623,0.16619,0,1002,1.64,2.56,6096,0.38249,786.091,292.4172566,41.4168384
Kepler-1607 b,Kepler-1607,Transit,2016,Kepler,1,1,0.721,0.92,13.6473676,0.11978,0,913,1.14,1.21,6116,0.70881,1286.1,296.0598685,42.6560582
Kepler-1496 b,Kepler-1496,Transit,2016,Kepler,1,1,5.56,2.22,64.6588017,0.3211,0,535,1.18,1.27,6182,0.3041,1307.66,293.9739359,45.3507167
Kepler-937 c,Kepler-937,Transit,2016,Kepler,1,2,7.61,2.67,153.343364,0.5545,0,377,1.15,1.22,6095,0.28097,1571.46,294.1688142,46.7146161
Kepler-1065 c,Kepler-1065,Transit,2016,Kepler,1,2,3.19,1.6,2.37030743,0.0344,0,1256,0.94,0.93,5635,-0.11584,1122.48,294.511319,38.7904648
Kepler-1067 b,Kepler-1067,Transit,2016,Kepler,1,2,0.437,0.8,0.762129261,0.0164,0,1872,0.95,0.93,5592,-0.14725,667.693,285.3873706,45.0490265
Kepler-578 b,Kepler-578,Transit,2016,Kepler,1,1,4.66,2,1.616883696,0.0266,0,1774,0.87,0.83,5334,-0.3369,541.432,288.7549882,39.563696
Kepler-689 b,Kepler-689,Transit,2016,Kepler,1,1,8.7,2.89,22.36656079,0.1449,0,536,0.91,0.88,5518,-0.15327,1131.73,294.7106347,39.5216975
Kepler-1460 b,Kepler-1460,Transit,2016,Kepler,1,1,4.5,1.96,29.9633247,0.1614,0,391,0.7,0.67,4422,-0.84407,553.218,285.5577888,44.0108221
Kepler-1498 b,Kepler-1498,Transit,2016,Kepler,1,1,2.33,1.33,48.051405,0.2528,0,564,0.86,0.81,5256,-0.16563,740,284.7780883,44.9167513
Kepler-1073 c,Kepler-1073,Transit,2016,Kepler,1,3,3.33,1.64,4.02582254,0.0483,0,1169,1,1,5792,-0.01023,809.897,294.1527259,38.2330886
Kepler-701 b,Kepler-701,Transit,2016,Kepler,1,1,8.45,2.84,10.35533177,0.0895,0,777,0.88,0.84,5343,-0.27626,774.152,288.99418,41.6333125
Kepler-1611 b,Kepler-1611,Transit,2016,Kepler,1,1,0.457,0.81,5.1762429,0.0586,0,1243,0.94,0.93,5605,-0.113,908.444,296.5120204,49.7277506
Kepler-624 b,Kepler-624,Transit,2016,Kepler,1,1,5.95,2.31,14.58649607,0.11638,0,852,1.1,1.18,6117,0.29097,748.188,295.1933631,39.5396946
Kepler-1462 b,Kepler-1462,Transit,2016,Kepler,1,1,14,3.82,65.6488341,0.3094,0,390,1,1,5756,-0.31369,1017.82,296.397542,42.3969273
Kepler-1500 b,Kepler-1500,Transit,2016,Kepler,1,1,1.87,1.2,15.0330105,0.1236,0,928,1,1,5845,0.27456,1217.82,288.883474,39.7446547
Kepler-1522 b,Kepler-1522,Transit,2016,Kepler,1,1,3.64,1.73,1.847889171,0.0288,0,1374,0.96,0.93,5706,0.09172,814.125,289.8432347,52.0702094
Kepler-625 b,Kepler-625,Transit,2016,Kepler,1,2,4.62,1.99,7.75192492,0.08137,0,852,1.04,0.96,5789,0.40647,760.708,292.1504723,39.6375254
Kepler-1612 b,Kepler-1612,Transit,2016,Kepler,1,1,1.08,1.03,3.91795101,0.0482,0,1030,0.96,0.94,5643,-0.18821,764.726,291.2503022,45.6550536
Kepler-1464 b,Kepler-1464,Transit,2016,Kepler,1,2,3.39,1.66,31.7785901,0.20066,0,564,1.02,1.01,5828,0.42978,1151.73,287.2356828,38.7540824
Kepler-1464 c,Kepler-1464,Transit,2016,Kepler,1,2,0.972,1,5.32786292,0.06101,0,1023,1.02,1.01,5828,0.42978,1151.73,287.2356828,38.7540824
Kepler-1504 b,Kepler-1504,Transit,2016,Kepler,1,1,5.18,2.13,82.304003,0.3704,0,485,0.85,0.81,5393,0.46829,2435.94,289.7119947,50.1282265
Kepler-1505 b,Kepler-1505,Transit,2016,Kepler,1,1,0.749,0.93,30.8609366,0.18298,0,525,0.93,0.86,5686,0.14944,495.148,292.0020614,41.7869639
Kepler-1523 b,Kepler-1523,Transit,2016,Kepler,1,1,3.12,1.58,0.93875077,0.01867,0,1676,0.97,0.96,5708,-0.09894,865.596,296.0540705,45.8270447
Kepler-1085 b,Kepler-1085,Transit,2016,Kepler,1,2,41.2,7.22,219.3217528,0.73361,0,313,1.11,1.14,6000,0.07867,1364.53,287.4776359,46.1411685
Kepler-1613 b,Kepler-1613,Transit,2016,Kepler,1,1,4.98,2.08,1.5184299,0.02755,0,1926,1.08,1.12,6005,0.63777,1508.33,289.8750066,43.4209318
Kepler-1614 b,Kepler-1614,Transit,2016,Kepler,1,1,2.83,1.49,3.9466141,0.0471,0,981,0.79,0.76,5121,-0.27096,1191.19,284.8713893,49.7758867
Kepler-1468 b,Kepler-1468,Transit,2016,Kepler,1,3,3.64,1.73,8.23984869,0.0817,0,1093,1.04,1.05,5893,0.53118,1899.24,293.5198289,41.2773671
Kepler-1507 b,Kepler-1507,Transit,2016,Kepler,1,1,0.52,0.84,16.0506213,0.11946,0,630,0.89,0.85,5410,-0.32427,320.478,288.5616269,46.5361247
Kepler-1509 b,Kepler-1509,Transit,2016,Kepler,1,1,4.08,1.85,25.4338197,0.1707,0,667,1,0.99,5780,0.39912,2002.96,283.7977792,46.9310139
Kepler-1086 c,Kepler-1086,Transit,2016,Kepler,2,2,8.96,2.94,161.5163345,0.503,0,211,0.7,0.66,4350,-0.85997,466.084,295.251187,45.8429537
Kepler-1524 b,Kepler-1524,Transit,2016,Kepler,1,1,12.3,3.54,70.9674603,0.3392,0,438,1.17,1.25,6179,-0.00637,381.773,293.8853557,39.5198348
Kepler-1616 b,Kepler-1616,Transit,2016,Kepler,1,1,1.04,1.02,6.76284377,0.07318,0,1337,1.21,1.34,6266,0.63778,1137.81,286.5436691,45.3048716
Kepler-1645 b,Kepler-1645,Transit,2016,Kepler,1,1,3.82,1.78,16.1779561,0.1285,0,754,1.02,1.02,5812,0.33586,1202.47,297.4795142,48.418582
Kepler-741 b,Kepler-741,Transit,2016,Kepler,1,1,9.11,2.97,7.03902374,0.0744,0,1051,1.16,1.24,6129,0.33161,1661.87,289.4317294,46.6174978
Kepler-564 b,Kepler-564,Transit,2016,Kepler,1,1,19.4,4.63,3.750832285,0.0484,0,1129,0.95,0.92,5626,-0.06437,863.037,296.8383661,46.6263912
Kepler-594 b,Kepler-594,Transit,2016,Kepler,1,1,5.39,2.18,13.64618192,0.1089,0,678,0.91,0.87,5485,-0.19321,769.2,288.9217259,49.7620237
Kepler-154 d,Kepler-154,Transit,2016,Kepler,1,5,14.1,3.84,20.54981883,0.14354,0,657,0.98,0.98,5769,0.03322,915.212,289.7805393,49.8965624
Kepler-642 b,Kepler-642,Transit,2016,Kepler,1,1,8.75,2.9,4.41745855,0.05631,0,1810,1.4,1.66,6570,0.39758,781.582,293.8345542,42.624948
Kepler-643 b,Kepler-643,Transit,2016,Kepler,1,1,321.0083,10.16,16.33889626,0.13485,0.37,963,1,2.52,4908,0.47818,1063.58,290.3272423,42.8982283
Kepler-726 b,Kepler-726,Transit,2016,Kepler,1,1,10.7,3.26,21.80451088,0.1406,0,543,0.88,0.85,5452,-0.31868,762.081,291.7172776,44.8873466
Kepler-1143 c,Kepler-1143,Transit,2016,Kepler,1,2,12.6,3.6,210.630591,0.6477,0,234,0.81,0.77,5053,-0.62275,555.189,287.302772,39.2896399
Kepler-148 d,Kepler-148,Transit,2016,Kepler,1,3,56.3,8.68,51.84688575,0.2607,0,413,0.86,0.81,5172,-0.38342,791.163,289.7861626,46.8588176
Kepler-673 b,Kepler-673,Transit,2016,Kepler,1,1,34.8,6.54,3.728731093,0.0455,0,1023,0.88,0.84,5355,-0.34402,918.21,290.7857595,50.0540561
Kepler-674 b,Kepler-674,Transit,2016,Kepler,1,1,3.5,1.69,2.243381847,0.028,0,822,0.6,0.57,4192,-0.90665,342.254,285.1761864,50.1496897
Kepler-712 b,Kepler-712,Transit,2016,Kepler,1,2,11.5,3.41,21.02247699,0.13615,0,521,0.84,0.78,5148,-0.48393,872.493,294.9096739,42.9351987
Kepler-1628 b,Kepler-1628,Transit,2016,Kepler,1,1,33.8,6.43,76.378033,0.2952,0,240,0.55,0.52,3724,-1.33,352,281.6336936,43.4115547
Kepler-1388 e,Kepler-1388,Transit,2016,Kepler,1,4,6.62,2.46,37.6327084,0.1861,0,299,0.63,0.61,4098,-1.1068,453.795,283.3360156,47.1744499
Kepler-655 b,Kepler-655,Transit,2016,Kepler,1,1,7.8,2.71,46.4063358,0.25697,0,588,1.15,1.24,6170,0.32385,752.562,297.2590664,46.843165
Kepler-565 b,Kepler-565,Transit,2016,Kepler,1,1,12.9,3.64,4.243747226,0.0501,0,1063,0.98,0.95,5735,-0.0551,1041,283.6180825,47.1967793
Kepler-676 b,Kepler-676,Transit,2016,Kepler,1,1,9.48,3.04,11.59822172,0.0798,0,396,0.51,0.49,3701,-1.29468,295.196,296.2220259,50.2873626
Kepler-675 b,Kepler-675,Transit,2016,Kepler,1,1,6.53,2.44,2.33743801,0.0325,0,1070,0.79,0.75,4945,-0.50669,665.68,293.8334488,50.2303479
Kepler-1630 b,Kepler-1630,Transit,2016,Kepler,1,1,5.43,2.19,509.997402,1.1218,0,182,0.66,0.63,4736,-0.6464,331.213,297.5083004,43.7110543
Kepler-1482 b,Kepler-1482,Transit,2016,Kepler,1,1,1.01,1.01,12.25383217,0.09968,0,678,0.88,0.84,5381,-0.08288,567.556,285.3138209,48.72527
Kepler-587 b,Kepler-587,Transit,2016,Kepler,1,1,5.6,2.23,10.94027841,0.0952,0,764,0.92,0.89,5549,-0.23792,787.894,288.6706571,47.3991249
Kepler-657 b,Kepler-657,Transit,2016,Kepler,1,1,12.2,3.52,24.54350418,0.17337,0,616,1.01,1.01,5808,0.27898,1691.88,291.1973006,47.3077545
Kepler-483 b,Kepler-483,Transit,2016,Kepler,1,1,10.4,3.21,30.229104,0.19471,0,755,1.28,1.47,6346,0.43879,860.355,291.6467764,41.8846843
Kepler-572 b,Kepler-572,Transit,2016,Kepler,1,1,7.18,2.58,17.20523483,0.1192,0,553,0.83,0.79,5212,-0.43426,504.667,291.221172,50.5813487
Kepler-714 b,Kepler-714,Transit,2016,Kepler,1,1,67.6,9.67,8.098887986,0.0832,0,986,1.09,1.12,5995,0.4599,2083.37,282.6994685,43.2727437
Kepler-623 b,Kepler-623,Transit,2016,Kepler,1,1,9.32,3.01,9.07097734,0.0854,0,825,0.9,0.86,5443,-0.31821,737.702,296.9867284,47.4773531
Kepler-658 b,Kepler-658,Transit,2016,Kepler,1,1,3.29,1.63,1.287076762,0.0188,0,871,0.63,0.6,4103,-0.89922,388.384,282.983621,47.5783897
Kepler-680 b,Kepler-680,Transit,2016,Kepler,1,1,6.44,2.42,3.689926291,0.0469,0,1147,1.08,1.11,5890,0.19729,1492.48,291.622381,50.6181793
Kepler-1633 b,Kepler-1633,Transit,2016,Kepler,1,1,3.12,1.58,186.404271,0.3875,0,925,1.2,1.32,6256,0.64606,1114.91,288.5151733,44.9232545
Kepler-605 b,Kepler-605,Transit,2016,Kepler,1,2,2.67,1.44,3.383538066,0.04244,0,1133,0.91,0.88,5462,-0.24849,556.58,287.2954015,43.2798677
Kepler-727 b,Kepler-727,Transit,2016,Kepler,1,1,6.94,2.53,5.154484417,0.0546,0,964,0.89,0.86,5441,-0.3172,831.842,294.8469333,45.0344155
Kepler-1518 b,Kepler-1518,Transit,2016,Kepler,1,2,9.53,3.05,5.11177904,0.0593,0,1351,1.54,1.88,6846,0.69092,903.51,300.3323404,44.9861065
Kepler-588 b,Kepler-588,Transit,2016,Kepler,1,1,7.41,2.63,4.221625357,0.052,0,1176,1.01,1,5835,0.20713,1209.4,284.2572531,47.6889081
Kepler-589 b,Kepler-589,Transit,2016,Kepler,1,2,5.77,2.27,16.54964934,0.1196,0,656,0.88,0.83,5296,-0.34669,612.803,280.6414331,47.7520581
Kepler-573 b,Kepler-573,Transit,2016,Kepler,1,1,8.2,2.79,22.18329658,0.14527,0,646,0.99,1.02,5746,0.0286,771.471,289.5211955,51.2374057
Kepler-596 b,Kepler-596,Transit,2016,Kepler,1,1,11.8,3.46,21.30022655,0.15161,0,725,1.21,1.32,6267,0.31445,1023.85,289.5006797,51.6857106
Kepler-715 b,Kepler-715,Transit,2016,Kepler,1,1,13.5,3.75,10.00652995,0.0933,0,876,1.04,1.04,5871,0.16457,1327.44,283.6307971,43.3793638
Kepler-716 b,Kepler-716,Transit,2016,Kepler,1,2,8.75,2.9,10.37168453,0.08628,0,720,0.83,0.78,5099,-0.50424,635.009,290.3931809,43.3638577
Kepler-1185 b,Kepler-1185,Transit,2016,Kepler,1,1,2.33,1.33,104.3518976,0.4297,0,355,0.96,0.87,5622,0.28187,459.273,287.2411783,39.3326977
Kepler-660 b,Kepler-660,Transit,2016,Kepler,1,1,7.13,2.57,9.27358194,0.0759,0,649,0.75,0.71,4779,-0.62564,568.431,288.1382985,47.7245642
Kepler-496 b,Kepler-496,Transit,2016,Kepler,1,1,5.99,2.32,8.30864937,0.0747,0,747,0.86,0.82,5293,-0.41551,605.274,291.6408978,41.2411044
HD 63935 c,HD 63935,Radial Velocity,2021,Multiple Observatories,1,2,11.1,3.06451296,21.4027,0.148,0,619.59,0.9406,0.9598,5513,-0.11464,48.9739,117.9246417,9.3852412
Kepler-1636 b,Kepler-1636,Transit,2016,Kepler,1,1,10.5,3.23,425.47785,1.12191,0,248,1.01,1.02,5797,0.23674,1947.54,294.0575681,46.4409844
Kepler-561 b,Kepler-561,Transit,2016,Kepler,1,2,38.7,6.96,58.3620495,0.29256,0,446,0.96,0.94,5646,-0.17974,621.378,293.7471107,45.1071981
Kepler-728 b,Kepler-728,Transit,2016,Kepler,1,1,11.1,3.34,5.743477265,0.0625,0,982,0.95,0.93,5660,0.22726,1765.23,291.0923621,45.1155087
Kepler-566 b,Kepler-566,Transit,2016,Kepler,1,1,5.27,2.15,18.42794624,0.1247,0,526,0.83,0.79,5132,-0.52379,564.277,291.5544735,47.8144362
Kepler-550 b,Kepler-550,Transit,2016,Kepler,1,1,17.9,4.42,8.600104109,0.0747,0,760,0.87,0.83,5322,-0.38383,531.944,297.7001786,47.8637046
Kepler-574 b,Kepler-574,Transit,2016,Kepler,1,1,6.3,2.39,7.65880414,0.0723,0,858,0.95,0.91,5612,-0.21429,682.896,290.2470519,52.1491051
Kepler-585 b,Kepler-585,Transit,2016,Kepler,1,1,8.4,2.83,2.752359753,0.03841,0,1178,0.96,0.93,5593,-0.16334,585.187,286.5284924,43.8733751
Kepler-611 b,Kepler-611,Transit,2016,Kepler,1,1,3.36,1.65,2.437033302,0.0351,0,1513,1.01,1.01,5761,0.38338,1395.56,286.0049121,45.4803043
Kepler-729 b,Kepler-729,Transit,2016,Kepler,1,1,12.5,3.58,3.166353714,0.0432,0,1273,0.94,0.91,5633,0.26135,1921.15,286.3600604,45.4142664
Kepler-662 b,Kepler-662,Transit,2016,Kepler,1,1,5.39,2.18,21.67697486,0.1408,0,530,0.79,0.74,4897,-0.35557,815.637,290.4650801,47.9291252
Kepler-551 b,Kepler-551,Transit,2016,Kepler,1,1,7.9,2.73,12.3764661,0.0893,0,483,0.65,0.63,4286,-0.89514,311.175,285.485045,48.0543774
TOI-1710 b,TOI-1710,Transit,2022,Transiting Exoplanet Survey Satellite (TESS),2,1,22.4,5.20315158,24.283377,0.166,0,602.99,1.0258,0.9574,5684,-0.06349,81.2271,94.2838373,76.21102
OGLE-2012-BLG-0724L b,OGLE-2012-BLG-0724L,Microlensing,2016,OGLE,1,1,150,14.3,,1.6,,,0.29,,,,6700,268.9682917,-29.8185278
Kepler-1638 b,Kepler-1638,Transit,2016,Kepler,1,1,4.16,1.87,259.33683,0.745,0,304,0.97,0.95,5710,-0.114,1525.52,295.4823299,48.5244695
Kepler-586 b,Kepler-586,Transit,2016,Kepler,1,1,8.2,2.79,2.104722184,0.0331,0,1365,0.94,0.92,5575,-0.14099,693.766,293.0571982,45.5511266
HIP 97166 c,HIP 97166,Radial Velocity,2021,Multiple Observatories,1,2,8,2.75,16.432,0.124,0,642,0.9342,0.8418,5216,-0.32514,65.9501,296.2446203,74.0628577
TOI-1601 b,TOI-1601,Transit,2021,Transiting Exoplanet Survey Satellite (TESS),1,1,387,14.19902343,5.33175,0.069,0,1493.97,1.5055,2.195,5982,0.74772,336.608,38.361569,41.0134321
TOI-1444 b,TOI-1444,Transit,2021,Transiting Exoplanet Survey Satellite (TESS),1,1,3.58,1.41792246,0.4702743,0.0116,0,2130.02,0.9513,0.9105,5460,-0.17587,125.463,305.4749252,70.9437054
Kepler-618 b,Kepler-618,Transit,2016,Kepler,1,1,7.27,2.6,3.595769645,0.0449,0,1296,1.05,1.08,5860,0.1732,1221.96,286.2498525,48.0609256
Kepler-601 b,Kepler-601,Transit,2016,Kepler,1,1,4.27,1.9,5.378868441,0.05494,0,833,0.85,0.79,5160,-0.42817,414.825,282.0046852,42.1764657
Kepler-645 b,Kepler-645,Transit,2016,Kepler,1,1,5.06,2.1,3.275822621,0.04541,0,1730,1.13,1.21,6170,0.45106,1173.57,290.3227098,44.0358625
Kepler-719 b,Kepler-719,Transit,2016,Kepler,1,1,54.5,8.52,5.007317779,0.0556,0,998,0.99,0.98,5777,0.44767,2497.51,295.5360628,43.8844116
Kepler-612 b,Kepler-612,Transit,2016,Kepler,1,1,8.45,2.84,3.722156413,0.0452,0,1046,0.98,0.96,5693,0.30512,1445.53,291.3546278,45.7478551
Kepler-590 b,Kepler-590,Transit,2016,Kepler,1,1,15.2,4.02,5.85296257,0.0647,0,1056,1.1,1.15,6000,0.47712,1421.81,296.3855467,48.2334177
Kepler-552 b,Kepler-552,Transit,2016,Kepler,1,1,14.8,3.95,5.263415765,0.0612,0,1103,1.03,1.04,5863,0.06292,843.689,290.7476903,48.2419838
Kepler-1454 b,Kepler-1454,Transit,2016,Kepler,1,1,4.19,1.88,47.0319479,0.2447,0,492,0.9,0.86,5448,-0.25509,780.566,284.2233265,48.8317229
Kepler-460 c,KIC 5437945,Transit,2016,Kepler,1,2,26.1,5.52,220.1303357,0.75318,0,389,1.17,1.26,6146,0.64137,1274.01,288.4749028,40.6512848
Kepler-646 b,Kepler-646,Transit,2016,Kepler,1,1,4.62,1.99,15.87364565,0.11251,0,632,0.93,0.91,5634,-0.25878,451.794,290.4714596,44.3870422
Kepler-735 b,Kepler-735,Transit,2016,Kepler,1,1,9.01,2.95,11.51516988,0.0965,0,657,0.85,0.8,5107,-0.51697,695.059,284.6888328,46.1721391
Kepler-591 b,Kepler-591,Transit,2016,Kepler,1,1,11.4,3.39,81.1694299,0.3554,0,436,0.97,0.94,5677,-0.078,785.137,286.024052,48.431729
Kepler-619 b,Kepler-619,Transit,2016,Kepler,1,3,10.1,3.16,5.404272197,0.06014,0,1073,1.09,1.11,5980,-0.04002,900.678,290.8490899,48.4159782
TOI-1842 b,TOI-1842,Transit,2021,Transiting Exoplanet Survey Satellite (TESS),1,1,89.4,12.3485023,9.5739181,0.1,0.276,1199.55,1.4643,2.032,6039,0.69504,223.465,201.9626552,9.0306437
HIP 97166 b,HIP 97166,Transit,2021,Transiting Exoplanet Survey Satellite (TESS),1,2,19.1,2.4801338,10.288914,0.091,0.29,701.66,0.9342,0.8418,5216,-0.32514,65.9501,296.2446203,74.0628577
Kepler-602 b,Kepler-602,Transit,2016,Kepler,1,1,5.02,2.09,15.28469497,0.1224,0,852,1.08,1.13,6062,0.32624,1159.31,296.0318985,42.1418634
Kepler-721 b,Kepler-721,Transit,2016,Kepler,1,1,7.46,2.64,5.392025388,0.0583,0,850,0.82,0.78,5075,-0.3619,926.598,284.4305132,44.4803776
Kepler-722 b,Kepler-722,Transit,2016,Kepler,1,2,7.41,2.63,4.093573252,0.0514,0,1182,1.03,1.05,5863,-0.03923,1239.5,290.2632874,44.5564051
Kepler-568 b,Kepler-568,Transit,2016,Kepler,1,1,5.73,2.26,11.02347475,0.0794,0,429,0.55,0.53,3768,-1.33039,130.645,298.1061315,48.4016448
Kepler-569 b,Kepler-569,Transit,2016,Kepler,1,1,10.1,3.16,34.18890521,0.19784,0,526,0.95,0.93,5616,-0.10661,638.301,283.507219,48.552633
Kepler-603 b,Kepler-603,Transit,2016,Kepler,1,3,7.51,2.65,21.05358596,0.16052,0,731,1.01,1.01,5808,0.39156,1539.63,294.2809679,42.2909295
TOI-1296 b,TOI-1296,Transit,2021,Transiting Exoplanet Survey Satellite (TESS),1,1,95.3,14.11645916,3.9443736,0.051,0,1414.84,1.1576,1.7031,5567,0.40157,323.265,256.7706392,70.2384806
TOI-1298 b,TOI-1298,Transit,2021,Transiting Exoplanet Survey Satellite (TESS),1,1,99,9.65807033,4.537143,0.057,0,1278,1.2187,1.4536,5752,0.32056,319.036,241.3229012,70.1900397
Kepler-615 b,Kepler-615,Transit,2016,Kepler,1,1,3.68,1.74,10.35584657,0.085,0,620,0.73,0.69,4655,-0.695,330,282.4506927,46.3213671
TOI-1246 d,TOI-1246,Transit,2022,Transiting Exoplanet Survey Satellite (TESS),1,4,5.4,3.43139739,18.654874,0.132,0,587.77,0.8889,0.8649,5213,-0.30103,169.422,251.1158702,70.4299917
TOI-1246 e,TOI-1246,Transit,2022,Transiting Exoplanet Survey Satellite (TESS),1,4,14.5,3.5141875,37.92548,0.212,0,463.98,0.8889,0.8649,5213,-0.30103,169.422,251.1158702,70.4299917
Kepler-593 b,Kepler-593,Transit,2016,Kepler,1,1,8.6,2.87,21.21708973,0.1508,0,706,1.08,1.1,5967,0.07929,973.76,294.9513923,48.6511709
Kepler-592 b,Kepler-592,Transit,2016,Kepler,1,1,6.3,2.39,2.820192408,0.0397,0,1367,1.04,1.04,5913,0.18506,1153.13,285.7907395,48.6832431
Kepler-709 b,Kepler-709,Transit,2016,Kepler,1,1,8.85,2.92,16.08524954,0.1173,0,613,0.8,0.77,5071,-0.48148,664.843,292.105272,42.3803077
Kepler-1625 b,Kepler-1625,Transit,2016,Kepler,1,1,30.6,6.06,287.378949,0.87762,0,350,0.96,0.94,5677,0.43696,2310.11,295.429322,39.8865068
Kepler-1642 b,Kepler-1642,Transit,2016,Kepler,1,2,10.3,3.2,12.2057513,0.1016,0,895,0.88,0.84,5355,-0.40452,413.873,297.2121215,43.643789
Kepler-1642 c,Kepler-1642,Transit,2016,Kepler,1,2,7.56,2.66,6.6513802,0.0678,0,1095,0.88,0.84,5355,-0.40452,413.873,297.2121215,43.643789
Kepler-652 b,Kepler-652,Transit,2016,Kepler,1,1,6.76,2.49,4.182002531,0.04958,0,974,0.97,0.88,5490,-0.27008,394.55,288.0080899,46.4736108
Kepler-737 b,Kepler-737,Transit,2016,Kepler,1,1,4.5,1.96,28.59915399,0.1422,0,298,0.51,0.48,3813,-1.30149,205.118,291.8629793,46.4291614
Kepler-669 b,Kepler-669,Transit,2016,Kepler,1,1,20.8,4.83,4.125546869,0.0529,0,1243,1.15,1.2,6038,0.35828,2063.41,291.9361615,49.2539473
Kepler-558 b,Kepler-558,Transit,2016,Kepler,1,1,6.21,2.37,29.00790538,0.1759,0,498,0.85,0.81,5242,-0.38422,661.876,284.6579709,42.6526751
Kepler-609 b,Kepler-609,Transit,2016,Kepler,1,1,11.2,3.35,6.521210666,0.0682,0,932,1.09,1.14,5971,0.06548,1065.82,292.2203009,44.6999902
Kepler-724 b,Kepler-724,Transit,2016,Kepler,1,1,10.8,3.29,3.314946338,0.0433,0,1155,0.9,0.86,5437,-0.22344,853.119,293.4548441,44.7927823
Kepler-1646 b,Kepler-1646,Transit,2016,Kepler,1,1,2.04,1.23,4.48558383,0.0295,0,365,0.24,0.26,3299,-1.77984,127.591,287.5264859,42.9129356
Kepler-710 b,Kepler-710,Transit,2016,Kepler,1,1,4.19,1.88,4.347285527,0.0524,0,1174,0.94,0.91,5611,0.26474,1448.34,291.9641255,42.6961308
K2-88 b,K2-88,Transit,2016,K2,1,1,2.04,1.23,4.6122,0.0345,0.26,,0.258,0.256,3537,-1.54478,110.561,54.7514566,19.1199667
K2-89 b,K2-89,Transit,2016,K2,1,1,0.17,0.615,1.096026,0.01462,0.15,,0.347,0.318,3691,-1.32653,86.0386,57.0671234,20.4594885
K2-116 b,K2-116,Transit,2017,K2,1,1,0.257,0.69,4.655411,0.048,0.06,,0.694512,0.6694,4348.35,-0.74639,49.3855,336.1523363,-11.5793181
TOI-1386 b,TOI-1386,Transit,2024,Transiting Exoplanet Survey Satellite (TESS),1,2,45.8,6.2163865,25.8401,0.173,0,615.03,1.0363,1.0235,5735,0.0103,146.858,334.5041029,54.3190454
K2-102 b,K2-102,Transit,2016,K2,1,1,2.24,1.3,9.915615,,0.1,,0.77,0.71,4695,-0.65738,188.175,130.0558953,19.7787519
K2-5 b,K2-5,Transit,2015,K2,1,2,4.31,1.91,5.73594,0.0532,,565,0.61,0.57,3930,-1.08341,202.943,169.3034598,-1.8778254
K2-5 c,K2-5,Transit,2015,K2,1,2,5.73,2.26,10.93241,0.0818,,456,0.61,0.57,3930,-1.08341,202.943,169.3034598,-1.8778254
K2-91 b,K2-91,Transit,2016,K2,1,1,1.37,1.1,1.419549,0.0164,0.09,,0.292,0.284,3622,-1.84126,62.5785,63.2182348,24.2047218
K2-72 c,K2-72,Transit,2016,K2,1,4,1.65,1.16,15.189034,0.078,0.11,,0.271365,0.330989,3360.47,-1.83673,66.4321,334.6227504,-9.6120084
HD 93963 A c,HD 93963 A,Transit,2022,Transiting Exoplanet Survey Satellite (TESS),2,2,18.4,3.11976057,3.6451389,0.04726,0,1212.45,1.0844,1.0311,5908,0.06781,82.3432,162.7766969,25.641065
K2-16 b,K2-16,Transit,2015,K2,1,3,4.74,2.02,7.6188,0.0667,,658,0.68,0.66,4742,-0.76082,334.967,175.0972238,4.5574311
K2-16 c,K2-16,Transit,2015,K2,1,3,6.99,2.54,19.07863,0.1229,,485,0.68,0.66,4742,-0.76082,334.967,175.0972238,4.5574311
Kepler-223 e,Kepler-223,Transit,2014,Kepler,1,4,4.8,4.6,19.72567,0.14481,0.051,751,1.125,1.72,5803,0.37128,1859.71,298.3183909,47.2794824
Kepler-223 b,Kepler-223,Transit,2014,Kepler,1,4,7.4,2.99,7.38449,0.07525,0.078,1042,1.125,1.72,5803,0.37128,1859.71,298.3183909,47.2794824
Kepler-223 d,Kepler-223,Transit,2014,Kepler,1,4,8,5.24,14.78869,0.11956,0.037,827,1.125,1.72,5803,0.37128,1859.71,298.3183909,47.2794824
K2-81 b,K2-81,Transit,2016,K2,1,1,4.54,1.97,6.102325,0.059,0.06,,0.745273,0.634663,4674.13,-0.5689,252.318,57.4854562,14.5020556
TOI-1451 b,TOI-1451,Transit,2024,Transiting Exoplanet Survey Satellite (TESS),1,1,15.2,2.61143902,16.537944,0.127,0,723.33,1.0022,1.0162,5801,0.02449,91.9362,186.5242821,61.2589289
TOI-2267 d,TOI-2267 B,Transit,2025,Transiting Exoplanet Survey Satellite (TESS),2,3,3.78,1.77,2.0344671,0.0145,,422,0.0989,0.13,3022,-2.95861,22.55,65.0615,84.900825
KMT-2024-BLG-2005L b,KMT-2024-BLG-2005L,Microlensing,2026,KMTNet,1,1,50.85254512,8.18,,1.12,,,0.12,,,,7720,268.4080833,-28.9009806
NGC 2682 YBP 1194 b,NGC 2682 YBP 1194,Radial Velocity,2014,Multiple Observatories,1,1,101.7056,12.3,6.959,,0.3,,1.01,0.99,5780,-0.01121,872.92,132.7533077,11.8146537
NGC 2682 YBP 1514 b,NGC 2682 YBP 1514,Radial Velocity,2014,Multiple Observatories,1,1,127.132,14,5.118,,0.28,,0.96,0.89,5725,-0.01797,914.221,132.7531307,11.8865128
Kepler-80 d,Kepler-80,Transit,2014,Kepler,1,6,6.75,1.53,3.07222,0.0372,0.0041,722,0.73,0.678,4540,-0.76955,369.451,296.1125759,39.9787451
GJ 1148 b,GJ 1148,Radial Velocity,2010,W. M. Keck Observatory,1,2,96.7,11.9,41.38,0.166,0.38,,0.344045,0.358519,3287,-1.86908,11.0143,175.4326081,42.7515862
K2-90 c,K2-90,Transit,2016,K2,1,2,2.24,1.3,2.900706,0.035,0.19,,0.704613,0.634754,4421.98,-0.95318,134.188,59.1527391,22.4724517
GJ 1148 c,GJ 1148,Radial Velocity,2017,Calar Alto Observatory,1,2,68.06,9.71,532.58,0.912,0.342,,0.344045,0.358519,3287,-1.86908,11.0143,175.4326081,42.7515862
TOI-1753 b,TOI-1753,Transit,2024,Transiting Exoplanet Survey Satellite (TESS),1,1,16.6,2.47852533,5.3846104,0.059,0,1005.43,0.9483,0.9715,5621,-0.06956,226.671,252.4698351,61.1735768
HD 128717 b,HD 128717,Astrometry,2025,European Space Agency (ESA) Gaia Satellite,1,1,6293.002459,12.1,3420,4.85,0.85,,1.212,1.248,6210,0.322,73.636,219.0881687,57.5609512
HD 17674 b,HD 17674,Radial Velocity,2017,Haute-Provence Observatory,1,1,276.5121,13.9,623.8,1.42,0.13,,0.98,1.18,5904,0.20472,44.4264,42.7684964,30.2865981
HD 42012 b,HD 42012,Radial Velocity,2017,Haute-Provence Observatory,1,1,508.528,13.5,857.5,1.67,0.2,,0.83,0.82,5405,-0.26975,36.7984,92.485473,34.1341722
TOI-1776 b,TOI-1776,Transit,2024,Transiting Exoplanet Survey Satellite (TESS),1,1,1.4,1.21612741,2.799868,0.0378,0,1269.21,0.9196,0.9356,5785,-0.05306,44.647,164.7772913,40.9837182
OGLE-2012-BLG-0026L b,OGLE-2012-BLG-0026L,Microlensing,2012,OGLE,1,2,46.1,7.72,,4,,,1.06,,,,4019,263.577917,-27.14275
Kepler-80 c,Kepler-80,Transit,2012,Kepler,1,6,6.74,2.74,9.52355,0.0792,0.0079,495,0.73,0.678,4540,-0.76955,369.451,296.1125759,39.9787451
HD 6061 b,HD 6061,Transit,2023,Transiting Exoplanet Survey Satellite (TESS),2,1,10,2.42763557,5.2549,0.06,0,1075.31,1.0269,1.0072,5934,0.05538,67.6203,15.5981441,37.1854394
OGLE-2012-BLG-0026L c,OGLE-2012-BLG-0026L,Microlensing,2012,OGLE,1,2,270,13.9,,4.8,,,1.06,,,,4019,263.577917,-27.14275
TOI-1194 b,TOI-1194,Transit,2023,Transiting Exoplanet Survey Satellite (TESS),1,1,120,8.71664516,2.3106446,0.034,0,1264.29,0.9835,0.9608,5394,-0.1512,149.667,167.8214811,69.9647749
TOI-1694 b,TOI-1694,Transit,2023,Transiting Exoplanet Survey Satellite (TESS),1,2,31.3,5.3422266,3.770107,0.045,0,943.19,0.853,0.8036,5058,-0.41794,124.68,97.7487104,66.3605956
TOI-1443 b,TOI-1443,Transit,2024,Transiting Exoplanet Survey Satellite (TESS),1,1,30,2.30381001,23.540678,0.147,0,520.66,0.7663,0.7511,5224,-0.42022,85.8034,297.398678,76.1391776
HD 59686 A b,HD 59686 A,Radial Velocity,2016,Lick Observatory,2,1,2199.3836,12.7,299.36,1.086,0.05,,1.9,13.2,4658,1.82166,89.2721,112.9518629,17.0857195
KIC 7917485 b,KIC 7917485,Pulsation Timing Variations,2016,Kepler,1,1,3750.394,12.4,840,,0.15,,1.63,2.009938,7067,0.99564,1382.89,299.4346094,43.6326069
OGLE-2013-BLG-1721L b,OGLE-2013-BLG-1721L,Microlensing,2017,OGLE,1,1,200,14.1,,2.6,,,0.46,,,,6300,268.126556,-30.2926941
HD 34445 c,HD 34445,Radial Velocity,2017,Multiple Observatories,1,6,53.5,8.42,214.67,0.7181,0.036,,1.07,1.38,5836,0.3032,46.0907,79.4207483,7.3527156
TOI-329 b,TOI-329,Transit,2024,Transiting Exoplanet Survey Satellite (TESS),1,1,40.4,4.94057819,5.70439,0.0638,0.39,1213.02,1.0678,1.5326,5614,0.3251,284.388,351.3210955,-15.6346313
K2-46 b,K2-46,Transit,2016,K2,1,1,4.86,2.05,19.1541,0.13821,,889,0.96,1.29,6256,0.41312,449.237,174.2662454,-0.90721
K2-42 b,K2-42,Transit,2016,K2,1,1,5.27,2.15,6.68796,0.0617,,,0.702,0.643,4613,-0.70324,396.913,176.6657559,-5.1720463
HD 25463 c,HD 25463,Transit,2023,Transiting Exoplanet Survey Satellite (TESS),1,2,4.3,1.36354953,3.04405,0.0443,0,1585.57,1.251,1.4182,6353,0.47276,45.6181,60.7483361,9.2077676
HD 37124 c,HD 37124,Radial Velocity,2002,W. M. Keck Observatory,1,3,207.22516,14.1,885.5,1.71,0.125,,0.85,0.949168,5698.64,-0.11224,31.6634,84.2599947,20.7289784
HD 87646 b,HD 87646,Radial Velocity,2016,Apache Point Observatory,3,1,3941.092,12.4,13.481,0.117,0.05,,1.12,1.55,5770,0.95972,73.58352,151.6695435,17.8949795
HD 34445 g,HD 34445,Radial Velocity,2017,Multiple Observatories,1,6,120.6,13.6,5700,6.36,0.032,,1.07,1.38,5836,0.3032,46.0907,79.4207483,7.3527156
Wolf 1061 c,Wolf 1061,Radial Velocity,2015,La Silla Observatory,1,3,3.41,1.66,17.8719,0.089,0.11,,0.294,0.307,3342,-1.9914,4.30592,247.5748276,-12.6676866
K2-47 b,K2-47,Transit,2016,K2,1,1,4.23,1.89,31.6372,0.1779,,,0.75,0.76,5054,-0.48202,349.881,168.5825696,2.7805614
K2-48 b,K2-48,Transit,2016,K2,1,1,5.65,2.24,20.5065,0.1344,,,0.77,0.73,4899,-0.65663,313.764,176.1233077,3.2723812
MXB 1658-298 b,MXB 1658-298,Eclipse Timing Variations,2017,Multiple Observatories,2,1,7532.571,12,760,1.613,,,1.98,,,,,255.5272522,-29.9455833
K2-290 b,K2-290,Transit,2019,K2,3,2,10.9,3.06,9.21165,0.0923,0,1230,1.194,1.511,6302,0.42035,272.909,234.8578846,-20.1988975
TOI-1279 b,TOI-1279,Transit,2024,Transiting Exoplanet Survey Satellite (TESS),1,1,10.6,2.66146528,9.61419,0.085,0,759,0.8784,0.8426,5457,-0.24336,107.055,185.0628734,56.2014094
TOI-1288 b,TOI-1288,Transit,2022,Transiting Exoplanet Survey Satellite (TESS),1,2,44.1,4.96846551,2.6998279,0.0374,0,1203.44,0.9552,0.9583,5388,-0.1549,114.865,313.1670294,65.6087833
NGC 2682 Sand 978 b,NGC 2682 Sand 978,Radial Velocity,2017,Multiple Observatories,1,1,692.8694,13.3,511.21,,0.16,,1.37,21.017414,4200,2.1567,821.918,132.8228085,11.7562959
GJ 3293 b,GJ 3293,Radial Velocity,2015,La Silla Observatory,1,4,23.54,5.19,30.5987,0.14339,0.06,,0.42,0.404,3466,-1.65758,20.1903,67.1484425,-25.1713396
K2-50 b,K2-50,Transit,2016,K2,1,2,3.15,1.59,8.7529,0.0705,,,0.611,0.546,4326,-0.87356,257.443,169.483654,5.988289
K2-49 b,K2-49,Transit,2016,K2,1,1,4.38,1.93,2.77065,0.0309,,,0.51,0.45,4175,-0.77386,457.125,177.3202331,3.4755183
HD 219134 d,HD 219134,Radial Velocity,2015,Roque de los Muchachos Observatory,1,6,16.17,1.61,46.859,0.237,0.138,410.5,0.81,0.778,4699,-0.57741,6.53127,348.3372026,57.1696255
HD 219134 g,HD 219134,Radial Velocity,2015,Multiple Observatories,1,6,10.80622,3.28,94.2,0.3753,0,,0.794,0.77,4913,-0.50864,6.53127,348.3372026,57.1696255
HAT-P-67 b,HAT-P-67,Transit,2017,HATNet,2,1,143.0227832,23.9872187,4.8101069,0.06505,0,1903,1.73,2.62,6640,1.07773,371.686,256.6107279,44.7768849
Kepler-1652 b,Kepler-1652,Transit,2017,Kepler,1,1,3.19,1.6,38.09722,0.1654,0,268,0.404,0.382,3638,-1.638,252,294.3660313,49.9150219
GJ 3293 c,GJ 3293,Radial Velocity,2015,La Silla Observatory,1,4,21.09,4.87,122.6196,0.36175,0.11,,0.42,0.404,3466,-1.65758,20.1903,67.1484425,-25.1713396
K2-58 d,K2-58,Transit,2016,K2,1,3,3.57,1.71,22.8827,0.1517,,,0.89,0.86,5413,-0.39764,181.746,333.8218395,-14.049857
K2-59 c,K2-59,Transit,2016,K2,1,2,5.9,2.3,11.2954,0.0905,,,0.774,0.731,5055,-0.66037,311.313,338.94255,-14.027727
HD 217107 b,HD 217107,Radial Velocity,1998,Lick Observatory,1,2,459.5798765,13.6,7.1270166,0.07359,0.1284,,1.045,1.2245,5622,0.09754,20.0619,344.5647243,-2.3954489
HD 9174 b,HD 9174,Radial Velocity,2016,Multiple Observatories,1,1,352.7913,13.7,1179,2.2,0.12,,1.03,1.67,5577,0.38202,81.4893,22.5043352,-19.6052945
TOI-1181 b,TOI-1181,Transit,2022,Transiting Exoplanet Survey Satellite (TESS),1,1,374.7196919,17.02644168,2.103189,0.0364,0.011,1942.12,1.467,1.961,6054,0.64246,302.819,297.2158166,64.3543506
TOI-5218 b,TOI-5218,Transit,2024,Transiting Exoplanet Survey Satellite (TESS),1,1,657,9.86,4.291452,0.0469,0,783,0.739,0.708,4230,-0.82391,377.483,292.6634642,71.7629612
TOI-2447 b,TOI-2447,Transit,2024,Transiting Exoplanet Survey Satellite (TESS),1,1,124.906564,9.60609646,69.33684,0.347,0.17,414,1.034,1.006,5730,0.04891,148.987,70.9975864,-31.9066369
K2-63 c,K2-63,Transit,2016,K2,1,2,14.5,3.9,25.4556,0.189,,,1.4,1.63,6771,0.21948,517.534,333.4267738,-12.0663429
K2-63 b,K2-63,Transit,2016,K2,1,2,10.5,3.22,20.257,0.1627,,,1.4,1.63,6771,0.21948,517.534,333.4267738,-12.0663429
CoRoT-32 b,CoRoT-32,Transit,2018,CoRoT,1,1,47.6745,6.38913,6.71837,0.071,,938,1.08,0.79,5970,-0.1549,576.683,100.1951714,9.2573953
HD 221585 b,HD 221585,Radial Velocity,2016,Haute-Provence Observatory,1,1,511.7063,13.5,1173,2.306,0.123,,1.19,1.850575,5620,0.4216,55.8535,353.2293802,63.1556146
Kepler-539 c,Kepler-539,Transit Timing Variations,2016,Kepler,1,2,762.792,13.3,1000,2.42,0.5,253,1.048,0.952,5820,-0.06048,307.318,299.1224639,41.8667953
K2-64 b,K2-64,Transit,2016,K2,1,1,4.94,2.07,6.53044,0.0619,,,0.741,0.726,5312,-0.23421,499.891,332.4138478,-11.4286687
K2-68 b,K2-68,Transit,2016,K2,1,1,3.12,1.58,8.05428,0.0708,,,0.73,0.675,4746,-0.67323,168.652,334.0195539,-10.5673649
K2-21 b,K2-21,Transit,2015,K2,1,2,4.04,1.84,9.325038,0.076,0.1,500,0.676023,0.646783,4222.06,-0.98492,83.6448,340.3037846,-14.4893256
TOI-1836 c,TOI-1836,Transit,2024,Transiting Exoplanet Survey Satellite (TESS),1,2,8,2.59987579,1.7727471,0.03089,0,2007.6,1.2518,1.6454,6237,0.56984,191.649,245.9079242,54.6900774
Kepler-1647 b,Kepler-1647,Transit,2016,Kepler,2,1,483,11.8739,1107.5923,2.7205,0.0581,,1.2207,1.7903,6210,0.64425,1212.45,298.150057,40.6561751
K2-70 b,K2-70,Transit,2016,K2,1,1,8.7,2.89,13.97896,0.1112,,,0.94,0.93,5622,-0.42935,232.964,338.4759328,-10.0849917
K2-71 b,K2-71,Transit,2016,K2,1,1,5.27,2.15,6.98541,0.0559,,,0.477,0.426,4006,-1.51871,153.192,341.7248656,-9.8816109
K2-118 b,K2-118,Transit,2017,K2,1,1,6.99,2.54,50.92092,0.245,0.2,,0.756446,0.734626,4726.29,-0.56055,321.722,132.1268608,15.6558964
TOI-1736 c,TOI-1736,Radial Velocity,2023,Haute-Provence Observatory,1,2,2800,12.5,571.25,1.37,0.3685,249,1.0373,1.4286,5636,0.27068,88.9482,43.4344615,69.101345
TOI-1669 b,TOI-1669,Radial Velocity,2023,W. M. Keck Observatory,1,2,191,14.1,500,1.27,0,,0.9867,1.0561,5497,-0.03574,111.276,45.9564744,83.5874273
HIP 67522 c,HIP 67522,Transit,2024,Transiting Exoplanet Survey Satellite (TESS),1,2,48.3,7.93595834,14.334892,0.1228,0.077,917,1.22,1.38,5675,0.24304,127.28,207.526001,-40.8358961
TOI-2379 b,TOI-2379,Transit,2024,Transiting Exoplanet Survey Satellite (TESS),1,1,1830.691624,11.72459381,5.4693827,0.05263,0.342,624,0.645,0.622,3707,-1.12907,211.247,358.0920465,-53.043156
TOI-2384 b,TOI-2384,Transit,2024,Transiting Exoplanet Survey Satellite (TESS),1,1,624.8506482,11.48920522,2.13570304,0.02793,0,889.7,0.635,0.6113,3943,-1.11907,191.51,36.1561463,-65.0001957
TOI-757 b,TOI-757,Transit,2024,Transiting Exoplanet Survey Satellite (TESS),1,1,10.5,2.5,17.46819,0.122,0.39,641,0.8,0.78,5278,-0.37675,60.3418,187.9948428,-35.5544523
TOI-1011 b,TOI-1011,Transit,2025,Transiting Exoplanet Survey Satellite (TESS),1,1,4.04,1.45,2.470498,,0,1364,0.91,0.92,5475,-0.1549,52.62,113.9847611,-32.8419988
TOI-2714 b,TOI-2714,Transit,2024,Transiting Exoplanet Survey Satellite (TESS),1,1,228,13.72,2.499387,0.036,0.164,1603,1.07,1.25,5665,0.16017,597.873,61.4012482,-14.9267458
TOI-2981 b,TOI-2981,Transit,2024,Transiting Exoplanet Survey Satellite (TESS),1,1,638,13.4,3.601501,0.048,0.035,1358,1.03,1.08,5940,0.11594,527.789,163.487394,-25.5245988
K2-74 b,K2-74,Transit,2016,K2,1,1,5.95,2.31,19.5666,0.1402,,,0.96,0.98,6060,0.05957,377.822,339.9192984,-8.7145697
K2-75 b,K2-75,Transit,2016,K2,1,2,7.61,2.67,7.8142,0.081,,,1.16,1.56,5995,0.34943,561.93,338.844896,-7.469895
K2-125 b,K2-125,Transit,2017,K2,1,1,5.39,2.18,21.750264,0.121,0.08,,0.494727,0.402049,3654.47,-1.64124,124.156,204.1418754,-14.9478195
TOI-2485 b,TOI-2485,Transit,2024,Transiting Exoplanet Survey Satellite (TESS),1,1,766.6021177,12.1393261,11.23479,0.1093,0.0341,1134,1.163,1.72,6016.4,0.51983,397.953,205.2043217,22.9839692
TOI-1288 c,TOI-1288,Radial Velocity,2022,Multiple Observatories,1,2,85.7,11.1,416,1.07,0,,0.9552,0.9583,5388,-0.1549,114.865,313.1670294,65.6087833
TOI-1408 b,TOI-1408,Transit,2023,Transiting Exoplanet Survey Satellite (TESS),1,2,593,25,4.42587,0.05778,0.0023,1293,1.312,1.53,6117,0.47129,139.484,313.5110469,72.5806455
TOI-1408 c,TOI-1408,Transit Timing Variations,2024,Transiting Exoplanet Survey Satellite (TESS),1,2,7.6,2.22,2.1664,0.03587,0.1353,1864,1.312,1.53,6117,0.47129,139.484,313.5110469,72.5806455
HIP 116454 b,HIP 116454,Transit,2014,K2,2,1,9.7,2.469,9.1004157,0.0792,0.215,753.2,0.8,0.758,5048,-0.47314,62.4491,353.9543517,0.4447043
TOI-2420 b,TOI-2420,Transit,2024,Transiting Exoplanet Survey Satellite (TESS),1,1,294.6269333,15.02003414,5.842641,0.0684,0.055,1571.6,1.158,2.369,5707,0.68664,435.174,14.8268138,-19.7711643
K2-83 b,K2-83,Transit,2016,K2,1,2,2.08,1.244,2.74697,0.03014,0.07,,0.484,0.424,3910,-1.20362,125.529,59.9013782,15.5587994
K2-130 b,K2-130,Transit,2017,K2,1,1,2.1,1.25,2.49412,0.032,0.17,,0.69563,0.744261,4356.47,-0.79892,118.011,290.2705419,-19.6908744
TOI-421 c,TOI-421,Transit,2020,Transiting Exoplanet Survey Satellite (TESS),2,2,14.1,5.09,16.067541,0.117,0.19,635,0.833,0.866,5291,-0.26777,74.7969,81.8532824,-14.2767404
MOA-2010-BLG-353L b,MOA-2010-BLG-353L,Microlensing,2015,MOA,1,1,86,11.1,,1.72,,,0.18,,,,6430,271.303917,-27.2932333
K2-84 b,K2-84,Transit,2016,K2,1,2,6.39,2.41,6.4215,0.0665,,,0.95,0.93,5652,-0.42274,284.876,55.8093566,16.6344396
K2-84 c,K2-84,Transit,2016,K2,1,2,4.78,2.03,27.86,0.1768,,,0.95,0.93,5652,-0.42274,284.876,55.8093566,16.6344396
K2-35 b,K2-35,Transit,2016,K2,1,2,2.3,1.32,2.399964,0.031,0.13,979,0.701968,0.619575,4402.71,-0.71881,252.596,170.1031027,1.2858679
HD 86950 b,HD 86950,Radial Velocity,2016,Multiple Observatories,1,1,1144.188,13,1270,2.72,0.17,,1.66,8.8,4805,1.55991,209.839,150.4066612,-17.3330699
HD 222076 b,HD 222076,Radial Velocity,2016,Multiple Observatories,1,1,495.8148,13.5,871,1.83,0.08,,1.07,4.1,4806,0.92942,91.1538,354.531982,-70.9032461
K2-33 b,K2-33,Transit,2016,K2,1,1,1175.971,5.04,5.424865,0.0409,0,850,0.56,1.05,3540,-0.82391,139.268,242.5613635,-19.3193831
TOI-1338 b,TOI-1338 A,Transit,2020,Transiting Exoplanet Survey Satellite (TESS),2,2,11.3,7.661,95.4001,0.4607,0.0331,254.65,1.0936,1.313,5723.2,0.32898,399.017,92.1330955,-59.5409853
K2-161 b,K2-161,Transit,2018,K2,1,1,31.1,6.11721229,9.283188,,,,0.986876,2.568173,4972,0.91922,916.319,183.7938491,-3.4956913
K2-160 b,K2-160,Transit,2018,K2,1,1,10.2,3.17824034,3.705871,,,,0.982829,0.913754,5649,-0.13676,315.363,184.0545174,-3.5530888
HD 215152 d,HD 215152,Radial Velocity,2018,La Silla Observatory,1,4,770.4160586,,10.86499,0.08799,0,,0.77,0.73,4935,-0.52254,21.5974,340.8380941,-6.4020685
TOI-1173 b,TOI-1173,Transit,2024,Transiting Exoplanet Survey Satellite (TESS),2,1,27.4,9.19,7.06466,0.0696,0.023,868,0.911,0.934,5350,-0.16877,132.353,197.6830975,70.7680117
HD 103197 b,HD 103197,Radial Velocity,2009,La Silla Observatory,1,1,28.6047,5.83,47.84,0.25,0,,0.8,0.88,5250,-0.3279,57.1463,178.2201971,-50.2927911
HD 109246 b,HD 109246,Radial Velocity,2010,Haute-Provence Observatory,1,1,273.3338,13.9,68.27,0.33,0.12,,1.2,1.07,5844,0.10028,67.8349,188.027184,74.4893379
OGLE-2016-BLG-1195L b,OGLE-2016-BLG-1195L,Microlensing,2017,OGLE,1,1,1.43,1.11,,1.16,,,0.078,,,,3910,268.847931,-30.2072506
Kepler-1650 b,Kepler-1650,Transit,2017,Kepler,1,1,0.84,0.96,1.53818001,0.0167,0.01,602,0.326,0.334,3410,-1.871,134.397,297.7292296,42.8666919
HD 183579 b,HD 183579,Transit,2021,Transiting Exoplanet Survey Satellite (TESS),1,1,20.4,3.49,17.471291,0.1322,0.061,752,0.996,0.96,5784,-0.03386,57.2651,293.2866147,-54.5327284
TOI-1437 b,TOI-1437,Transit,2024,Transiting Exoplanet Survey Satellite (TESS),1,1,9.6,2.24,18.840942,0.14,0.17,794.23,1.1,1.17,6008,0.28466,103.297,256.1387513,56.842549
TOI-6034 b,TOI-6034,Transit,2024,Transiting Exoplanet Survey Satellite (TESS),2,1,254,11.92,2.576184,0.02949,0.04,714,0.514,0.489,3635,-1.4034,117.992,317.9001392,68.4020762
TOI-5634 A b,TOI-5634 A,Transit,2024,Transiting Exoplanet Survey Satellite (TESS),2,1,588,10.42,2.2035373,0.0272,0,837,0.556,0.54,3896,-1.24489,306.144,175.6436366,20.9652921
K2-419 A b,K2-419 A,Transit,2024,K2,2,1,196,10.55,20.35847252,0.1208,0.042,377,0.562,0.541,3711,-1.27654,268.685,135.0194934,13.2737056
Kepler-1654 b,Kepler-1654,Transit,2018,Kepler,1,1,158.915,9.180171,1047.8356,2.026,0.26,206,1.011,1.179,5597,0.08991,568.117,282.1856949,44.4344617
HD 121504 b,HD 121504,Radial Velocity,2003,La Silla Observatory,1,1,479.9233,13.6,63.33,0.33,0.03,,1.62,1.07,6027,0.19,41.6592,209.3199062,-56.0404085
L 98-59 e,L 98-59,Radial Velocity,2021,Multiple Observatories,1,5,2.82,1.49,12.8278,0.0712,0.012,347,0.2923,0.3155,3415,-1.91364,10.6194,124.5328604,-68.3144658
L 98-59 f,L 98-59,Radial Velocity,2025,Multiple Facilities,1,5,2.8,1.48,23.064,0.1052,0.044,285,0.2923,0.3155,3415,-1.91364,10.6194,124.5328604,-68.3144658
TOI-1824 b,TOI-1824,Transit,2024,Transiting Exoplanet Survey Satellite (TESS),1,1,16,2.7438269,22.808533,0.151,0,528.67,0.8801,0.8123,5165,-0.37263,59.4314,197.7312286,61.7448492
BD+03 2562 b,BD+03 2562,Radial Velocity,2017,Multiple Observatories,1,1,2034.112,12.7,481.9,1.3,0.2,,1.14,32.35,4095,2.7,1070.63,177.5647268,2.7601075
K2-186 b,K2-186,Transit,2018,K2,1,1,10.2,3.17207779,41.474219,,,,1.018617,0.98083,5784,0.0504,330.739,135.3350487,18.8252879
K2-190 c,K2-190,Transit,2018,K2,1,2,1.34,1.09308317,21.574023,,,,0.904597,0.912206,5631,-0.06781,160.679,205.3630485,-13.1608686
K2-231 b,K2-231,Transit,2018,K2,1,1,6.8,2.5,13.841901,,,,1.01,0.95,5695,-0.11208,321.215,289.0918242,-15.7712178
HD 134987 b,HD 134987,Radial Velocity,1999,W. M. Keck Observatory,1,2,511.7063,13.5,258.17999,0.81,0.23,,1.1,1.22,5736,0.25527,26.1804,228.3675397,-25.3096721
HD 137388 b,HD 137388,Radial Velocity,2011,La Silla Observatory,1,1,63.566,9.32,330,0.89,0.36,,0.68,0.88,5181,-0.33724,40.4841,233.915082,-80.2044169
HD 177565 b,HD 177565,Radial Velocity,2017,La Silla Observatory,1,1,15.1,4,44.505,0.246,0.0593,,1,0.971489,5627,-0.05395,16.9179,286.7175787,-37.8122394
K2-195 c,K2-195,Transit,2018,K2,1,2,7.16,2.57581891,28.482786,,,,0.963364,0.906367,5712,-0.01196,315.014,199.8315191,-8.5095364
K2-201 b,K2-201,Transit,2018,K2,1,2,2.54,1.40006712,1.05979,,,,0.956055,0.878161,5507,-0.27594,197.932,293.5607117,-23.1312775
TOI-2768 b,TOI-2768,Transit,2024,Transiting Exoplanet Survey Satellite (TESS),1,1,7.41,2.63,1.50801,0.027,,855,0.63,0.657,4008,-0.99801,78.4525,99.3641336,-15.4812031
TOI-5319 b,TOI-5319,Transit,2024,Transiting Exoplanet Survey Satellite (TESS),1,1,8.4,2.83,4.07853,0.0506,,695,0.5,0.485,3580,-1.45905,61.171,35.2135563,23.5204408
TOI-1130 b,TOI-1130,Transit,2020,Transiting Exoplanet Survey Satellite (TESS),1,2,19.8,3.66,4.074554,0.0453,0.052162,825,0.745,0.697,4360,-0.85387,58.2609,286.3760037,-41.4376399
OGLE-2017-BLG-1522L b,OGLE-2017-BLG-1522L,Microlensing,2018,OGLE,1,1,240,14,,0.59,,,0.045,,,,7490,270.319366,-28.4619713
HD 13931 b,HD 13931,Radial Velocity,2009,W. M. Keck Observatory,1,1,889.9195396,13.2,4218,5.15,0.02,,1.3,1.25,5867,0.1959,47.3963,34.1979991,43.7722065
HD 142245 b,HD 142245,Radial Velocity,2011,W. M. Keck Observatory,3,1,975.7381,13.1,1299,2.78,0,,3.5,4.63,4922,1.13033,97.2305,238.2342443,15.4306118
HIP 65426 b,HIP 65426,Imaging,2017,Paranal Observatory,1,1,2860.47,16.8135,,92,,1500,1.96,1.77,8840,1.26895,108.875,201.1501727,-51.5045384
Ross 128 b,Ross 128,Radial Velocity,2017,La Silla Observatory,1,1,1.4,1.11,9.8658,0.0496,0.116,301,0.168,0.1967,3192,-2.44129,3.37454,176.9376036,0.7992898
K2-201 c,K2-201,Transit,2018,K2,1,2,10.8,3.28568401,22.779878,,,,0.956055,0.878161,5507,-0.27594,197.932,293.5607117,-23.1312775
K2-202 b,K2-202,Transit,2018,K2,1,1,5.91,2.30165603,3.405164,,,,0.971461,0.910685,5491,-0.33519,300.397,283.2643203,-22.4070553
K2-321 b,K2-321,Transit,2020,K2,1,1,4.86,2.05124347,2.2979749,0.02839,0.44,830,0.578,0.595,3750,-1.20066,77.6888,156.4054989,2.5138829
GJ 486 b,GJ 486,Radial Velocity,2021,Calar Alto Observatory,1,1,2.77,1.289,1.46712127,0.01714,0.00086,696.3,0.312,0.3243,3317,-1.93892,8.07426,191.981531,9.7494181
HD 142415 b,HD 142415,Radial Velocity,2003,La Silla Observatory,1,1,530.7761,13.5,386.29999,1.06,0.5,,1.07,1.04,5940,0.06,35.5318,239.418989,-60.2006948
L 168-9 b,L 168-9,Transit,2020,Transiting Exoplanet Survey Satellite (TESS),1,1,4.07,1.63,1.40152604,0.0208,0,998,0.614,0.604,3842,-1.14086,25.1496,350.0285917,-60.0657292
HD 111591 b,HD 111591,Radial Velocity,2017,Multiple Observatories,1,1,1398.452,12.9,1056.4,2.5,0.26,,1.94,8.03,4884,1.58058,114.166,192.5725483,22.8631285
OGLE-2016-BLG-1190L b,OGLE-2016-BLG-1190L,Microlensing,2017,OGLE,1,1,4253,12.3,1220,2.17,0.42,,0.88,,,,6770,269.717926,-27.6135559
K2-206 b,K2-206,Transit,2018,K2,1,1,8.22,2.79522879,18.294549,,,,0.789481,0.758046,5043,-0.43502,244.443,11.2564264,0.5931866
K2-207 b,K2-207,Transit,2018,K2,1,1,7.3,2.60585269,12.48749,,,,0.941851,0.928158,5522,-0.17314,363.064,11.6996481,0.6406182
TOI-6651 b,TOI-6651,Transit,2024,Transiting Exoplanet Survey Satellite (TESS),1,1,61,5.09,5.056973,0.0633,0.091,1493,1.323,1.721,5940,0.52244,212.128,15.7885904,35.3890405
TOI-181 b,TOI-181,Transit,2023,Transiting Exoplanet Survey Satellite (TESS),1,1,46.1687,6.9559,4.532,0.0539,0.1543,895.1,0.822,0.745,4994,-0.52578,96.2338,352.1725409,-34.4914099
TOI-3884 b,TOI-3884,Transit,2022,Transiting Exoplanet Survey Satellite (TESS),1,1,32.59,6.43,4.5445828,0.0361,0.06,441,0.298,0.302,3180,-2.03152,43.1448,181.5718341,12.5070258
TOI-5005 b,TOI-5005,Transit,2024,Transiting Exoplanet Survey Satellite (TESS),1,1,32.7,6.25,6.3085044,0.06614,,1040,0.97,0.93,5749,-0.00451,207.891,238.108194,-48.1451
HD 16141 b,HD 16141,Radial Velocity,2000,W. M. Keck Observatory,2,1,82.6358,10.9,75.523,0.36,0.25,,1.11,1.48,5757,0.36558,37.7861,38.8323674,-3.5624887
HD 162020 b,HD 162020,Radial Velocity,2002,La Silla Observatory,1,1,3127.4472,12.5,8.4282,0.08,0.28,650,0.42,0.75,4723,-0.60206,30.8248,267.6599252,-40.3184646
OGLE-2016-BLG-0613L AB b,OGLE-2016-BLG-0613L AB,Microlensing,2017,OGLE,2,1,1330,13,,6.4,,,0.72,,,,3410,269.260406,-28.1161671
CoRoT-9 b,CoRoT-9,Transit,2009,CoRoT,2,1,266.9772,11.948794,95.272656,0.4021,0.133,420,0.96,0.96,5625,-0.25426,412.98,280.7866461,6.2040783
K2-209 b,K2-209,Transit,2018,K2,1,1,0.586,0.86850263,2.080615,,,,0.74479,0.712365,4720,-0.58815,76.4986,14.6903464,1.382807
16 Cyg B b,16 Cyg B,Radial Velocity,1996,Multiple Observatories,3,1,565.7374,13.5,798.5,1.66,0.68,,1.08,1.13,5750,0.09729,21.1397,295.4656422,50.5168243
Kepler-80 g,Kepler-80,Transit,2017,Kepler,1,6,0.065,1.13,14.64558,,0.1303,418,0.83,0.678,4540,-0.76955,369.451,296.1125759,39.9787451
K2-218 b,K2-218,Transit,2018,K2,1,1,7.13,2.56948149,8.679885,,,,1.047488,1.008231,5757,-0.00284,394.083,12.809613,6.8464327
K2-219 b,K2-219,Transit,2018,K2,1,3,2.38,1.34762583,3.901287,,,,1.021545,1.189232,5753,0.15097,325.4,12.8452963,8.8675474
HD 215152 b,HD 215152,Radial Velocity,2018,La Silla Observatory,1,4,565.4167361,,5.75999,0.057638,0,,0.77,0.73,4935,-0.52254,21.5974,340.8380941,-6.4020685
K2-219 c,K2-219,Transit,2018,K2,1,3,2.66,1.43839723,6.66767,,,,1.021545,1.189232,5753,0.15097,325.4,12.8452963,8.8675474
K2-219 d,K2-219,Transit,2018,K2,1,3,7.16,2.57634456,11.137278,,,,1.021545,1.189232,5753,0.15097,325.4,12.8452963,8.8675474
GJ 86 b,GJ 86,Radial Velocity,1999,La Silla Observatory,2,1,1404.8086,12.9,15.76491,0.11,0.04,,0.93,0.77,5182,-0.38952,10.7836,32.6224785,-50.8209945
TOI-6002 b,TOI-6002,Transit,2024,Transiting Exoplanet Survey Satellite (TESS),1,1,3.36,1.65,10.904821,0.05722,0.15,321.4,0.2101,0.2432,3229,-2.23508,32.0266,299.6142524,32.2871702
GJ 3138 b,GJ 3138,Radial Velocity,2017,La Silla Observatory,1,3,1.78,1.18,1.22003,0.0197,0.19,,0.681,0.5,3717,-1.34679,28.4712,32.2977385,-16.3392495
HD 7924 c,HD 7924,Radial Velocity,2015,W. M. Keck Observatory,1,3,1762.676345,,15.299,0.1134,0.098,583.6,0.832,0.7821,5075,-0.40636,16.9922,20.4956562,76.7101475
BD-06 1339 c,BD-06 1339,Radial Velocity,2013,La Silla Observatory,1,2,53,8.38,125.94,0.435,0.31,,0.7,0.686355,4324,-1.022,20.2695,88.2511811,-5.9963378
HIP 65891 b,HIP 65891,Radial Velocity,2015,Multiple Observatories,1,1,1871.37366,12.8,1079.55726,2.794,0.128,,2.49,8.93,5000,1.65,150.292,202.6050857,-58.6643937
K2-227 b,K2-227,Transit,2018,K2,1,1,3.41,1.66551298,13.621832,,,,0.950811,0.890666,5673,-0.16664,187.234,190.9484237,-8.4784159
K2-80 d,K2-80,Transit,2018,K2,1,3,7.04,2.55211506,28.867253,,,,0.913111,0.841458,5377,-0.43238,200.802,59.037486,13.5590288
K2-260 b,K2-260,Transit,2018,K2,1,1,546.66486,18.41635529,2.62669762,0.04392,0.053,2090,1.637,1.755,6860,0.78817,663.834,76.8673317,16.8676948
K2-261 b,K2-261,Transit,2018,K2,1,1,68.96876432,9.26982704,11.6334681,0.1086,0.274,1036,1.107,1.663,5490,0.35392,213.283,163.0323119,0.493167
TOI-1883 b,TOI-1883,Transit,2024,Transiting Exoplanet Survey Satellite (TESS),1,1,27.2,5.65,4.50638,0.0468,,524.92,0.492,0.494,3477,-1.49377,115.369,134.0892456,-12.9306438
GJ 3323 b,GJ 3323,Radial Velocity,2017,La Silla Observatory,1,2,2.02,1.23,5.3636,0.03282,0.23,,0.164,0.119,3159,-2.56864,5.37484,75.4868824,-6.9485133
GJ 3138 d,GJ 3138,Radial Velocity,2017,La Silla Observatory,1,3,10.5,3.23,257.8,0.698,0.32,,0.681,0.5,3717,-1.34679,28.4712,32.2977385,-16.3392495
GJ 3323 c,GJ 3323,Radial Velocity,2017,La Silla Observatory,1,2,2.31,1.32,40.54,0.1264,0.17,,0.164,0.119,3159,-2.56864,5.37484,75.4868824,-6.9485133
HD 191939 e,HD 191939,Radial Velocity,2022,W. M. Keck Observatory,1,6,112.2,13,101.12,0.407,0.031,390,0.81,0.94,5348,-0.18709,53.6089,302.0256247,66.8503014
TOI-469.01,TOI-469,Transit,2021,Transiting Exoplanet Survey Satellite (TESS),1,3,9.1,3.41,13.6308205,0.111,0,716,0.901,0.98,5289,-0.14921,68.192,93.0578446,-14.6493167
TOI-1230.01,TOI-1230,Transit,2021,Transiting Exoplanet Survey Satellite (TESS),1,1,10.6,3.23968384,25.05713123,,,688.61,1.14,1.15281,5696,0.21468,143.138,118.1295936,-83.8250629
Kepler-289 c,Kepler-289,Transit,2014,Kepler,1,4,157.18,11.23,125.8723,0.50155,0,394,1.08,1,5990,0.061,704.438,297.4653351,42.8828517
K2-170 c,K2-170,Transit,2018,K2,1,2,3.9,1.8017647,12.400047,,,,0.963657,0.981614,5748,0.0717,392.872,335.4506923,-14.5933554
K2-164 b,K2-164,Transit,2018,K2,1,1,10.6,3.24925008,17.355066,,,,1.180894,2.196069,5791,0.59002,375.67,171.933659,-0.0628488
GJ 273 b,GJ 273,Radial Velocity,2017,La Silla Observatory,1,2,2.89,1.51,18.6498,0.091101,0.1,,0.29,0.293,3382,-2.05552,5.921535,111.852091,5.225807
TOI-3568 b,TOI-3568,Transit,2024,Transiting Exoplanet Survey Satellite (TESS),1,1,26.4,5.3,4.417965,0.0485,0.035,899,0.78,0.719,4969,0.33,197.906,322.6023682,34.7395805
HD 238914 b,HD 238914,Radial Velocity,2018,Multiple Observatories,1,1,1906.98,12.8,4100,5.7,0.56,,1.47,12.73,4769,1.85,519.452,279.5842102,59.2538819
K2-170 b,K2-170,Transit,2018,K2,1,2,2.6,1.41817537,7.576544,,,,0.963657,0.981614,5748,0.0717,392.872,335.4506923,-14.5933554
K2-171 b,K2-171,Transit,2018,K2,1,1,7.69,2.68657205,5.628466,,,,0.891587,1.717458,5250,0.51583,606.128,332.3407712,-13.4288624
TOI-1772.01,TOI-1772,Transit,2024,Transiting Exoplanet Survey Satellite (TESS),1,1,8.78,2.905,8.054246874,0.078375,,877.67,0.99,0.995,5583,-0.06194,97.7562,156.837704,34.3909497
K2-77 b,K2-77,Transit,2016,K2,1,1,603.877,2.4996027,8.2000844,0.0753,0.29,806,0.847,0.792,5160,-0.39686,141.731,55.228521,12.572448
K2-180 b,K2-180,Transit,2018,K2,1,1,11.41003981,2.46597575,8.865663,0.0756,0.075,797.5,0.735,0.719,5365,-0.41341,203.896,126.4643579,10.246577
GJ 3293 e,GJ 3293,Radial Velocity,2017,La Silla Observatory,1,4,3.28,1.63,13.2543,0.08208,0.21,,0.42,0.404,3466,-1.65758,20.1903,67.1484425,-25.1713396
TOI-1777.01,TOI-1777,Transit,2024,Transiting Exoplanet Survey Satellite (TESS),1,1,5.67,2.246,14.65011197,0.119466,,580,1.06,0.98,5859,0.01189,79.7665,151.807032,46.1148814
GJ 3293 d,GJ 3293,Radial Velocity,2017,La Silla Observatory,1,4,7.6,2.67,48.1345,0.19394,0.12,,0.42,0.404,3466,-1.65758,20.1903,67.1484425,-25.1713396
TYC 3318-01333-1 b,TYC 3318-01333-1,Radial Velocity,2018,Multiple Observatories,1,1,1086.9786,13.1,562,1.414,0.098,,1.19,5.9,4776,1.21,490.61,45.5825716,49.7441421
K2-172 b,K2-172,Transit,2018,K2,1,2,3.42,1.66608079,14.316941,,,,0.934356,0.868889,5569,-0.20215,249.742,335.3081368,-12.5569819
K2-172 c,K2-172,Transit,2018,K2,1,2,10.4,3.20569097,29.62682,,,,0.934356,0.868889,5569,-0.20215,249.742,335.3081368,-12.5569819
HD 101581 c,HIP 56998,Transit,2025,Transiting Exoplanet Survey Satellite (TESS),1,2,0.937,0.99,6.20401,0.0573,,747,0.653,0.63,4675,-0.78186,12.7781,175.2563039,-44.4041485
K2-182 b,K2-182,Transit,2018,K2,1,1,20.97667486,2.71257333,4.7369696,0.05174,0.071,965.8,0.823,0.789,5128,-0.41117,154.83,130.180046,10.9829509
K2-97 b,K2-97,Transit,2016,K2,1,1,174.4877954,13.45077684,8.407115,0.0854,0.207,1566,1.17,4.14,4673,0.86688,878.43,127.762837,10.8475571
K2-148 d,K2-148,Transit,2018,K2,2,3,3.33,1.64,9.7579,0.0774,,,0.65,0.632,4079,-0.99568,124.458,14.5176494,-0.193258
K2-148 b,K2-148,Transit,2018,K2,2,3,2.33,1.33,4.38395,0.0454,,,0.65,0.632,4079,-0.99568,124.458,14.5176494,-0.193258
K2-191 b,K2-191,Transit,2018,K2,1,1,3.12,1.57889322,2.858646,,,,0.900994,0.839696,5176,-0.34502,287.188,201.6391407,-12.8066737
HD 102117 b,HD 102117,Radial Velocity,2005,La Silla Observatory,1,1,54.0311,8.47,20.8133,0.15,0.12,,1.06,1.23,5655,0.15737,39.5792,176.2097267,-58.7040134
TOI-1799 b,TOI-1799,Transit,2024,Transiting Exoplanet Survey Satellite (TESS),1,1,4,1.642,7.094570865,0.072502,0,922.72,1.01,0.957,5690,-0.06198,62.1274,167.2329152,34.3030149
Kepler-150 f,Kepler-150,Transit,2017,Kepler,1,5,12.9,3.64,637.2093,1.24,,,0.97,0.905339,5528,-0.16141,891.092,288.2341025,40.520897
K2-98 b,K2-98,Transit,2016,K2,1,1,34.00763955,5.06645928,10.1367349,0.0986,0.119,1185,1.246,1.518,6260,0.50379,518.625,126.4882114,11.5110933
K2-114 b,K2-114,Transit,2017,K2,1,1,638.8350981,10.59248676,11.390931,0.0944,0.079,701.4,0.863,0.832,4899,-0.4437,475.758,127.882912,11.922255
HD 40307 g,HD 40307,Radial Velocity,2013,La Silla Observatory,1,5,7.1,2.56,197.8,0.6,0.29,255,0.77,0.716684,4956,-0.639,12.9363,88.5172191,-60.0237289
HIP 57274 b,HIP 57274,Radial Velocity,2011,W. M. Keck Observatory,1,3,3359.446262,,8.1352,0.07,0.19,,0.29,0.78,4510,0.19,25.8618,176.1705487,30.9576484
K2-179 b,K2-179,Transit,2018,K2,1,1,6.86,2.51267885,5.172191,,,,0.824345,0.768067,5015,-0.52287,190.81,58.7967878,23.7567524
HD 102195 b,HD 102195,Radial Velocity,2006,Kitt Peak National Observatory,1,1,130.3103,14.2,4.11377,0.05,0,,0.76,0.82,5301,-0.33442,29.3386,176.4254063,2.8209912
HD 102329 b,HD 102329,Radial Velocity,2011,W. M. Keck Observatory,1,2,2593.4928,12.6,778.09998,1.81,0.21,,3.21,9.82,4745,1.29226,217.107,176.6941567,3.4742143
TOI-4638.01,TOI-4638,Transit,2024,Transiting Exoplanet Survey Satellite (TESS),1,1,8.92,2.933,10.28391879,0.093013,,779.83,1.02,0.895,5700,-0.11858,168.248,12.8206627,12.7879858
TOI-6038 A b,TOI-6038 A,Transit,2025,Transiting Exoplanet Survey Satellite (TESS),2,1,78.5,6.41,5.8267311,0.069,,1439,1.291,1.648,6110,0.53275,179.147,51.6572691,40.8172704
K2-277 b,K2-277,Transit,2018,K2,1,1,7.4,2.18575124,6.326768,0.0664,0.52,1049,0.974,0.973,5680,-0.05061,113.123,202.0161895,-15.9379749
IRAS 04125+2902 b,IRAS 04125+2902,Transit,2024,Transiting Exoplanet Survey Satellite (TESS),2,1,80.8,10.73820351,8.834978,0.077,,854,0.7,1.45,4080,-0.33161,159.244,63.9283394,29.166542
TOI-1467 b,TOI-1467,Transit,2024,Transiting Exoplanet Survey Satellite (TESS),1,1,9,1.92,5.97114713,0.050748,0,506.07,0.489,0.491,3834,-1.42022,37.4418,19.1146441,49.2331382
TOI-2458 b,TOI-2458,Transit,2024,Transiting Exoplanet Survey Satellite (TESS),1,2,13.31,2.83,3.73659,0.0482,0.087,1509.4,1.05,1.31,6005,0.34128,112.958,79.621529,1.253439
K2-246 b,K2-246,Transit,2018,K2,1,1,12,3.49,5.76918,0.0602,,977,0.87,0.94,5610,-0.15088,703.616,181.6296115,-1.1606
HD 240237 b,HD 240237,Radial Velocity,2011,McDonald Observatory,1,1,5050.3187,12.2,745.70001,1.92,0.4,,8.76,71.23,3926,2.49,933.377,348.9259334,58.0432233
HD 2638 b,HD 2638,Radial Velocity,2005,La Silla Observatory,3,1,133.4886,14.3,3.4442,0.04,0,,0.77,0.94,5186,-0.33,54.9621,7.4990038,-5.76496
TOI-4994 b,TOI-4994,Transit,2024,Transiting Exoplanet Survey Satellite (TESS),1,1,88.99195396,8.54124329,21.491984,0.1515,0.319,717.6,1.005,1.055,5640,0.0086,329.304,283.1325335,-78.4344302
K2-247 b,K2-247,Transit,2018,K2,1,2,5.14,2.12,2.25021,0.0304,,979,0.74,0.69,4667,-0.88154,258.113,188.8935189,-10.0692793
HD 290327 b,HD 290327,Radial Velocity,2009,La Silla Observatory,1,1,772.3269,13.3,2443,3.43,0.08,,0.84,0.95,5505,-0.14,56.433,80.8399887,-2.2780391
HD 31253 b,HD 31253,Radial Velocity,2010,W. M. Keck Observatory,1,1,197.0546,14.1,466,1.26,0.3,,1.7,1.75,6130,0.51667,58.1438,73.6822877,12.3520103
TOI-406.01,TOI-406,Transit,2024,Transiting Exoplanet Survey Satellite (TESS),1,2,6.57,2.08,13.175682,0.0809,0.056,368,0.408,0.41,3392,-1.71444,31.0597,49.2626428,-42.2441492
HD 77338 b,HD 77338,Radial Velocity,2012,La Silla Observatory,1,1,15.9,4.12,5.7361,0.06,0.09,,1.37,0.97,5341,-0.2596,45.935,135.3022475,-25.5282343
TOI-1174 b,TOI-1174,Transit,2024,Transiting Exoplanet Survey Satellite (TESS),1,1,32,2.562,8.953487683,0.07994,0,713.83,0.85,0.76,5030,-0.4034,94.6375,209.2171751,68.6182106
TOI-1691 b,TOI-1691,Transit,2024,Transiting Exoplanet Survey Satellite (TESS),1,1,14.6,3.66,16.73688894,0.129365,0,703.49,1.03,1,5759,-0.03058,111.445,272.4041179,86.860343
K2-249 b,K2-249,Transit,2018,K2,1,1,8.2,2.79,12.409,0.1151,,1061,1.32,1.57,6504,0.33627,521.716,183.3667344,-8.9952309
K2-248 b,K2-248,Transit,2018,K2,1,1,7.13,2.57,7.17256,0.0699,,886,0.88,0.92,5528,-0.18938,406.254,182.8173343,-9.4141696
K2-251 b,K2-251,Transit,2018,K2,1,1,6.12,2.35,9.30075,0.0694,,437,0.52,0.49,3717,-1.34211,147.03,190.6892403,-8.5359826
TOI-1716.01,TOI-1716,Transit,2024,Transiting Exoplanet Survey Satellite (TESS),1,1,10,3.143,8.082376554,0.080496,,959,1.07,1.24,5879,0.21525,104.158,105.0833291,56.8241941
TOI-5688 A b,TOI-5688 A,Transit,2024,Transiting Exoplanet Survey Satellite (TESS),2,1,124,10.3,2.94815527,0.03379,0.128,742,0.6,0.57,3713,-1.22841,226.318,266.9231001,47.7050486
HD 73344 d,HD 73344,Radial Velocity,2025,Multiple Observatories,1,3,810.4624379,13.2,5823,6.7,0.18,,1.19,1.22,6148,0.26184,35.26,129.6894456,23.6852651
K2-252 b,K2-252,Transit,2018,K2,1,1,3.68,1.74,13.81513,0.1041,,639,0.79,0.82,5152,-0.40842,228.839,182.3663818,-8.3096141
TOI-1744.01,TOI-1744,Transit,2024,Transiting Exoplanet Survey Satellite (TESS),1,1,7.65,2.68,22.34170293,0.164086,,598,1.18,1.14,6179,0.23178,114.39,294.2910707,60.881302
TOI-1739 b,TOI-1739,Transit,2024,Transiting Exoplanet Survey Satellite (TESS),1,1,4.45,1.946,8.303341406,0.073872,,755.55,0.78,0.781,4814,-0.52433,70.9819,240.172481,83.2586589
K2-254 c,K2-254,Transit,2018,K2,1,2,5.43,2.19,12.11839,0.0923,,551,0.71,0.67,4629,-0.82244,227.775,185.5507926,-4.7172908
HD 5891 b,HD 5891,Radial Velocity,2011,W. M. Keck Observatory,1,1,2425.0429,12.6,177.11,0.64,0.07,,1.93,10.64,4673,1.5955,283.502,15.1383168,20.2923139
HD 6434 b,HD 6434,Radial Velocity,2003,La Silla Observatory,1,1,155.7367,14.2,21.998,0.14,0.17,,1.1,1.12,5769,0.05,42.358,16.1663441,-39.4904909
K2-239 c,K2-239,Transit,2018,K2,1,3,0.972,1,7.775,0.0576,,427,0.4,0.36,3420,-1.79588,31.0849,160.5941265,4.4413751
K2-257 b,K2-257,Transit,2018,K2,1,1,0.498,0.83,1.60588,0.0216,,789,0.52,0.5,3725,-1.38099,64.0065,188.278284,-1.9532879
K2-258 b,K2-258,Transit,2018,K2,1,1,9.27,3,19.0921,0.149,,831,1.21,1.31,6351,0.27219,661.873,187.6314027,-1.1609171
IC 4651 9122 b,IC 4651 9122,Radial Velocity,2018,La Silla Observatory,1,1,2002.329,12.7,734,2.038,0.18,,2.1,10.267424,4740.1,1.6359,859.324,261.2086139,-49.9489317
K2-167 b,K2-167,Transit,2018,K2,1,1,6.5,2.36509493,9.978541,0.0932,0.48,1220,1.084,1.499,6310,0.50651,80.8994,336.5761233,-18.011665
K2-240 c,K2-240,Transit,2018,K2,1,2,3.89,1.8,20.523,0.1159,,389,0.58,0.54,3810,-1.27572,72.9105,227.849371,-17.8754464
K2-240 b,K2-240,Transit,2018,K2,1,2,4.66,2,6.034,0.0513,,586,0.58,0.54,3810,-1.27572,72.9105,227.849371,-17.8754464
OGLE-2017-BLG-0482L b,OGLE-2017-BLG-0482L,Microlensing,2018,OGLE,1,1,9,2.95,,1.8,,,0.2,,,,5800,269.048889,-30.5283604
WASP-194 b,WASP-194,Transit,2025,SuperWASP,1,1,373.1305498,15.47960235,3.183387,0.047,0,1693,1.29,1.409,6405,0.48157,476.831,295.3877064,56.2178049
Kepler-289 e,Kepler-289,Transit,2025,Kepler,1,4,17.4,2.94,330.0716,0.9342,0,286,1.061,0.985,5990,0.061,704.438,297.4653351,42.8828517
HD 75289 b,HD 75289,Radial Velocity,1999,La Silla Observatory,2,1,155.7367,14.2,3.50927,0.05,0.03,1260,1.29,1.23,6117,0.31247,29.1158,131.9181715,-41.7377748
HD 76700 b,HD 76700,Radial Velocity,2002,Anglo-Australian Telescope,1,1,66.7443,9.6,3.97097,0.05,0.09,,0.99,1.37,5644,0.25719,60.8831,133.4782248,-66.8004747
WASP-188 b,WASP-188,Transit,2025,SuperWASP,1,1,458.6263913,14.81827249,5.748916,0.072,0,1666,1.5,1.83,6850,0.74277,675.281,278.7819771,36.6156327
WASP-116 b,WASP-116,Transit,2025,SuperWASP,1,1,203.4101805,13.67495645,6.6132,0.065,0,1414,1.25,1.426,6250,0.49624,559.243,35.2157609,-1.8260419
TOI-6478 b,TOI-6478,Transit,2025,Transiting Exoplanet Survey Satellite (TESS),2,1,19.2,4.6,34.005019,0.1136,,204.4,0.23,0.234,3230,-2.24244,38.6057,149.9918059,-16.1597935
TOI-2285 b,TOI-2285,Transit,2021,Transiting Exoplanet Survey Satellite (TESS),1,1,19.5,1.77,13.635109,0.1363,0.3,358,0.454,0.464,3491,-1.54212,42.409,332.5632644,58.7060934
HD 222155 b,HD 222155,Radial Velocity,2011,Haute-Provence Observatory,1,1,581.6259848,13.4,3999,5.14,0.16,,1.21,1.85,5701,0.50892,50.6078,354.5025617,48.9960191
OGLE-2014-BLG-1722L c,OGLE-2014-BLG-1722L,Microlensing,2018,OGLE,1,2,83.7,11,,1.7,,,0.4,,,,6400,268.75238,-31.4690552
TOI-771 b,TOI-771,Transit,2024,Transiting Exoplanet Survey Satellite (TESS),1,2,2.47,1.36,2.3260155,0.0208,0.055,543,0.22,0.232,3370,-2.20343,25.2788,164.1138903,-72.9851736
TOI-5110 b,TOI-5110,Transit,2024,Transiting Exoplanet Survey Satellite (TESS),1,1,921.7023803,11.98240037,30.158577,0.2157,0.745,976,1.469,2.333,6160,0.84696,392.259,94.4042694,31.6103309
TOI-1453 c,TOI-1453,Transit,2025,Transiting Exoplanet Survey Satellite (TESS),2,2,2.95,2.224,6.5886982,,0,819.8,0.715,0.72,4975,-0.57539,78.7415,258.2232705,57.1977779
K2-244 b,K2-244,Transit,2018,K2,1,1,3.71,1.75,21.06884,0.1418,,638,0.86,0.92,5677,-0.118,212.902,183.4686492,-3.8318097
HD 35843 c,HD 35843,Transit,2025,Transiting Exoplanet Survey Satellite (TESS),1,2,11.32,2.54,46.9622,0.25,0.153,479,0.94,0.897,5666,-0.12494,69.6026,81.3488924,-44.4312849
K2-158 b,K2-158,Transit,2018,K2,1,2,7.46,2.64,10.06049,0.0887,,794,0.92,0.95,5503,-0.16298,197.299,179.9397081,-5.7216879
TOI-7041 b,TOI-7041,Transit,2025,Transiting Exoplanet Survey Satellite (TESS),1,1,114.4182265,11.43316031,9.691,,0.04,882.37,1.07,4.1,4700,0.88081,439.52,357.8021716,-50.8698618
HD 89307 b,HD 89307,Radial Velocity,2009,Lick Observatory,1,1,642.0133821,13.4,2166,3.27,0.2,,1.27,1.1,5955,0.13131,32.0104,154.5874958,12.6209392
HD 96127 b,HD 96127,Radial Velocity,2011,McDonald Observatory,1,1,6661.7168,12.1,647.29999,1.42,0.3,,10.94,51.1,3943,2.86,587.659,166.441502,44.30155
K2-159 b,K2-159,Transit,2018,K2,1,1,5.73,2.26,12.42205,0.1013,,684,0.9,0.83,5425,-0.29599,170.998,180.5408896,-3.5809053
HD 1690 b,HD 1690,Radial Velocity,2010,La Silla Observatory,1,1,2793.7257,12.5,533,1.36,0.64,,1.86,21.66,4374,1.51983,752.615,5.3055886,-8.2811442
TOI-1803 c,TOI-1803,Transit,2025,Transiting Exoplanet Survey Satellite (TESS),1,2,8,4.29,12.885779,0.097,0,588,0.756,0.715,4687,-0.65365,119.24,178.0461054,35.1718001
TOI-1803 b,TOI-1803,Transit,2025,Transiting Exoplanet Survey Satellite (TESS),1,2,10.32,2.99,6.293287,0.06,0,747,0.756,0.715,4687,-0.65365,119.24,178.0461054,35.1718001
TOI-561 c,TOI-561,Transit,2020,Transiting Exoplanet Survey Satellite (TESS),1,4,5.93,2.865,10.778838,0.0889,0.023,802,0.806,0.843,5342,-0.28233,85.799,148.1851516,6.216103
K2-166 b,K2-166,Transit,2018,K2,1,2,5.43,2.19,8.52695,0.0858,,1140,1.16,1.61,5960,0.45848,476.882,185.1880932,2.2823788
HD 171028 b,HD 171028,Radial Velocity,2007,La Silla Observatory,1,1,832.7146,13.2,550,1.32,0.59,,1.53,2.47,5671,0.73291,111.659,278.0643694,6.9456827
HD 17092 b,HD 17092,Radial Velocity,2007,McDonald Observatory,1,1,3219.6179,12.5,359.89999,1.31,0.17,,6.73,13.58,4326,1.75563,228.422,41.5924261,49.6530375
HAT-P-11 b,HAT-P-11,Transit,2008,HATNet,1,2,25,4.36,4.888,0.05258,0.251,838,0.811,0.683,4653,-0.56702,37.7647,297.7101763,48.0818635
HAT-P-11 c,HAT-P-11,Radial Velocity,2018,W. M. Keck Observatory,1,2,851.7801308,13.2,3361,4.1,0.652,,0.811,0.683,4653,-0.56702,37.7647,297.7101763,48.0818635
HR 858 c,HR 858,Transit,2019,Transiting Exoplanet Survey Satellite (TESS),2,3,3.8,1.979,5.973865,0.0687,0,1309,1.204,1.258,6354,0.36361,31.964,42.9849779,-30.8140609
TOI-1266 b,TOI-1266,Transit,2020,Transiting Exoplanet Survey Satellite (TESS),1,3,4.46,2.52,10.8945,0.073,0.039,415,0.437,0.4232,3563,-1.58021,36.0118,197.9965833,65.8336973
K2-224 c,K2-224,Transit,2018,K2,1,2,6.39,2.41,10.09489,0.0886,,764,0.91,0.84,5620,-0.24102,275.255,189.7041426,-10.0605942
TOI-2328 b,TOI-2328,Transit,2025,Transiting Exoplanet Survey Satellite (TESS),1,1,50.85254512,9.97599282,17.10197,0.127,0.057,842,0.95,0.9,5525,-0.17005,231.782,31.6907424,-81.247376
TOI-2015 b,TOI-2015,Transit,2023,Transiting Exoplanet Survey Satellite (TESS),1,2,9.2,3.309,3.348237,0.029322,0.0789,530.9,0.3041,0.3273,3297,-1.49214,47.3444,232.1326528,27.361073
WASP-102 b,WASP-102,Transit,2025,SuperWASP,1,1,197.6892692,14.90794433,2.709813,0.041,0,1671,1.08,1.375,5990,0.35701,535.689,336.4643016,15.8566392
TOI-5573 b,TOI-5573,Transit,2025,Transiting Exoplanet Survey Satellite (TESS),1,1,112,9.75,8.79758977,0.0712,0.072,528,0.619,0.594,3790,-1.15927,186.562,136.4259999,55.3071309
HD 191939 g,HD 191939,Radial Velocity,2022,Multiple Observatories,1,6,13.5,3.74,284,0.812,0.03,278,0.81,0.94,5348,-0.18709,53.6089,302.0256247,66.8503014
HD 285507 b,HD 285507,Radial Velocity,2013,Fred Lawrence Whipple Observatory,1,1,311.4734,13.8,6.0881,0.06,0.09,,0.82,0.69,4503,-0.71932,45.0293,61.755663,15.3349441
K2-230 b,K2-230,Transit,2018,K2,1,1,4.5,1.96,2.86041,0.0409,,1529,1.11,1.39,5945,0.31741,540.773,191.363117,-6.576051
K2-229 c,K2-229,Transit,2018,K2,1,2,7,2.03,8.32727,0.0769,0,750,0.87,0.79,5315,-0.38869,102.564,186.8729195,-6.7218474
K2-259 b,K2-259,Transit,2018,K2,1,1,5.99,2.32,15.48043,0.1271,,795,1.14,1.13,6059,0.16711,416.457,186.8026947,1.5668631
HD 192263 b,HD 192263,Radial Velocity,1999,La Silla Observatory,1,1,177.9848,14.2,24.3556,0.15,0.05,486,0.66,0.74,4976,-0.47,19.6359,303.4990864,-0.8657574
TOI-677 b,TOI-677,Transit,2020,Transiting Exoplanet Survey Satellite (TESS),1,1,392.2002542,13.11450742,11.2365985,0.1041,0.46,1252,1.181,1.28,6295,0.31172,141.812,144.1193594,-50.4630933
HD 95127 b,HD 95127,Radial Velocity,2015,McDonald Observatory,1,1,3378.5329,12.4,482,1.28,0.11,,3.7,41.01,4218,2.28,676.579,164.8961152,43.8144094
HD 216536 b,HD 216536,Radial Velocity,2015,McDonald Observatory,1,1,333.7215,13.8,148.60001,0.61,0.38,,0.81,9.83,4639,1.8,376.233,343.2665641,44.4777303
HD 210277 b,HD 210277,Radial Velocity,1998,W. M. Keck Observatory,1,1,410.0007,13.6,442.19,1.13,0.48,,1.01,1.07,5538,-0.032,21.2985,332.3748117,-7.5505962
ups And b,ups And,Radial Velocity,1996,Lick Observatory,2,3,218.531,14,4.617033,0.05922166,0.0215,,1.3,1.56,6156.77,0.52541,13.4054,24.1983534,41.4038147
HR 810 b,HR 810,Radial Velocity,1999,La Silla Observatory,1,1,1970.536123,12.7,302.79999,0.92,0.14,,1.34,1.13,6167,0.25309,17.3181,40.6417178,-50.7993484
K2-241 b,K2-241,Transit,2018,K2,1,1,7.04,2.55,26.8199,0.1567,,507,0.71,0.75,5262,-0.44608,149.464,181.2386829,-6.8052985
HD 141937 b,HD 141937,Radial Velocity,2002,La Silla Observatory,1,1,8714.85492,11.9,653.21997,1.5,0.41,,1.09,1.03,5870,0.022,33.3622,238.0735585,-18.4359716
HD 212301 b,HD 212301,Radial Velocity,2005,La Silla Observatory,2,1,162.0933,14.2,2.24571,0.03,0,,1.55,1.16,6239,0.24304,54.2304,336.8803957,-77.7183219
CoRoT-5 b,CoRoT-5,Transit,2009,CoRoT,1,1,148.42,15.558,4.0378962,0.04947,0.09,1438,1,1.186,6100,0.18,882.472,101.2772396,0.8152163
K2-242 b,K2-242,Transit,2018,K2,1,1,6.99,2.54,6.51389,0.0494,,416,0.38,0.37,3459,-1.808,109.237,179.8358421,-6.5178542
HD 218566 b,HD 218566,Radial Velocity,2010,W. M. Keck Observatory,1,1,63.566,9.32,225.7,0.69,0.3,,0.76,0.85,4730,-0.45223,28.8274,347.297417,-2.2611645
MOA-2016-BLG-319L b,MOA-2016-BLG-319L,Microlensing,2018,MOA,1,1,200,14.1,,0.95,,,0.15,,,,6800,268.742218,-29.7504635
HD 99706 c,HD 99706,Radial Velocity,2018,W. M. Keck Observatory,1,2,1808.4527,12.8,1278,,0.411,,1.72,5.4,4891,1.18752,146.6,172.1261621,43.9662025
GJ 3090 c,GJ 3090,Radial Velocity,2026,Multiple Facilities,1,2,10,3.14,15.9407,0.0997,0,407.2,0.519,0.516,3707,-1.34199,22.4751,20.4384281,-46.7147234
KMT-2025-BLG-0121L b,KMT-2025-BLG-0121L,Microlensing,2026,KMTNet,1,1,2469.526722,12.6,,3.05,,,0.61,,,,6200,267.158375,-23.9988
TOI-5027 b,TOI-5027,Transit,2025,Transiting Exoplanet Survey Satellite (TESS),1,1,642.0133821,10.76062147,10.24368,0.093,0.385,1056,1.02,0.92,5909,-0.03058,204.429,243.8850212,-69.2170972
HD 134060 b,HD 134060,Radial Velocity,2019,La Silla Observatory,1,2,10.1,3.16,3.2696,0.0444,0.45,,1.095,1.164285,5966,0.15836,24.0125,227.6847587,-61.4223747
K2-269 b,K2-269,Transit,2018,K2,1,1,3.09,1.57,4.144965,0.0531,,1429,1.16,1.45,6209,0.46786,360.76,130.1551381,13.0146799
TOI-1836 b,TOI-1836,Transit,2024,Transiting Exoplanet Survey Satellite (TESS),1,2,38.45723725,8.00321222,20.380799,0.1597,0,966,1.307,1.577,6380,0.5682,191.649,245.9079242,54.6900774
K2-270 c,K2-270,Transit,2018,K2,1,2,9.01,2.95,4.400028,0.0497,,848,0.85,0.77,4877,-0.51819,280.518,131.2665588,13.5497322
HD 116029 c,HD 116029,Radial Velocity,2018,W. M. Keck Observatory,2,2,403.6441,13.7,907,,0.038,,1.33,4.6,4951,1.05308,123.245,200.1646905,24.6484725
KOI-3680 b,KOI-3680,Transit,2018,Kepler,1,1,613.4119,11.09691,141.241671,0.534,0.496,347,1.01,0.96,5830,0.06783,921.986,293.2815266,45.3096572
TOI-2537 b,TOI-2537,Transit,2024,Transiting Exoplanet Survey Satellite (TESS),1,2,415.401728,11.25381662,94.1022,0.3715,0.364,338,0.771,0.771,4870,-0.52143,184.986,54.3882661,10.0577464
TOI-2295 b,TOI-2295,Transit,2024,Transiting Exoplanet Survey Satellite (TESS),1,2,278.0998561,16.47720163,30.033302,0.1992,0.334,747,1.168,1.459,5730,0.31387,126.279,281.5761962,50.4924657
HD 20003 c,HD 20003,Radial Velocity,2019,La Silla Observatory,1,2,14.44,3.89,33.9239,0.1964,0.1,,0.875,0.921637,5494,-0.14267,41.8316,46.9090081,-72.3219221
HD 20781 b,HD 20781,Radial Velocity,2019,La Silla Observatory,2,5,1.93,1.21,5.3135,0.0529,0.1,,0.7,0.833609,5256,-0.3098,35.9715,50.0139757,-28.7841175
TOI-3135 b,TOI-3135,Transit,2025,Transiting Exoplanet Survey Satellite (TESS),1,1,327.3632592,13.65253849,3.7065585,0.04756,0.24,1292,1.044,0.985,5890,0.02119,221.673,207.8592276,-69.7725635
TOI-4794 b,TOI-4794,Transit,2025,Transiting Exoplanet Survey Satellite (TESS),1,1,308.2935548,14.35870428,3.5658116,0.0492,0.1,1673,1.25,1.451,6390,0.49969,543.008,110.4835517,-12.5654781
GJ 3779 b,GJ 3779,Radial Velocity,2018,Calar Alto Observatory,1,1,8,2.75,3.0232,0.026,0.07,,0.27,0.281,3324,-2.06198,13.743,200.7335358,24.4639425
TOI-1117 c,TOI-1117,Radial Velocity,2025,La Silla Observatory,1,3,8.78,2.91,4.579,0.0534,0,1210,0.97,1.05,5635,-0.4437,167.598,273.6020606,-66.4199742
TOI-1117 d,TOI-1117,Radial Velocity,2025,La Silla Observatory,1,3,10.71,3.27,8.665,0.0817,0,978,0.97,1.05,5635,-0.4437,167.598,273.6020606,-66.4199742
HD 21693 b,HD 21693,Radial Velocity,2019,La Silla Observatory,1,2,8.23,2.8,22.6786,0.1455,0.12,,0.8,0.914378,5430,-0.20761,33.255,51.8040469,-58.3232726
HD 21693 c,HD 21693,Radial Velocity,2019,La Silla Observatory,1,2,17.37,4.34,53.7357,0.2586,0.07,,0.8,0.914378,5430,-0.20761,33.255,51.8040469,-58.3232726
K2-123 b,K2-123,Transit,2017,K2,1,1,8.05,2.76,30.951524,0.1649,0.06,338,0.62,0.59,4035,-1.14267,161.555,134.4441404,21.4532748
70 Vir b,70 Vir,Radial Velocity,1996,Lick Observatory,1,1,2380.45,12.6,116.688,0.481,0.3988,,1.09,1.89,5495,0.4513,17.9011,202.1064898,13.7763085
K2-24 b,K2-24,Transit,2016,K2,1,2,19,5.4,20.88977,0.154,0.06,686,1.07,1.16,5625,0.15836,170.562,242.5734559,-24.9906029
K2-276 b,K2-276,Transit,2018,K2,1,1,13.7,3.77,18.718269,0.1291,,583,0.82,0.85,5139,-0.40538,488.152,125.9528309,22.6339399
HD 108863 b,HD 108863,Radial Velocity,2011,W. M. Keck Observatory,1,1,767.24162,13.3,437.7,1.32,0.032,,1.59,5.74,4878,1.22531,164.742,187.5826081,21.9480993
K2-286 b,K2-286,Transit,2018,K2,1,1,5.06,2.1,27.359,0.1768,,347,0.64,0.62,3926,-1.04576,76.1486,233.3698192,-16.7737113
HD 51608 b,HD 51608,Radial Velocity,2019,La Silla Observatory,1,2,12.77,3.62,14.0726,0.1059,0.09,,0.8,0.916136,5358,-0.24413,35.0553,103.7137102,-55.2600189
HD 51608 c,HD 51608,Radial Velocity,2019,La Silla Observatory,1,2,14.31,3.87,95.9446,0.3809,0.14,,0.8,0.916136,5358,-0.24413,35.0553,103.7137102,-55.2600189
K2-278 b,K2-278,Transit,2018,K2,1,1,9.17,2.98,3.334966,0.0488,,1711,1.4,1.61,6747,0.39867,786.439,203.3018653,-14.5041057
HD 159868 b,HD 159868,Radial Velocity,2006,Anglo-Australian Telescope,1,2,704.94694,13.3,1184.1,2.32,0.024,,1.19,2.13,5534,0.55574,55.8503,264.7466665,-43.1462347
HD 1502 b,HD 1502,Radial Velocity,2011,W. M. Keck Observatory,1,1,874.0325,13.2,428.5,1.262,0.031,,1.46,4.67,4947,1.06446,190.953,4.8214389,14.054683
TOI-5322 b,TOI-5322,Transit,2025,Transiting Exoplanet Survey Satellite (TESS),1,1,184.0226477,16.6117094,5.4233207,0.0604,0.055,1350,0.998,1.462,5692,0.3075,476.899,6.5293373,14.3364283
TOI-5340 b,TOI-5340,Transit,2025,Transiting Exoplanet Survey Satellite (TESS),1,1,270.154146,15.07607904,4.9394392,0.0628,0.13,1566,1.35,1.842,5990,0.5955,532.629,59.3094816,22.3783373
TOI-4961 b,TOI-4961,Transit,2025,Transiting Exoplanet Survey Satellite (TESS),1,1,572.0911326,12.34108775,7.479182,0.0726,0.182,919,0.912,0.912,5380,-0.20135,213.073,192.5018624,-59.8919345
TOI-6695 b,TOI-6695,Transit,2025,Transiting Exoplanet Survey Satellite (TESS),1,2,66.74396547,9.52763359,80.389,0.402,0.04,599,1.338,1.517,6400,0.54033,282.536,129.5720221,-23.550217
HD 20781 e,HD 20781,Radial Velocity,2019,La Silla Observatory,2,5,14.03,3.83,85.5073,0.3374,0.06,,0.7,0.833609,5256,-0.3098,35.9715,50.0139757,-28.7841175
HD 45184 c,HD 45184,Radial Velocity,2019,La Silla Observatory,1,2,8.81,2.91,13.1354,0.11,0.07,,1.03,1.075139,5869,0.05308,21.9532,96.1820205,-28.7806402
PSR J2322-2650 b,PSR J2322-2650,Pulsar Timing,2017,Parkes Observatory,1,1,252.643067,13.9,0.322963997,0.0102,0.0017,,1.4,,,,230,350.6443481,-26.8495331
HD 163607 c,HD 163607,Radial Velocity,2010,W. M. Keck Observatory,1,2,699.54383,13.3,1272,2.39,0.08,,1.12,1.76,5522,0.42,67.7855,268.4181383,56.3924701
HD 175541 b,HD 175541,Radial Velocity,2007,W. M. Keck Observatory,1,1,190.06234,14.1,298.43,0.975,0.11,,1.39,4.19,5013,0.934,129.603,283.9203211,4.2649344
TOI-3486 b,TOI-3486,Transit,2025,Transiting Exoplanet Survey Satellite (TESS),1,1,99.16246298,10.5700688,2.21778105,0.03138,0.078,1190,0.837,0.788,4930,-0.4828,154.715,249.4432035,-59.3051077
TOI-5210 b,TOI-5210,Transit,2025,Transiting Exoplanet Survey Satellite (TESS),1,1,81.99972901,10.72699453,4.5661061,0.0557,0.066,1286,1.105,1.209,5723,0.15229,302.086,314.316923,21.9502055
TOI-1468 c,TOI-1468,Transit,2022,Transiting Exoplanet Survey Satellite (TESS),1,2,4.1,2.126,15.532477,0.08608,0.111,338.1,0.3527,0.3714,3376,-1.7921,24.7399,16.6538724,19.2249195
TOI-1468 b,TOI-1468,Transit,2022,Transiting Exoplanet Survey Satellite (TESS),1,2,3.04,1.401,1.8805201,0.02107,0.0099,683.5,0.3527,0.3714,3376,-1.7921,24.7399,16.6538724,19.2249195
K2-195 b,K2-195,Transit,2018,K2,1,2,9.96,3.13,15.852975,0.1208,,720,0.94,0.99,5713,-0.01196,315.014,199.8315191,-8.5095364
HD 185269 b,HD 185269,Radial Velocity,2006,Lick Observatory,3,1,321.0083,13.8,6.83776,0.077,0.229,,1.3,2,5923,0.69362,51.9917,294.2987668,28.499514
HD 181342 b,HD 181342,Radial Velocity,2009,W. M. Keck Observatory,1,1,807.2882,13.2,564.1,1.592,0.022,,1.69,4.71,4945,1.17,120.391,290.2674078,-23.6196996
HD 118203 b,HD 118203,Radial Velocity,2005,Haute-Provence Observatory,1,2,680.152791,12.778238,6.1349779,0.0713,0.3136,1361,1.27,2.04,5742,0.6458,92.2589,203.509956,53.7281876
TOI-5882 b,TOI-5882,Transit,2025,Transiting Exoplanet Survey Satellite (TESS),1,1,6995.403238,11.46678726,7.148972,0.0804,0.0339,1515,1.334,2.26,5920,0.75358,416.104,311.8886385,34.7374918
HD 20781 d,HD 20781,Radial Velocity,2019,La Silla Observatory,2,5,10.61,3.25,29.158,0.1647,0.11,,0.7,0.833609,5256,-0.3098,35.9715,50.0139757,-28.7841175
K2-279 b,K2-279,Transit,2018,K2,1,1,1.92,1.21,7.122605,0.067,,879,0.79,0.86,5558,-0.20451,182.983,204.7792935,-6.0417592
TOI-6894 b,TOI-6894,Transit,2025,Transiting Exoplanet Survey Satellite (TESS),1,1,53.39517238,9.5836785,3.37077196,0.02604,0.029,417.9,0.207,0.2276,3007,-2.42597,73.8131,173.4691418,12.4510906
TOI-2989 b,TOI-2989,Transit,2025,Transiting Exoplanet Survey Satellite (TESS),1,1,953.485221,12.55405838,3.122832,0.0384,0,1001,0.77,0.76,4672,-0.73755,195.795,171.2316754,-27.0623619
HD 200964 b,HD 200964,Radial Velocity,2010,Lick Observatory,1,2,508.21017,13.5,606.3,1.565,0.087,,1.39,4.92,4982,1.064,72.5922,316.6664183,3.8033357
TOI-3593 b,TOI-3593,Transit,2025,Transiting Exoplanet Survey Satellite (TESS),1,1,565.7345645,11.02963701,3.8212867,0.0481,0.105,1170,1.015,0.918,5550,-0.14146,226.63,331.506364,34.2116583
HD 202696 b,HD 202696,Radial Velocity,2019,W. M. Keck Observatory,1,2,634.38868,,517.8,1.566,0.011,,1.91,6.43,5040,1.36922,188.546,319.2250346,27.2582799
TOI-5300 b,TOI-5300,Transit,2025,Transiting Exoplanet Survey Satellite (TESS),1,1,190.6970442,9.86390302,2.262196,0.0295,0,1043,0.67,0.65,4610,-0.76195,162.51,356.481137,0.4587978
MASCARA-4 b,MASCARA-4,Transit,2020,Multiple Observatories,2,1,532.3625817,16.98160576,2.8240932,0.0474,0,2250,1.75,1.79,7800,1.08743,170.696,147.5800667,-66.1139253
KMT-2016-BLG-1107L b,KMT-2016-BLG-1107L,Microlensing,2019,KMTNet,1,1,1043,13.1,,0.342,,,0.087,,,,6651,266.41775,-26.0318
K2-264 b,K2-264,Transit,2018,K2,1,2,5.61,2.231,5.840002,0.05023,0.5,496,0.496,0.473,3660,-1.48149,185.605,131.3583524,19.698401
TOI-5386 A b,TOI-5386 A,Transit,2025,Transiting Exoplanet Survey Satellite (TESS),2,1,155.1002626,14.70618268,3.62156552,0.04856,0.072,1488,1.165,1.245,6094,0.28488,394.486,226.1069193,60.5362318
Kepler-10 d,Kepler-10,Radial Velocity,2023,Roque de los Muchachos Observatory,1,3,12,3.49,151.06,0.5379,0.19,387,0.91,1.065,5708,0.05467,185.506,285.679298,50.2414842
Kepler-730 b,Kepler-730,Transit,2016,Kepler,1,2,,12.3299,6.491682808,0.0694,0,1219,1.047,1.411,5620,0.23596,1935.04,285.5547895,45.578842
HD 202696 c,HD 202696,Radial Velocity,2019,W. M. Keck Observatory,1,2,592.43512,,946.6,2.342,0.028,,1.91,6.43,5040,1.36922,188.546,319.2250346,27.2582799
Kepler-730 c,Kepler-730,Transit,2018,Kepler,1,2,3.09,1.56926,2.85188338,0.03997,0,1607,1.047,1.411,5620,0.23596,1935.04,285.5547895,45.578842
TOI-1117 b,TOI-1117,Transit,2025,Transiting Exoplanet Survey Satellite (TESS),1,3,8.9,2.46,2.22816,0.033,0,1538,0.97,1.05,5635,-0.4437,167.598,273.6020606,-66.4199742
TOI-2031 A b,TOI-2031 A,Transit,2025,Transiting Exoplanet Survey Satellite (TESS),2,1,254.2627256,14.20177855,5.71548654,0.066,0.076,1358,1.174,1.241,6490,0.39094,276.105,331.1178077,81.5659509
TOI-3682 b,TOI-3682,Transit,2025,Transiting Exoplanet Survey Satellite (TESS),1,1,69.28659273,12.80065596,3.3462406,0.048,0.22,1657,1.32,1.735,5703,0.45788,404.211,50.2752271,25.2972658
HD 73534 b,HD 73534,Radial Velocity,2008,W. M. Keck Observatory,1,1,353.42696,13.7,1750,2.99,0.126,,1.16,2.58,4917,0.522,83.3321,129.8153421,12.9599703
HD 88133 b,HD 88133,Radial Velocity,2004,W. M. Keck Observatory,1,1,324.1866,13.8,3.414884,0.0479,0.031,,1.26,2.2,5392,0.49678,73.6123,152.5319349,18.1857284
TOI-3980 b,TOI-3980,Transit,2025,Transiting Exoplanet Survey Satellite (TESS),1,1,187.5187601,14.4595851,3.6089254,0.0494,0.16,1621,1.24,1.626,5840,0.44248,486.721,12.8419374,59.5758606
K2-270 b,K2-270,Transit,2018,K2,1,2,2.48,1.38,1.543069,0.0247,,1203,0.85,0.77,4877,-0.51819,280.518,131.2665588,13.5497322
OGLE-2011-BLG-0173L b,OGLE-2011-BLG-0173L,Microlensing,2018,OGLE,1,1,60,9.01,,8,,,0.41,,,,6100,269.315735,-28.2338619
HD 96167 b,HD 96167,Radial Velocity,2009,W. M. Keck Observatory,2,1,227.88411,14,498.04,1.332,0.685,,1.27,1.94,5733,0.57,85.3006,166.3125657,-10.291345
HD 95089 b,HD 95089,Radial Velocity,2009,W. M. Keck Observatory,1,2,400.4658,13.7,464.4,1.36,0.119,,1.54,5.08,4918,1.13033,136.957,164.698748,1.7290087
LHS 1903 e,LHS 1903,Transit,2026,CHaracterising ExOPlanets Satellite (CHEOPS),1,4,5.79,1.732,29.31773,0.15135,0.014,333,0.538,0.539,3664,-1.32451,35.6917,107.865826,48.3279327
KMT-2024-BLG-2087L b,KMT-2024-BLG-2087L,Microlensing,2026,KMTNet,1,1,1395.266707,12.9,,3.03,,,0.48,,,,7190,268.4500417,-29.2631889
TOI-2992 b,TOI-2992,Transit,2025,Transiting Exoplanet Survey Satellite (TESS),1,1,1058.368595,13.75341932,3.007812,0.0434,0.089,1726,1.21,1.545,6000,0.4456,542.026,164.3165643,-32.3224375
TOI-4487 A b,TOI-4487 A,Transit,2025,Transiting Exoplanet Survey Satellite (TESS),2,1,397.2855088,14.60530185,3.9540709,0.05448,0.083,1639,1.378,1.634,6206,0.55267,479.145,306.4220814,45.9710306
HD 5319 c,HD 5319,Radial Velocity,2014,W. M. Keck Observatory,1,2,334.67499,13.8,872.2,1.93,0.183,,1.27,4.06,4871,0.908,121.405,13.7558096,0.7893425
K2-52 b,K2-52,Transit,2016,K2,1,1,,18,3.535055,0.054,,2004,1.691,2.192,7147,0.02701,1038.41,246.6114157,-24.9699462
K2-281 b,K2-281,Transit,2018,K2,1,1,50.9,8.18,8.687721,0.0773,,665,0.82,0.76,4812,-0.64686,458.139,16.2274724,7.2692169
K2-283 b,K2-283,Transit,2018,K2,1,1,12.2,3.52,1.921036,0.0291,,1186,0.89,0.82,5060,-0.52364,402.915,13.1943679,9.6929181
WASP-104 b,WASP-104,Transit,2014,SuperWASP,2,1,404.263,12.745,1.7554137,0.02918,0,1516,1.076,0.963,5475,-0.18964,185.932,160.6023689,7.4350768
47 UMa b,47 UMa,Radial Velocity,1996,Lick Observatory,1,3,804.08,13.2,1078,2.1,0.032,,1.06,1.21334,5872,0.1978,13.7967,164.8647611,40.4304931
HD 75784 c,HD 75784,Radial Velocity,2018,W. M. Keck Observatory,1,2,1792.5612,12.8,7900,8.4,0.489,,1.26,3.4,4867,0.756,85.4321,133.0992289,13.2330548
K2-53 b,K2-53,Transit,2016,K2,1,1,7.27,2.6,12.20772,0.098,,665,0.851,0.807,5263,-0.5788,138.018,244.1419684,-20.4005984
HIP 41378 c,HIP 41378,Transit,2016,K2,1,6,4.4,2.727,31.70603,,,757,1.16,1.273,6320,0.39646,106.289,126.6158279,10.0803708
TOI-1438 c,TOI-1438,Transit,2025,Transiting Exoplanet Survey Satellite (TESS),1,2,10.6,2.75,9.428089,0.083,0,794,0.876,0.82,5230,-0.34679,110.513,280.9237844,74.9378327
GJ 96 b,GJ 96,Radial Velocity,2018,Haute-Provence Observatory,1,1,19.66,4.67,73.94,0.291,0.44,,0.6,0.580612,3785,-1.05159,11.9315,35.5624031,47.8802075
OGLE-2015-BLG-0954L b,OGLE-2015-BLG-0954L,Microlensing,2016,KMTNet,1,1,1100,13.1,,1.6,,,0.3,,,,1200,270.184333,-28.6608889
HD 14787 b,HD 14787,Radial Velocity,2018,W. M. Keck Observatory,1,1,356.28743,13.7,676.6,1.7,0.155,,1.43,5.01,4946,1.11506,119.137,35.8085099,10.8367972
HD 18015 b,HD 18015,Radial Velocity,2018,W. M. Keck Observatory,1,1,1048.833743,13.1,2278,3.87,0.148,,1.49,3.13,5603,0.9738,123.801,43.3636339,-8.8480392
K2-90 b,K2-90,Transit,2016,K2,1,2,7.27,2.6,13.733314,0.096,0.07,502,0.629,0.619,4484,-0.95318,134.188,59.1527391,22.4724517
TOI-1201 b,TOI-1201,Transit,2021,Transiting Exoplanet Survey Satellite (TESS),2,1,6.28,2.415,2.4919863,0.0287,0,703,0.512,0.508,3476,-1.46852,37.8871,42.2476999,-14.5372835
2MASS J12073346-3932539 b,2MASS J12073346-3932539,Imaging,2004,Paranal Observatory,1,1,1652.707716,15.69257298,,46,,1163,0.188001,0.21887,2825,-2.56086,64.308,181.8890906,-39.5484399
HD 217107 c,HD 217107,Radial Velocity,2005,Lick Observatory,1,2,1388.910139,12.9,5138.7,5.922,0.3918,,1.045,1.2245,5622,0.09754,20.0619,344.5647243,-2.3954489
TYC 8998-760-1 c,TYC 8998-760-1,Imaging,2020,Paranal Observatory,1,2,1906.98,12.3299,,320,,1240,1,0.953811,4573,-0.339,94.6177,201.3001096,-64.9391566
TOI-5716 b,TOI-5716,Transit,2025,Transiting Exoplanet Survey Satellite (TESS),1,1,0.84,0.96,6.7663,,,400,0.19,0.22,3436,-2.24692,39.4122,201.9007989,73.1774325
KMT-2016-BLG-1397L b,KMT-2016-BLG-1397L,Microlensing,2018,KMTNet,1,1,2200,12.7,,5.1,,,0.45,,,,6600,272.664612,-24.8577385
HD 94834 b,HD 94834,Radial Velocity,2018,W. M. Keck Observatory,1,1,400.4658,13.7,1576,2.74,0.14,,1.11,4.2,4798,0.99301,98.1609,164.3126363,24.1429374
HD 180053 b,HD 180053,Radial Velocity,2018,W. M. Keck Observatory,1,1,697.31902,13.3,213.72,0.843,0.081,,1.75,4.06,5131,1.09897,137.043,288.4008374,34.9146658
CoRoT-2 b,CoRoT-2,Transit,2008,CoRoT,2,1,1102.82,16.432,1.7429935,0.02798,0.0143,1521,0.96,0.906,5625,-0.13055,213.283,291.7770457,1.3836634
HD 190360 b,HD 190360,Radial Velocity,2003,Haute-Provence Observatory,2,2,533.9517238,13.5,2892,3.963,0.3184,150,0.991,1.201,5552,0.06647,16.0069,300.9092476,29.894541
HD 190360 c,HD 190360,Radial Velocity,2005,W. M. Keck Observatory,2,2,25.42627256,5.44,17.1173,0.1296,0.165,,0.991,1.201,5552,0.06647,16.0069,300.9092476,29.894541
HD 154345 b,HD 154345,Radial Velocity,2006,W. M. Keck Observatory,1,1,376.9444907,13.7,3280,4.158,0.058,,0.89,0.85,5468,-0.21934,18.284,255.6524619,47.0855544
K2-292 b,K2-292,Transit,2019,K2,1,1,24.5,2.63,16.9841,0.13,0.04,795,1,1.09,5725,0.09254,114.293,205.3758786,-9.9460704
HIP 41378 d,HIP 41378,Transit,2016,K2,1,6,4.6,3.54,278.3618,,0,367,1.16,1.273,6320,0.39646,106.289,126.6158279,10.0803708
K2-388 b,K2-388,Transit,2022,K2,1,1,14.5,3.9,6.33932,,,874,0.93,0.91,5310,-0.21167,290.495,352.7139342,-11.0773564
K2-139 b,K2-139,Transit,2017,K2,1,1,123.00021,9.11,28.380619,0.1796,0.12,524,0.96,0.88,5370,-0.29948,153.856,289.066707,-17.9107147
EPIC 206317286 b,EPIC 206317286,Transit,2019,K2,1,2,0.84,0.96,1.58252,,,,0.711,0.669,4752,-0.59336,314.35,337.6178427,-7.972456
EPIC 212424622 b,EPIC 212424622,Transit,2019,K2,1,1,5.35,2.17,18.0983,,,,1.106,1.2247,5782.33,0.17917,611.804,202.3313765,-14.3594358
Kepler-9 c,Kepler-9,Transit,2010,Kepler,1,3,29.9,8.08,38.9853,0.227,0.06691,523,1.022,0.958,5774,-0.038,628.257,285.5739904,38.4008192
TOI-2267 c,TOI-2267 A,Transit,2025,Transiting Exoplanet Survey Satellite (TESS),2,3,1.55,1.14,3.4950412,0.0263,,374,0.171,0.2075,3030,-2.48149,22.55,65.0614963,84.9008238
WASP-50 b,WASP-50,Transit,2011,SuperWASP,1,1,466.828704,13.069694,1.9551,0.0293,0.009,1394.84,0.892,0.843,5400,-0.19792,184.848,43.6880738,-10.8980242
TOI-178 c,TOI-178,Transit,2021,Transiting Exoplanet Survey Satellite (TESS),1,6,4.64,1.754,3.238486,0.037,0.00032,873,0.647,0.662,4316,-0.86646,62.699,7.3020115,-30.4541159
TOI-2431 b,TOI-2431,Transit,2026,Transiting Exoplanet Survey Satellite (TESS),1,1,6.2,1.534,0.22419578,0.0063,0,2063,0.661,0.651,4109,-0.96257,36.0559,37.7652989,8.3816255
TOI-178 e,TOI-178,Transit,2021,Transiting Exoplanet Survey Satellite (TESS),1,6,3.48,2.301,9.96318,0.0783,0.00038,600,0.647,0.662,4316,-0.86646,62.699,7.3020115,-30.4541159
HIP 99770 b,HIP 99770,Imaging,2023,Multiple Observatories,1,1,5403.082919,12.2,18600,15.8,0.31,,1.9,1.93986,8000,1.14176,40.0765,303.6338344,36.8066046
HD 92788 b,HD 92788,Radial Velocity,2000,Multiple Observatories,1,2,1195.0408,13,325.803,0.97,0.35,,1.15,1.14,5744,0.02,34.6538,160.7021351,-2.1847173
KOI-1599.02,KOI-1599,Transit,2019,Kepler,1,2,9,1.9,13.6088,0.112293,0.0114,755,1.02,0.972,5833,0.16196,1131.64,298.3738383,40.6184483
TOI-4773 b,TOI-4773,Transit,2025,Transiting Exoplanet Survey Satellite (TESS),1,1,1687.668841,15.22179579,1.7452851,0.03216,0.024,2255,1.452,1.55,6740,0.64836,492.888,114.9426489,-21.4856184
TOI-5261 b,TOI-5261,Transit,2025,Transiting Exoplanet Survey Satellite (TESS),1,1,3651.848396,11.60129502,4.1509768,0.05134,0.1585,1244,1.037,1.021,5790,0.02078,377.054,305.4585453,19.4358468
TOI-2719 b,TOI-2719,Transit,2025,Transiting Exoplanet Survey Satellite (TESS),1,1,29.9,5.98,3.37594,,,1710,1.02,1.69,5762,0.43619,588.368,71.5549449,-0.8048725
HIP 41378 g,HIP 41378,Radial Velocity,2025,W. M. Keck Observatory,1,6,7,2.54,62.06,,,605,1.16,1.273,6320,0.39646,106.289,126.6158279,10.0803708
HD 50499 c,HD 50499,Radial Velocity,2019,La Silla Observatory,1,2,931.2419,13.2,8619.9,9.02,0,,1.31,1.42,6099,0.37632,46.2845,103.008075,-33.915267
EPIC 248847494 b,EPIC 248847494,Transit,2018,K2,1,1,4131.79,12.44199,3650,4.5,0,183,0.9,2.7,4898,0.54805,551.886,159.3890808,11.8427484
GJ 15 A c,GJ 15 A,Radial Velocity,2018,Roque de los Muchachos Observatory,2,2,36,6.67,7600,5.4,0.27,,0.38,0.38,3607,-1.655,3.56228,4.6126677,44.0247296
K2-105 b,K2-105,Transit,2017,K2,1,1,15.4,3.4,8.26726,0.0796,0,805,0.94,0.905,5373,-0.18892,197.989,125.4202985,13.4975122
WASP-96 b,WASP-96,Transit,2014,SuperWASP,1,1,152.55,13.45,3.4252602,0.0453,0,1285,1.06,1.05,5540,0.03226,352.464,1.0465696,-47.3606352
K2-121 b,K2-121,Transit,2017,K2,1,1,51,7.16,5.185738,0.0525,0.22,716,0.71,0.675,4526,-0.74531,169.398,126.9366624,17.5793267
DMPP-2 c,DMPP-2,Radial Velocity,2026,Multiple Observatories,1,3,51.79,8.26,3.168,0.04789,0.28,,1.41,1.78,6500,0.1038,137.94,27.407731,-34.4590985
EPIC 212737443 b,EPIC 212737443,Transit,2019,K2,1,2,7.2,2.586,13.603,0.098,0.2,536,0.69,0.673,4684,-0.75057,336.25,204.2215065,-7.3180577
KMT-2017-BLG-0165L b,KMT-2017-BLG-0165L,Microlensing,2018,KMTNet,1,1,34,6.45,,3.45,,,0.76,,,,4530,269.6496667,-28.1336694
TOI-2322 b,TOI-2322,Transit,2025,Transiting Exoplanet Survey Satellite (TESS),1,2,2.31,0.994,11.30717,0.0924,0,603.1,0.703,0.662,4664,-0.74232,59.861,116.9731027,-71.0019671
TOI-5350 b,TOI-5350,Transit,2025,Transiting Exoplanet Survey Satellite (TESS),1,1,2094.489202,12.41955062,7.581367,0.0796,0.0165,1195,1.167,1.263,6220,0.33445,277.419,74.4023015,21.6019759
TOI-6420 b,TOI-6420,Transit,2025,Transiting Exoplanet Survey Satellite (TESS),1,1,2606.192937,11.93756445,6.961508,0.0753,0.078,1213,1.165,1.312,6020,0.31175,634.712,125.5443036,-19.1242852
Kepler-47 b,Kepler-47,Transit,2012,Kepler,2,3,2.07,3.05,49.4643,0.2877,0.021,,0.957,0.936,5636,-0.076,1025.02,295.2978883,46.9204303
LSPM J2116+0234 b,LSPM J2116+0234,Radial Velocity,2019,Calar Alto Observatory,1,1,13.3,3.71,14.4399,0.0876,0.183,,0.43,0.431,3475,-1.69897,17.6297,319.1147513,2.5807711
TOI-6303 b,TOI-6303,Transit,2025,Transiting Exoplanet Survey Satellite (TESS),1,1,2493,11.59,9.485236,0.0761,0.02,541,0.644,0.609,3977,-1.08672,152.219,46.7806502,40.147174
NSVS 14256825 b,NSVS 14256825,Eclipse Timing Variations,2019,Multiple Observatories,2,1,4497.2945,12.3,3225,3.12,0.12,,0.419,0.188,40000,1.97364,820.877,305.001946,4.6323715
Kepler-82 f,Kepler-82,Transit Timing Variations,2019,KOINet,1,5,20.9,4.84,75.732,0.3395,0.0014,,0.91,0.898,5401,-0.18507,904.326,292.8733696,42.9661583
GJ 27.1 b,GJ 27.1,Radial Velocity,2014,Multiple Observatories,1,1,13,3.66,15.819,0.101,0.08,,0.53,0.518887,3542,-1.58503,23.6062,9.9980016,-44.2541679
GJ 160.2 b,GJ 160.2,Radial Velocity,2014,Multiple Observatories,1,1,10.2,3.17,5.2354,0.053,0.06,,0.69,0.655173,4347,-0.79588,25.8557,61.6454173,-20.8564724
TOI-7149 b,TOI-7149,Transit,2025,Transiting Exoplanet Survey Satellite (TESS),1,1,224,13.2,2.65206166,0.02603,0.078,593,0.344,0.351,3363,-1.91542,126.126,244.7384657,19.1758116
Kepler-47 d,Kepler-47,Transit,2019,Kepler,2,3,19.02,7.04,187.366,0.6992,0.024,,0.957,0.936,5636,-0.076,1025.02,295.2978883,46.9204303
TOI-6054.02,TOI-6054,Transit,2024,Transiting Exoplanet Survey Satellite (TESS),1,2,9.3,2.82,12.563636,0.1079,0.332,1143,1.107,1.662,6047,0.52244,79.407,56.337007,60.350917
Kepler-82 b,Kepler-82,Transit,2012,Kepler,1,5,12.15,4.07,26.44,0.1683,0.0033,562,0.91,0.898,5401,-0.18507,904.326,292.8733696,42.9661583
GJ 682 b,GJ 682,Radial Velocity,2014,Multiple Observatories,1,2,4.4,1.93,17.478,0.08,0.08,,0.27,0.298255,3028,-2.69897,5.00671,264.2610245,-44.3232519
OGLE-2015-BLG-1649L b,OGLE-2015-BLG-1649L,Microlensing,2019,OGLE,1,1,807,13.2,,2.07,,,0.34,,,,4230,271.2050417,-32.6330278
TOI-2141 c,TOI-2141,Radial Velocity,2025,Roque de los Muchachos Observatory,1,3,6.14,2.35,5.4624,0.0585,,1095,0.896,0.95,5635,-0.05,77.682,258.7623456,18.3403449
HD 117207 b,HD 117207,Radial Velocity,2004,W. M. Keck Observatory,1,1,669.3466251,13.4,2621.75,3.787,0.157,,1.053,1.074,5732,0.06566,32.3547,202.3368806,-35.5713041
HD 114729 b,HD 114729,Radial Velocity,2002,W. M. Keck Observatory,2,1,262.20975,13.9,1121.79,2.067,0.079,,0.936,1.473,5844,0.42095,37.8063,198.1833997,-31.8746756
HD 126525 b,HD 126525,Radial Velocity,2018,La Silla Observatory,1,1,75.32571,10.3,960.41,1.837,0.035,,0.897,0.979,5638,-0.0403,37.6506,216.8852514,-51.9329118
NY Vir b,NY Vir,Eclipse Timing Variations,2011,Multiple Observatories,2,2,730.978,13.3,3160,3.3,0.15,,0.459,0.151,32780,1.37508,544.024,204.7005847,-2.0303873
NY Vir c,NY Vir,Eclipse Timing Variations,2019,Winer Observatory,2,2,1760.7782,12.8,8799,,0.15,,0.459,0.151,32780,1.37508,544.024,204.7005847,-2.0303873
TOI-1346 c,TOI-1346,Transit,2025,Transiting Exoplanet Survey Satellite (TESS),1,2,5.6,2.23,5.502558,,,928,0.82,0.78,5099,-0.47288,115.45,256.6226752,68.8433031
TOI-6000 b,TOI-6000,Transit,2025,Transiting Exoplanet Survey Satellite (TESS),1,1,0.779,0.94,0.448959,,,1120,0.37,0.38,3419,-1.75585,75.7664,292.6062979,68.1545924
HD 143361 b,HD 143361,Radial Velocity,2008,Las Campanas Observatory,1,1,1382.55357,12.9,1039.15,1.988,0.197,,0.968,0.916,5507,-0.09151,68.5146,240.4588405,-44.4350575
HD 152079 b,HD 152079,Radial Velocity,2009,Las Campanas Observatory,1,1,845.74563,13.2,2918.92,4.187,0.532,,1.147,1.128,5907,0.10721,87.8888,253.3732313,-46.3333582
HD 63433 b,HD 63433,Transit,2020,Transiting Exoplanet Survey Satellite (TESS),1,3,21.755,2.14,7.1079475,0.072,0.24,967.11,0.956,0.934,5553,-0.1261,22.4035,117.4793699,27.3631342
TOI-1898 b,TOI-1898,Transit,2024,Transiting Exoplanet Survey Satellite (TESS),1,1,129,9.39553231,45.52234,0.269,0.485,674.54,1.2484,1.6131,6241,0.55121,79.6682,144.5553,23.5467464
HD 28471 c,HD 28471,Radial Velocity,2025,La Silla Observatory,1,3,5.72,2.26,6.1245,0.065,0.088,1066,0.98,1.08,5766,0.06167,43.6455,66.2875166,-64.0786861
HD 28471 d,HD 28471,Radial Velocity,2025,La Silla Observatory,1,3,4.91,2.06,11.681,0.1,0.093,945,0.98,1.08,5766,0.06167,43.6455,66.2875166,-64.0786861
HD 211970 b,HD 211970,Radial Velocity,2019,Las Campanas Observatory,1,1,13,3.66,25.201,0.143,0.15,,0.61,0.574175,4127,-1.06479,13.1277,335.5661579,-54.5596006
HIP 35173 b,HIP 35173,Radial Velocity,2019,Las Campanas Observatory,1,1,12.7,3.61,41.516,0.217,0.16,,0.79,0.773404,4881,-0.51439,33.1562,109.0449329,-3.6661273
HD 190647 b,HD 190647,Radial Velocity,2007,La Silla Observatory,1,1,630.89255,13.4,1176.45,2.231,0.224,,1.069,1.376,5656,0.29667,54.4738,301.8318167,-35.5395236
HD 23127 b,HD 23127,Radial Velocity,2006,Anglo-Australian Telescope,1,1,485.32641,13.5,1211.17,2.37,0.406,,1.208,1.49,5843,0.45175,93.8555,54.8491271,-60.077229
K2-168 b,K2-168,Transit,2018,K2,1,2,4.12,1.86,15.8523,,,766.35,0.877,0.83,5502.7,-0.17649,243.935,333.1100738,-16.3418863
HD 4208 b,HD 4208,Radial Velocity,2001,W. M. Keck Observatory,1,1,257.4423,13.9,832.97,1.662,0.042,,0.883,0.846,5717,-0.09961,34.1937,11.1125532,-26.5150392
K2-146 b,K2-146,Transit,2018,K2,1,2,5.77,2.05,2.6446,0.0248,0.129,534,0.331,0.33,3385,-1.82391,79.3002,130.0266951,19.0923416
HD 8326 b,HD 8326,Radial Velocity,2019,Las Campanas Observatory,1,1,66.6,9.58,158.991,0.533,0.2,,0.8,0.783181,4914,-0.49184,30.6862,20.5314418,-26.8940678
HIP 54373 b,HIP 54373,Radial Velocity,2019,Las Campanas Observatory,1,2,8.62,2.87,7.76,0.063,0.2,,0.57,0.564998,4021,-1.22239,18.7168,166.8643532,-19.2916857
XO-3 b,XO-3,Transit,2007,XO,1,1,4217.582961,14.79585452,3.19152309,0.04815,0.2791,1890,1.449,1.523,6970,0.69197,213.053,65.4695814,57.8172095
KMT-2017-BLG-1038L b,KMT-2017-BLG-1038L,Microlensing,2019,KMTNet,1,1,640,13.4,,1.8,,,0.37,,,,6000,266.170917,-25.1430306
HD 85426 c,TOI-1774,Radial Velocity,2026,Multiple Observatories,1,2,10.3,3.19,35.73,,0.06,640,0.991,1.1303,5746,0.10143,53.974,148.1619305,35.111008
55 Cnc B c,55 Cnc B,Radial Velocity,2025,Mauna Kea Observatory,2,7,5.3,2.16,33.747,0.13,0,,0.26,0.274,3286,-2.10811,12.4773,133.167908,28.3152863
HIP 54373 c,HIP 54373,Radial Velocity,2019,Las Campanas Observatory,1,2,12.44,3.57,15.144,0.099,0.2,,0.57,0.564998,4021,-1.22239,18.7168,166.8643532,-19.2916857
HD 220689 b,HD 220689,Radial Velocity,2012,La Silla Observatory,1,1,381.3940884,13.7,2266.4,3.396,0.054,,1.016,1.068,5921,0.093,46.8778,351.4707282,-20.6167923
TOI-2093 c,TOI-2093,Transit,2025,Transiting Exoplanet Survey Satellite (TESS),1,2,15.8,2.3,53.81149,0.257,0,329,0.745,0.729,4426,-0.73565,82.7982,302.7375229,70.8696532
TOI-756 c,TOI-756,Radial Velocity,2025,La Silla Observatory,1,2,1287.205048,13,149.4,0.439,0.445,194,0.505,0.505,3657,-1.38722,86.1759,192.103738,-45.4704709
HD 52265 b,HD 52265,Radial Velocity,2000,W. M. Keck Observatory,1,1,384.5743,13.7,119.27,0.52,0.27,405,1.204,1.32,6136,0.297,29.9803,105.0746449,-5.3668142
TOI-2093 b,TOI-2093,Radial Velocity,2025,Calar Alto Observatory,1,2,10.6,3.25,12.836,0.097,0,535,0.745,0.729,4426,-0.73565,82.7982,302.7375229,70.8696532
HD 140901 b,HD 140901,Radial Velocity,2022,Multiple Observatories,1,2,15.57359194,4.07,9.02378,0.085,0.472,,0.99,0.95,5610,-0.10237,15.2528,236.8689866,-37.9172333
HD 63433 c,HD 63433,Transit,2020,Transiting Exoplanet Survey Satellite (TESS),1,3,15.539,2.692,20.5438281,0.146,0.21,678.92,0.956,0.934,5553,-0.1261,22.4035,117.4793699,27.3631342
TOI-2449 b,TOI-2449,Transit,2025,Transiting Exoplanet Survey Satellite (TESS),1,1,222,11.24,106.14468,0.45,0.098,400,1.079,1.065,6021,0.14808,156.786,67.984371,-34.4555327
HR 5183 b,HR 5183,Radial Velocity,2019,Multiple Observatories,2,1,1052.012027,13.1,27000,18,0.84,171,1.07,1.53,5794,0.39748,31.4607,206.7357992,6.3498994
HD 85390 b,HD 85390,Radial Velocity,2009,La Silla Observatory,1,1,31.46517,6.16,799.52,1.373,0.5,,0.758,0.8,5186,-0.36653,33.5225,147.5105663,-49.7905254
eps Eri b,eps Eri,Radial Velocity,2000,Multiple Observatories,1,1,209.7667486,14.1,2671,3.53,0.07,,0.82,0.759106,5020.38,-0.41928,3.2026,53.2284306,-9.4581715
55 Cnc e,55 Cnc,Radial Velocity,2004,McDonald Observatory,2,7,7.99,1.875,0.7365474,0.01544,0.05,1958,0.905,0.943,5172,-0.19695,12.5855,133.1468373,28.3298154
HD 17156 b,HD 17156,Radial Velocity,2007,Subaru Telescope,1,1,1036.120607,12.26262489,21.2164294,0.1632,0.6772,888,1.285,1.517,6046,0.44091,78.0863,42.4366123,71.7530882
OGLE-2018-BLG-0596L b,OGLE-2018-BLG-0596L,Microlensing,2019,OGLE,1,1,13.93,3.81,,0.97,,,0.231,,,,5650,269.0555417,-29.1990833
WASP-110 b,WASP-110,Transit,2021,Paranal Observatory,1,1,154.7824342,13.19297028,3.7784022,,0,1158,0.814,0.853,5392,-0.229,274.96,305.8724366,-44.0587001
HD 189567 b,HD 189567,Radial Velocity,2021,La Silla Observatory,1,2,8.5,2.85,14.288,0.111,0.189,,0.83,1.04,5726,0.32428,17.9055,301.3959616,-67.3237992
KMT-2022-BLG-1551L b,KMT-2022-BLG-1551L,Microlensing,2026,KMTNet,1,1,940.7720847,13.2,,2.29,,,0.54,,,,6900,265.25375,-27.5518806
AF Lep b,AF Lep,Imaging,2023,Paranal Observatory,1,1,1147.360549,13,8905,8.996,0.015,1400,1.218,1.25,6140,0.29,26.8564,81.7699216,-11.9011752
TOI-1422 b,TOI-1422,Transit,2022,Transiting Exoplanet Survey Satellite (TESS),1,2,9.5,3.83,12.99894,0.107,0.2,870,0.9903,1.019,5840,0.04766,155.141,354.240829,39.6392793
EPIC 201497682 b,EPIC 201497682,Transit,2019,K2,1,1,0.26,0.692,2.13174,,,,0.78,0.554,4991,-0.76627,253.026,168.9366786,0.4880606
EPIC 201615463 c,K2-166,Transit,2019,K2,1,2,1.98,1.22,3.80464,,,,1.073,1.61,5960,0.45848,476.882,185.1880932,2.2823788
OGLE-2015-BLG-1670L b,OGLE-2015-BLG-1670L,Microlensing,2019,OGLE,1,1,17.9,4.42,,2.62,,,0.55,,,,6700,268.1587917,-28.5519167
HD 152843 b,HD 152843,Transit,2021,Transiting Exoplanet Survey Satellite (TESS),1,2,9.82,3.05,11.62071,0.1049,0.046,1003.11,1.15,1.43,6310,0.44992,107.898,253.7848853,20.491524
K2-293 b,K2-293,Transit,2019,K2,1,1,6.57,2.45,13.1225,,,750,0.958,0.947,5532,-0.18023,392.251,351.6064952,-6.0279068
EPIC 201833600 c,K2-50,Transit,2019,K2,1,2,0.972,1,3.96151,,,,0.611,0.634,4326,-0.87356,257.443,169.483654,5.988289
EPIC 206024342 b,EPIC 206024342,Transit,2019,K2,1,3,3.53,1.7,4.50756,,,,0.928,0.823,5724,-0.16992,369.888,331.2771441,-14.1218019
TOI-178 g,TOI-178,Transit,2021,Transiting Exoplanet Survey Satellite (TESS),1,6,4.4,2.939,20.71663,0.1275,0.00043,470,0.647,0.662,4316,-0.86646,62.699,7.3020115,-30.4541159
TOI-6109 b,TOI-6109,Transit,2025,Transiting Exoplanet Survey Satellite (TESS),1,2,21.1,4.8704,5.690476,0.0599,,700,1.03,1.021,5660,-0.05453,151.738,50.1319206,42.6069564
TOI-178 b,TOI-178,Transit,2021,Transiting Exoplanet Survey Satellite (TESS),1,6,0.96,1.2,1.9145601,0.02607,,1040,0.647,0.662,4316,-0.86646,62.699,7.3020115,-30.4541159
TOI-178 f,TOI-178,Transit,2021,Multiple Observatories,1,6,5.63,2.417,15.23335,0.1039,0.00045,521,0.647,0.662,4316,-0.86646,62.699,7.3020115,-30.4541159
TOI-756 b,TOI-756,Transit,2025,Transiting Exoplanet Survey Satellite (TESS),1,2,9.83,2.81,1.2392495,0.018,0,934,0.505,0.505,3657,-1.38722,86.1759,192.103738,-45.4704709
OGLE-2018-BLG-1011L c,OGLE-2018-BLG-1011L,Microlensing,2019,OGLE,1,2,890,13.2,,0.8,,,0.18,,,,7100,269.014,-29.0828889
KMT-2016-BLG-0212L b,KMT-2016-BLG-0212L,Microlensing,2018,KMTNet,1,1,5700,12.2,,2.2,,,0.48,,,,6300,268.43925,-29.0868889
K2-294 b,K2-294,Transit,2019,K2,1,1,3.39,1.66,2.50387,,,1425,0.987,1.2,5612,0.08751,373.078,352.0516724,-7.6037856
KOI-1599.01,KOI-1599,Transit,2019,Kepler,1,2,4.6,1.9,20.4415,0.14728,0.014,660,1.02,0.972,5833,0.16196,1131.64,298.3738383,40.6184483
Kepler-1980 b,Kepler-1980,Transit,2023,Kepler,1,1,5.52,2.21,33.0257179,0.2049,0,564,1.049,0.99,5819,0.22397,1709.4,295.1672065,38.637039
GJ 433 c,GJ 433,Radial Velocity,2014,Multiple Observatories,1,3,32.422,6.27,5094.105,4.819,0.12,,0.48,0.5,3461,-1.69897,9.06456,173.8619194,-32.5436302
KOI-142 c,KOI-142,Transit Timing Variations,2013,Kepler,1,3,214.1,14,22.26492,0.154121003,0.05724,,0.99,0.897,5466,-0.16507,376.863,291.1481028,40.669413
Kepler-1126 c,Kepler-1126,Transit,2023,Kepler,1,2,2.7,1.45,199.66876,0.6193,0,305,0.794,0.921,5678,-0.09926,635.736,285.691955,45.6893993
EPIC 249893012 b,EPIC 249893012,Transit,2020,K2,1,3,8.75,1.95,3.5951,0.047,0.06,1616,1.05,1.71,5430,0.35568,321.296,228.2482353,-16.7246474
EPIC 249893012 c,EPIC 249893012,Transit,2020,K2,1,3,14.67,3.67,15.624,0.13,0.07,990,1.05,1.71,5430,0.35568,321.296,228.2482353,-16.7246474
OGLE-2018-BLG-0677L b,OGLE-2018-BLG-0677L,Microlensing,2020,OGLE,1,1,3.96,1.82,,0.63,,,0.12,,,,7580,268.751125,-32.0165306
KOI-142 b,KOI-142,Transit,2013,Kepler,1,3,9.5,3.438,10.91647,0.09586,0.05561,758,0.99,0.897,5466,-0.16507,376.863,291.1481028,40.669413
Kepler-1987 b,Kepler-1987,Transit,2023,Kepler,1,4,2.04,1.23,2.345863002,0.0318,0,997,0.799,0.714,4769,-0.61631,595.683,295.8254663,42.9433716
Kepler-1989 b,Kepler-1989,Transit,2023,Kepler,1,1,19.3,4.62,10.16102353,0.0918,0,904,0.999,1.06,6032,0.27935,1252.13,290.7351869,44.091262
EPIC 249893012 d,EPIC 249893012,Transit,2020,K2,1,3,10.18,3.94,35.747,0.22,0.15,752,1.05,1.71,5430,0.35568,321.296,228.2482353,-16.7246474
OGLE-2018-BLG-1700L b,OGLE-2018-BLG-1700L,Microlensing,2020,OGLE,2,1,1400,12.9,,2.8,,,0.42,,,,7600,269.956042,-28.5286389
OGLE-2015-BLG-1771L b,OGLE-2015-BLG-1771L,Microlensing,2020,OGLE,1,1,138,14.3,,0.85,,,0.077,,,,7070,268.799,-28.86275
Kepler-416 d,Kepler-416,Transit,2023,Kepler,1,3,3.22,1.61,3.07644709,0.0407,0,1253,0.949,1.022,5670,0.02791,690.819,291.5569554,39.2272923
Kepler-975 c,Kepler-975,Transit,2023,Kepler,1,2,80.2,10.69,5.05821338,0.0567,0,1168,0.951,1.667,4883,-0.51184,426.088,290.54851,38.4952415
Kepler-1996 b,Kepler-1996,Transit,2023,Kepler,1,2,5.73,2.26,32.376183,0.1789,0,392,0.748,0.675,4580,-0.65721,440.561,285.2537555,46.5822183
Kepler-1052 c,Kepler-1052,Transit,2023,Kepler,1,2,5.9,2.3,180.921729,0.6135,0,302,0.937,0.848,5818,-0.04685,943.444,295.34273,46.6022134
TOI-5489 c,TOI-5489,Transit,2025,Transiting Exoplanet Survey Satellite (TESS),1,2,2.18,1.28,4.92126,,,536,0.41,0.42,3547,-1.60776,45.0907,128.691294,11.4895882
OGLE-2012-BLG-0838L b,OGLE-2012-BLG-0838L,Microlensing,2020,OGLE,1,1,53.1,8.39,,4.43,,,0.4,,,,6320,273.003083,-25.7116111
Kepler-1491 c,Kepler-1491,Transit,2023,Kepler,1,2,6.53,2.44,61.569765,0.3045,0,530,0.991,1.389,5626,0.35471,2065.59,293.6297645,45.7406293
Kepler-160 b,Kepler-160,Transit,2014,Kepler,1,3,3.59,1.715,4.309397,0.05511,0,1134,1.003,1.118,5471,0.00432,937.013,287.773573,42.8692755
Kepler-290 d,Kepler-290,Transit,2023,Kepler,1,3,0.566,0.86,0.764017553,0.0154,0,1589,0.84,0.755,5142,-0.58591,694.627,286.4100307,42.6815137
Kepler-549 d,Kepler-549,Transit,2023,Kepler,1,3,16.4,4.2,24.61480613,0.1575,0,586,0.859,0.986,5312,-0.30618,635.145,283.0228527,47.2611431
WASP-45 b,WASP-45,Transit,2011,SuperWASP,2,1,306.38812,10.603714,3.126089,0.03963,0,1153,0.85,0.855,5150,-0.33555,211.196,5.2377567,-35.998465
WASP-4 b,WASP-4,Transit,2007,SuperWASP,1,1,381.3940884,15.12091496,1.338230994,0.02261,0.0053,1653,0.899,0.912,5436,-0.17897,267.206,353.5629149,-42.0617794
TOI-4940 b,TOI-4940,Transit,2025,Transiting Exoplanet Survey Satellite (TESS),1,1,89,6.61,25.867811,0.165,,643,1.012,1.163,5504,0.04766,345.659,58.2511684,-62.4079681
HD 160691 b,HD 160691,Radial Velocity,2000,Anglo-Australian Telescope,1,4,1366.66215,,645,1.5,0.0505,,1.13,1.33,5773,0.27848,15.5981,266.0361585,-51.8348751
Kepler-864 c,Kepler-864,Transit,2023,Kepler,1,2,3.26,1.62,2.42150341,0.0382,0,1532,1.27,1.195,6213,0.2078,2022.9,285.0570943,46.3206074
Kepler-1976 b,Kepler-1976,Transit Timing Variations,2023,Kepler,1,1,,12.21,4.959319244,0.0565,0,1103,0.976,1.082,5712,0.04119,1314.51,292.16706,48.7275345
Kepler-2000 c,Kepler-2000,Transit,2023,Kepler,1,2,3.09,1.57,20.6180348,0.1228,0,359,0.581,0.576,3757,-1.05272,320.588,285.5743032,49.9621218
TOI-521 b,TOI-521,Transit,2025,Transiting Exoplanet Survey Satellite (TESS),1,1,5.3,1.98,1.54285047,0.0195,0,794,0.42,0.421,3544,-1.5986,60.9425,123.3442567,12.2221079
TOI-1648 b,TOI-1648,Transit,2025,Transiting Exoplanet Survey Satellite (TESS),1,1,7.4,2.54,7.331602,0.0694,0.178,799,0.83,0.81,4850,-0.45377,69.835,45.4011794,69.2299235
OGLE-2016-BLG-1227L b,OGLE-2016-BLG-1227L,Microlensing,2020,OGLE,1,1,250,13.9,,3.4,,,0.1,,,,,265.597125,-33.7597778
Kepler-1992 b,Kepler-1992,Transit,2023,Kepler,1,1,0.693,0.91,15.6112238,0.1169,0,637,0.874,0.842,5383,-0.00858,532.955,295.0902409,45.0811045
WASP-20 b,WASP-20,Transit,2015,SuperWASP,2,1,98.841,15.46839337,4.89964477,0.05999,0,1362,1.2,1.242,5940,0.239,211.877,5.1605621,-23.9357894
OGLE-2014-BLG-1760L b,OGLE-2014-BLG-1760L,Microlensing,2016,OGLE,1,1,295.8982469,13.8,,1.887,,,0.803,,,,7056,269.409,-28.9620472
TOI-333 b,TOI-333,Transit,2025,Transiting Exoplanet Survey Satellite (TESS),1,1,20.1,4.26,3.7852503,0.049,0,1445,1.2,1.1,6241,0.21559,352.269,353.3574989,-41.1715206
WASP-120 b,WASP-120,Transit,2016,SuperWASP,1,1,1541.4755,15.58048317,3.61126721,0.0514,0.057,1749,1.393,1.68443,6450,0.67509,381.174,62.6160813,-45.8982434
WASP-94 B b,WASP-94 B,Radial Velocity,2014,SuperWASP,2,2,196.411,14.1,2.00839,0.0335,0,,1.24,1.35,6040,0.35112,208.696,313.7882932,-34.135724
TOI-2076 d,TOI-2076,Transit,2021,Transiting Exoplanet Survey Satellite (TESS),1,4,7.3,3.27,35.12803,0.1982,0.027,490,0.849,0.758,5187,-0.42285,41.9091,217.3920159,39.7903991
WASP-166 b,WASP-166,Transit,2019,WASP-South,1,1,32.10083,7.06167,5.44354,0.0641,0,1270,1.19,1.22,6050,0.2826,114.173,144.8751047,-20.9824191
TOI-4507 b,TOI-4507,Transit,2025,Transiting Exoplanet Survey Satellite (TESS),1,1,20,8.2,104.61611,0.456,0.09,562.01,1.11,1.04,6260,0.14922,178.26,80.4513677,-69.9882175
Kepler-1990 c,Kepler-1990,Transit,2023,Kepler,1,2,0.904,0.98,4.06844957,0.0504,0,1170,1.028,1.071,5751,0.11702,392.739,299.7047433,44.4357068
HD 220197 b,HD 220197,Radial Velocity,2018,Roque de los Muchachos Observatory,1,1,63.566,9.32,1728,2.729,0.187,,0.91,0.98,5683,-0.00343,64.411,350.4946927,16.6323305
HD 233832 b,HD 233832,Radial Velocity,2018,Roque de los Muchachos Observatory,2,1,565.7374,13.5,2058,2.827,0.359,,0.71,0.68,4981,-0.52273,58.742,171.5196515,50.3763099
Kepler-763 d,Kepler-763,Transit,2023,Kepler,1,3,3.43,1.67,6.50327035,0.0634,0,804,0.8,0.843,4999,-0.3339,962.459,292.1445534,47.1573604
Kepler-1814 c,Kepler-1814,Transit,2023,Kepler,1,2,3.75,1.76,0.626281766,0.0133,0,1711,0.79,0.823,4922,-0.50574,726.346,285.2166767,41.2824449
PSR B0329+54 b,PSR B0329+54,Pulsar Timing,2017,Multiple Facilities,1,1,1.97,1.22,10140,10.26,0.236,,1.44,,,,504.9331206,53.2472749,54.5791636
WASP-12 b,WASP-12,Transit,2008,SuperWASP,3,1,467.2101,22.02564708,1.091418901,0.0234,0.0447,2601,1.325,1.69,6265,0.59711,427.246,97.636645,29.6722662
WASP-19 b,WASP-19,Transit,2009,SuperWASP,1,1,366.7739817,15.86070769,0.78883852,0.01652,0.0126,2113,0.965,1.006,5616,-0.04335,268.325,148.4167672,-45.6591078
GJ 1061 d,GJ 1061,Radial Velocity,2020,La Silla Observatory,1,3,1.67,1.16,13.066,0.054,0.04,,0.12,0.156,2953,-2.76955,3.67278,54.0032486,-44.5143104
TOI-5349 b,TOI-5349,Transit,2026,Transiting Exoplanet Survey Satellite (TESS),1,1,127.4,10.2,3.317921,0.0369,0.03,719,0.61,0.58,3751,-1.20066,188.336,52.7125703,20.8796279
Kepler-1649 b,Kepler-1649,Transit,2017,Kepler,1,2,1.03,1.017,8.689099,0.0514,0,307,0.1977,0.2317,3240,-2.28735,92.1913,292.5029676,41.8299933
Kepler-1649 c,Kepler-1649,Transit,2020,Kepler,1,2,1.2,1.06,19.53527,0.0649,0,234,0.1977,0.2317,3240,-2.28735,92.1913,292.5029676,41.8299933
Kepler-1991 c,Kepler-1991,Transit,2023,Kepler,1,2,7.13,2.57,22.79020351,0.1528,0,634,0.914,1.053,5478,-0.1085,855.82,285.0360506,45.0709909
Kepler-1982 b,Kepler-1982,Transit,2023,Kepler,1,1,0.381,0.77,3.82315697,0.0511,0,1282,1.213,1.122,6202,0.37137,558.855,287.4099905,39.6586267
Kepler-29 c,Kepler-29,Transit,2011,Kepler,1,2,4.5,2.34,13.28613,0.10027,0,715,0.761,0.732,5378,-0.29687,832.532,298.348382,47.4913021
Kepler-297 d,Kepler-297,Transit,2023,Kepler,1,3,,32.6,150.0189511,0.523,0,325,0.846,0.897,5618,-0.09608,692.14,283.2091605,48.7776156
Kepler-1859 c,Kepler-1859,Transit,2023,Kepler,1,2,3.39,1.66,3.59645081,0.0473,0,1327,1.09,1.235,5887,0.15429,1331.25,293.9886751,46.7179996
USco1556 b,USco1556 A,Imaging,2019,Multiple Observatories,1,1,4767.45,12.3,,3500,,2240,0.33,0.668108,3410,-1.09,140.635,239.1037198,-25.6890476
Kepler-177 b,Kepler-177,Transit,2013,Kepler,1,2,5.84,3.5,36.8601,0.21101,0,549,0.921,1.324,5732,0.24,1435.44,286.0471442,45.0532038
Kepler-1996 c,Kepler-1996,Transit,2023,Kepler,1,2,8.3,2.81,92.7297248,0.3608,0,276,0.748,0.675,4580,-0.65721,440.561,285.2537555,46.5822183
Kepler-1988 b,Kepler-1988,Transit,2023,Kepler,1,1,2.96,1.53,11.49500229,0.1038,0,1105,1.127,1.788,6033,0.582,513.426,298.6738034,43.7955099
KOI-1783.02,KOI-1783,Transit,2020,Kepler,1,2,15,5.44,284.215,0.86695,0,321,1.076,1.143,5922,0.21302,865.73,289.3414629,46.988155
Kepler-2001 c,Kepler-2001,Transit,2023,Kepler,1,2,3.97,1.82,14.09258319,0.1084,0,597,0.864,0.77,5081,-0.54627,776.55,291.6594558,50.5838585
Kepler-1471 c,Kepler-1471,Transit,2023,Kepler,1,2,4.19,1.88,11.6044881,0.0981,0,841,0.934,1.166,5533,-0.19895,978.678,289.6649171,50.0200612
DMPP-8 b,DMPP-8,Radial Velocity,2026,Multiple Observatories,1,1,81.09,10.8,62.915,0.3098,0.275,,0.99,1.24,6009,0.23219,76.1335,305.3083517,-81.6166664
Kepler-164 e,Kepler-164,Transit,2023,Kepler,1,4,16.7,4.24,94.886902,0.4025,0,429,0.966,1.097,5888,0.11291,890.758,287.7808115,47.6298453
Kepler-1921 c,Kepler-1921,Transit,2023,Kepler,1,2,2.57,1.41,3.15722086,0.0454,0,1791,1.251,2,6120,0.80624,928.989,300.3161723,45.4953271
GJ 180 b,GJ 180,Radial Velocity,2014,Multiple Observatories,1,3,6.49,2.43,17.133,0.092,0.07,,0.43,0.413049,3371,-1.88606,11.9407,73.460097,-17.776194
HD 164922 c,HD 164922,Radial Velocity,2016,Multiple Observatories,1,4,13,3.66,75.74,0.341,0.12,400.5,0.926,0.946,5390,-0.14874,22.0016,270.6304652,26.3104077
Kepler-1998 b,Kepler-1998,Transit,2023,Kepler,1,1,0.156,0.6,3.03267135,0.0405,0,1187,0.962,0.921,5640,-0.0658,340.965,283.4291536,47.5923973
WASP-108 b,WASP-108,Transit,2020,Transiting Exoplanet Survey Satellite (TESS),1,1,283.502939,15.13212395,2.675552124,,0,1589,1.167,1.34415,6783,0.31716,258.777,195.8281644,-49.6397727
TOI-7510 c,TOI-7510,Transit,2025,Transiting Exoplanet Survey Satellite (TESS),1,3,131,10.81,22.5687423,0.1595,0.0091,702,1.063,1.035,5720,0.01115,249.006,273.728188,-54.4340547
KELT-20 b,KELT-20,Transit,2017,KELT-North,1,1,1074.90106,19.514869,3.4741085,0.0542,0,2262,1.76,1.565,8720,1.1038,136.426,294.6614126,31.2192001
TOI-6448 b,TOI-6448,Transit,2025,Transiting Exoplanet Survey Satellite (TESS),1,1,54,8.47398941,14.844261,0.131,0.2,745,1.03,0.897,5910,-0.04191,386.879,110.1704109,-33.9223285
WASP-8 b,WASP-8,Transit,2010,SuperWASP,2,2,807.2882,12.66617,8.15872,0.0801,0.31,1059,1.34,1.03,5600,-0.05754,89.9606,359.9008737,-35.0313349
OGLE-2018-BLG-1428L b,OGLE-2018-BLG-1428L,Microlensing,2021,OGLE,1,1,240,14,,3.3,,,0.43,,,,6220,265.548708,-26.1378889
OGLE-2017-BLG-1049L b,OGLE-2017-BLG-1049L,Microlensing,2020,OGLE,1,1,1760,12.8,,3.92,,,0.55,,,,5670,269.533542,-27.1442222
KMT-2019-BLG-0842L b,KMT-2019-BLG-0842L,Microlensing,2020,KMTNet,1,1,10.28,3.19,,3.31,,,0.76,,,,3320,268.458458,-29.8774389
Kepler-1684 b,Kepler-1684,Transit,2020,Kepler,1,1,8.6,2.87084792,47.7055,0.2253,0,347,0.75,0.666755,4706.54,-0.70657,621.996,294.0054181,46.3106625
Kepler-1679 b,Kepler-1679,Transit,2020,Kepler,1,1,4.93,2.0692036,9.75376,0.0892,0,813,0.96,0.873196,5501,-0.20132,909.28,293.9005786,50.4270507
KMT-2016-BLG-2397L b,KMT-2016-BLG-2397L,Microlensing,2020,KMTNet,1,1,836,13.2,,3.64,,,0.64,,,,4880,266.212542,-23.2013806
HD 107148 c,HD 107148,Radial Velocity,2021,Multiple Observatories,2,2,19.89605828,4.7,18.3267,0.1407,0.34,,1.105215,1.169193,5752.92,0.12081,49.4156,184.8059773,-3.3199927
Kepler-1687 b,Kepler-1687,Transit,2020,Kepler,1,1,3.38,1.65623882,5.77954,0.0532,0,598,0.65,0.726119,4132,-0.85865,417.014,289.7428363,50.7870626
Kepler-1688 b,Kepler-1688,Transit,2020,Kepler,1,1,2.13,1.26174569,5.62012,0.0577,0,772,0.814,0.746,4632.11,-0.636,567.4468709,289.5530051,41.2978532
Kepler-462 b,Kepler-462,Transit,2016,Kepler,1,2,53.9,3,84.6866,0.4172,0.042,611,1.59,1.57,7500,0.92588,596.625,299.8211502,43.8142793
OGLE-2017-BLG-0604L b,OGLE-2017-BLG-0604L,Microlensing,2020,OGLE,1,1,160,14.2,,4.06,,,0.7,,,,3950,267.891667,-30.9465556
MOA-2009-BLG-319L b,MOA-2009-BLG-319L,Microlensing,2010,MOA,1,1,67.3,9.64,,2.03,,,0.524,,,,7050,271.742208,-26.8196917
HD 160691 d,HD 160691,Radial Velocity,2004,La Silla Observatory,1,4,10.49,3.23,9.6392,0.0952,0,900,1.13,1.33,5773,0.27848,15.5981,266.0361585,-51.8348751
HD 136925 b,HD 136925,Radial Velocity,2021,Multiple Observatories,1,1,266.9758619,13.9,4540,5.13,0.103,,0.875104,1.193078,5773.19,0.13441,47.874,230.7157509,13.3663117
HD 156668 c,HD 156668,Radial Velocity,2021,Multiple Observatories,1,2,31.49679513,6.17,811.3,1.57,0.089,,0.785167,0.774528,4903.69,-0.54025,24.3323,259.4183491,29.228161
Kepler-462 c,Kepler-462,Transit,2020,Kepler,1,2,6,4,207.62,0.7584,0.11,453,1.59,1.57,7500,0.92588,596.625,299.8211502,43.8142793
HD 164922 e,HD 164922,Radial Velocity,2021,Multiple Observatories,1,4,10.52012027,3.23,41.763,0.2292,0.086,,0.921146,1.001813,5393.43,-0.15304,22.0016,270.6304652,26.3104077
EPIC 201757695.02,EPIC 201757695,Transit,2020,K2,1,1,0.688,0.90819,2.0478,0.0296,0,,0.727,0.655,4520,-0.36351,577.6,173.9385102,4.6164303
KMT-2023-BLG-0548L b,KMT-2023-BLG-0548L,Microlensing,2025,KMTNet,1,1,1086.973152,13.1,,6.85,,,0.72,,,,6830,270.347625,-27.10675
KMT-2024-BLG-2059L b,KMT-2024-BLG-2059L,Microlensing,2025,KMTNet,1,1,6.99222495,2.54,,2.55,,,0.51,,,,6070,270.92975,-28.5681889
Kepler-1664 b,Kepler-1664,Transit,2020,Kepler,1,1,9.45,3.03320653,14.3868,0.1137,0,776,0.944,1.072,5735.81,0.0501,626.691,286.8527157,49.2616668
Kepler-1001 c,Kepler-1001,Transit,2020,Kepler,1,2,3.11,1.57799279,9.18186,0.08296,0,804,0.93,0.836475,5376,-0.27856,928.978,286.2739151,48.6186972
HD 3765 b,HD 3765,Radial Velocity,2021,Multiple Observatories,1,1,54.98431441,8.56,1211,2.108,0.298,,0.851785,0.83061,5049.8,-0.41634,17.926,10.2072994,40.1842918
Kepler-1701 b,Kepler-1701,Transit,2020,Kepler,1,1,5.57,2.22186207,169.134,0.5738,0,273,0.87,0.840217,5146,-0.35064,584.142,286.6088625,41.8892986
Kepler-1702 b,Kepler-1702,Transit,2020,Kepler,1,1,3.2,1.60190793,18.5012,0.1275,0,555,0.85,0.725742,5093,-0.49585,857.14,284.9724842,44.5674794
MOA-2013-BLG-220L b,MOA-2013-BLG-220L,Microlensing,2014,MOA,1,1,871,13.2,,3.03,,,0.88,,,,6720,270.985417,-29.5447222
HD 4760 b,HD 4760,Radial Velocity,2021,Multiple Observatories,1,1,4417.837,12.3,434,1.14,0.23,,1.05,42.4,4076,2.93,537.873,12.4161652,6.4071412
Kepler-1665 b,Kepler-1665,Transit,2020,Kepler,1,1,8.44,2.83910787,11.9548,0.096,0,906,0.842,0.777785,5049.84,-0.45048,335.515,290.39624,41.0399229
Kepler-1698 b,Kepler-1698,Transit,2020,Kepler,1,1,1.25,1.07315686,1.2107,0.02065,0,1351,0.822,0.741698,4975.03,-0.51767,222.345,293.3450181,39.2577469
TYC 0434-04538-1 b,TYC 0434-04538-1,Radial Velocity,2021,Multiple Observatories,1,1,1938.763,12.7,193.2,0.66,0.08,,1.04,9.99,4679,1.67,613.422,271.3396528,2.0622774
Kepler-1700 b,Kepler-1700,Transit,2020,Kepler,1,1,8.76,2.90129941,234.239,0.76094,0,329,1.12,1.0937,6031,0.15405,717.597,286.9497376,45.3537626
Kepler-1697 b,Kepler-1697,Transit,2020,Kepler,1,1,2.12,1.25954761,33.4969,0.2008,0,630,0.747,0.772344,4681.53,-0.58813,247.771,287.663331,43.4713782
Gl 686 b,Gl 686,Radial Velocity,2018,Roque de los Muchachos Observatory,1,1,6.624,2.46,15.53,0.091,0.05,379,0.426,0.427,3656,-1.53,8.15728,264.4764878,18.5959509
HD 180617 b,HD 180617,Radial Velocity,2018,Calar Alto Observatory,2,1,12.214,3.53,105.911,0.343,0.101,,0.484,0.481,3534,-1.49,5.91059,289.2277322,5.1631615
HD 13808 b,HD 13808,Radial Velocity,2021,La Silla Observatory,1,2,11.2,3.35,14.1815,0.10519,0.071,,0.771,0.781,5035,-0.43455,28.2305,33.1780708,-53.7437591
HD 13808 c,HD 13808,Radial Velocity,2021,La Silla Observatory,1,2,9.96,3.13,53.753,0.2554,0.156,,0.771,0.781,5035,-0.43455,28.2305,33.1780708,-53.7437591
HATS-37 A b,HATS-37 A,Transit,2020,HATSouth,2,1,31.46517,6.792654,4.3315366,0.04913,0,1085,0.843,0.877,5326,-0.25571,211.896,199.80183,-22.9868431
HD 216520 c,HD 216520,Radial Velocity,2020,Multiple Observatories,1,2,9.44,3.03,154.43,0.528,0.12,,0.82,0.76,5103,-0.452,19.552,341.8768719,83.6975307
HIP 107772 b,HIP 107772,Radial Velocity,2020,Multiple Observatories,1,1,12.9,3.64,55.199,0.243,0.18,,0.63,0.513922,4006,-1.16322,23.6434,327.4977057,-41.2440371
HD 238090 b,HD 238090,Radial Velocity,2020,Multiple Observatories,1,1,6.89,2.52,13.671,0.0932,0.3,469.6,0.578,0.57,3933,-1.15366,15.2354,183.0886375,54.486153
Kepler-1667 b,Kepler-1667,Transit,2020,Kepler,1,1,9.19,2.98385261,83.5781,0.35905,0,655,1.09,1.08751,5941.54,0.12316,626.819,283.5329505,48.0943604
GJ 414 A c,GJ 414 A,Radial Velocity,2021,W. M. Keck Observatory,2,2,53.83,8.4,749.83,1.4,0.105,124.7,0.65,0.68,4120,-0.92445,11.8893,167.7745044,30.4451688
GJ 414 A b,GJ 414 A,Radial Velocity,2021,W. M. Keck Observatory,2,2,7.6,2.63,50.8,0.2324,0.45,308.6,0.65,0.68,4120,-0.92445,11.8893,167.7745044,30.4451688
Kepler-1669 b,Kepler-1669,Transit,2020,Kepler,1,3,8.15,2.78043818,9.51216,0.0745,0,530,0.67,0.714145,4303,-0.80265,543.444,297.4303826,39.8478795
Kepler-1663 b,Kepler-1663,Transit,2020,Kepler,1,1,10.9,3.30395896,17.6046,0.1072,0,362,0.610816,0.62859,3844,-1.10944,337.926,290.4015156,48.8227234
Kepler-1675 b,Kepler-1675,Transit,2020,Kepler,1,1,9.93,3.12483349,63.0382,0.32185,0,465,1.06,1.12865,5853.19,0.12938,651.117,283.8095478,41.0412517
Kepler-1676 b,Kepler-1676,Transit,2020,Kepler,1,1,11.3,3.3769596,29.9221,0.1954,0,782,1.07,1.06066,5878.3,0.0835,,287.2368778,43.5671665
K2-340 b,K2-340,Transit,2021,K2,1,1,11.2,3.36,29.740451,,,606,0.93,1.13,5532,-0.00232,738.136,127.9373409,19.0745863
EPIC 206024342 d,EPIC 206024342,Transit,2021,K2,1,3,7.27,2.6,14.647531,,,,0.928,1.1,5724,-0.16992,369.888,331.2771441,-14.1218019
EPIC 206024342 c,EPIC 206024342,Transit,2021,K2,1,3,2.54,1.4,0.911724,,,,0.928,1.1,5724,-0.16992,369.888,331.2771441,-14.1218019
KOI-3503 b,KOI-3503,Transit,2021,Kepler,1,2,9.2,1.19,21.185,0.14247,0,785,0.858,1.255,6001,0.30005,887.064,293.1507654,41.7291532
KOI-1831 d,Kepler-324,Transit,2021,Kepler,1,4,2.23,1.13,34.169,0.19924,0,475,0.901,0.835,5233,-0.30825,501.574,286.4714473,49.6490933
K2-345 b,K2-345,Transit,2021,K2,1,1,5.1,2.11,10.367437,,,437,0.56,0.52,3779,-1.32045,162.408,132.7075876,21.7890367
EPIC 206042996 c,EPIC 206042996,Transit,2021,K2,1,2,1.87,1.2,0.354884,,,,0.565,0.5,4114,-0.97996,451.769,337.5136198,-13.6101475
KOI-1833 d,Kepler-968,Transit,2021,Kepler,1,3,11.02,2.58,7.685,0.0634,0,613,0.681,0.667,4413,-0.7626,290.324,285.6025889,50.1120401
KOI-3503 c,KOI-3503,Transit,2021,Kepler,1,2,10.36,1.21,31.828,0.18688,0,686,0.858,1.255,6001,0.30005,887.064,293.1507654,41.7291532
HIP 75092 b,HIP 75092,Radial Velocity,2021,Multiple Observatories,1,1,568.9128485,13.5,926.4,2.02,0.42,,1.28,4.53,4891,1.01995,81.6696,230.1724206,-25.9910525
KMT-2018-BLG-1976L b,KMT-2018-BLG-1976L,Microlensing,2021,KMTNet,1,1,705.5790635,13.3,,3.54,,,0.65,,,,5840,266.3546667,-35.7003306
OGLE-2019-BLG-0954L b,OGLE-2019-BLG-0954L,Microlensing,2021,OGLE,1,1,4513.163379,12.3,,2.65,,,0.8,,,,3630,267.91325,-29.611
K2-347 b,K2-347,Transit,2021,K2,1,1,6.39,2.41,7.187257,,,640,0.66,0.63,4599,-0.89434,320.336,126.3726821,23.2974061
DMPP-6 c,DMPP-6,Radial Velocity,2026,Multiple Observatories,1,2,13.47,3.74,36.441,0.2206,0.31,,1.079,1.27,6182.09,0.31544,54.6303,120.3857827,-70.0234291
DMPP-2 d,DMPP-2,Radial Velocity,2026,Multiple Observatories,1,3,91.79,11.6,16.491,0.1432,0.1,,1.41,1.78,6500,0.1038,137.94,27.407731,-34.4590985
KMT-2018-BLG-1025L b,KMT-2018-BLG-1025L,Microlensing,2021,KMTNet,1,1,6.059,2.34,,1.305,,,0.219,,,,6705,269.8664167,-27.8780611
K2-350 c,K2-350,Transit,2016,K2,1,2,7.95,2.74,19.991944,,,687,0.98,1.04,5789,-0.01175,489.368,204.0355092,-14.0092516
K2-349 b,K2-349,Transit,2021,K2,1,1,2.48,1.38,9.032178,,,518,0.54,0.49,4385,-0.36582,453.567,199.0996546,-14.4447454
K2-351 b,K2-351,Transit,2021,K2,1,1,6.99,2.54,7.806164,,,934,1.02,1.05,5769,0.02389,694.734,206.6522408,-11.8049588
HD 93385 c,HD 93385,Radial Velocity,2021,La Silla Observatory,1,3,7.1,2.56,13.18,0.112,0.2,,1.04,1.18484,5977,0.20683,43.3475,161.5627065,-41.464604
HD 93385 b,HD 93385,Radial Velocity,2021,La Silla Observatory,1,3,4.2,1.88,7.3426,0.0756,0.295,,1.04,1.18484,5977,0.20683,43.3475,161.5627065,-41.464604
K2-280 b,K2-280,Transit,2018,K2,1,1,37.1,7.5,19.89526,0.1461,0.35,787,1.03,1.28,5500,0.13976,391.537,291.5953596,-22.2477071
K2-185 b,K2-185,Transit,2018,K2,1,2,1.6,1.15,10.616384,,,809,0.96,0.94,5788,-0.09029,268.357,130.2596625,14.6902225
K2-185 c,K2-185,Transit,2018,K2,1,2,6.3,2.39,52.713494,,,477,0.96,0.94,5788,-0.09029,268.357,130.2596625,14.6902225
HD 203030 b,HD 203030,Imaging,2006,Palomar Observatory,1,1,3496.112477,14.4595851,,487.1,,1040,0.94,0.856458,5603,-0.2272,39.2503,319.7432238,26.2305846
HD 96700 d,HD 96700,Radial Velocity,2021,La Silla Observatory,1,3,12.7,3.61,103.5,0.424,0.27,,0.89,1.16,5845,0.13988,25.4111,166.9742616,-30.1751383
HD 96700 b,HD 96700,Radial Velocity,2021,La Silla Observatory,1,3,8.9,2.93,8.1245,0.0777,0.138,,0.89,1.16,5845,0.13988,25.4111,166.9742616,-30.1751383
K2-331 c,K2-331,Transit,2021,K2,1,2,7.85,2.72,22.996591,,,673,1.1,1.06,5994,0.05943,211.43,132.7376431,13.170269
OGLE-2018-BLG-1185L b,OGLE-2018-BLG-1185L,Microlensing,2021,OGLE,1,1,8.4,2.83,,1.54,,,0.37,,,,7400,269.79275,-27.8350833
HD 27969 b,HD 27969,Radial Velocity,2021,Haute-Provence Observatory,1,1,1525.576354,12.9,654.5,1.552,0.182,261,1.16,1.27,5966,0.5282,67.9328,66.7068364,42.90872
K2-342 b,K2-342,Transit,2021,K2,1,1,4.78,2.03,11.561052,,,861,1.01,1.09,5920,0.09264,208.357,133.1218996,21.2386816
HD 115954 b,HD 115954,Radial Velocity,2021,Haute-Provence Observatory,1,1,2685.650039,12.6,3700,5,0.487,144.9,1.18,1.213,5957,0.4809,87.6437,199.9853694,38.3691383
HD 211403 b,HD 211403,Radial Velocity,2021,Haute-Provence Observatory,1,1,1760.769375,12.8,223.8,0.768,0.084,380,1.2,1.206,6273,0.36406,83.0919,333.8158177,58.2755601
HD 109286 b,HD 109286,Radial Velocity,2021,Haute-Provence Observatory,1,1,950.3069369,13.2,520.1,1.259,0.338,259.4,0.98,1.089,5694,-0.08393,55.4156,188.3958418,7.2809064
CD Cet b,CD Cet,Radial Velocity,2020,Calar Alto Observatory,1,1,3.95,1.82,2.2907,0.0185,,464,0.161,0.175,3130,-2.53254,8.60715,48.3530155,4.7751881
GJ 9689 b,GJ 9689,Radial Velocity,2020,Roque de los Muchachos Observatory,1,1,9.65,3.07,18.27,0.1139,0.29,453.04,0.59,0.57,3836,-1.2,30.6203,303.467731,13.3888921
G 264-012 b,G 264-012,Radial Velocity,2021,Calar Alto Observatory,1,2,2.5,1.39,2.30538,0.02279,,587,0.297,0.305,3326,-1.97224,16.009,326.6719598,66.803848
K2-352 d,K2-352,Transit,2021,K2,1,3,5.6,2.23,14.871387,,,727,0.98,0.95,5791,-0.06326,176.051,140.4451478,18.469628
K2-187 c,K2-187,Transit,2018,K2,1,4,2.54,1.4,2.871512,0.0392,,1173,0.966999,0.83,5438,-0.19607,330.916,132.5235618,23.1924709
K2-268 f,K2-268,Transit,2021,K2,1,5,5.6,2.23,26.27057,,,492,0.84,0.78,5106,-0.42942,327.783,133.7094899,11.8482712
K2-282 b,K2-282,Transit,2018,K2,1,2,6.8,2.5,4.169783,0.0499,,1057,0.94,1,5499,-0.21463,496.289,13.4321524,7.9952914
K2-156 b,K2-156,Transit,2018,K2,1,1,1.37,1.1,0.813143,0.0149,,1347,0.66,0.62,4460,-0.83803,150.21,182.699673,-6.2943552
CFHTWIR-Oph 98 b,CFHTWIR-Oph 98 A,Imaging,2021,Hubble Space Telescope,1,1,2479.061575,20.8487041,8040000,200,,1800,0.0147,0.245,2320,-2.85,,246.934277,-23.98115
EPIC 212297394 b,EPIC 212297394,Transit,2019,K2,1,2,2.79,1.48,2.289363,,,1149,0.83,0.8,5171,-0.46654,418.395,207.2061241,-17.6098985
K2-187 b,K2-187,Transit,2018,K2,1,4,1.87,1.2,0.77401,0.0164,,1815,0.966999,0.83,5438,-0.19607,330.916,132.5235618,23.1924709
K2-210 b,K2-210,Transit,2018,K2,1,1,0.566,0.86,0.57023,,,,0.911717,0.89,5500,-0.24869,176.51,17.6412694,1.5784137
Kepler-129 d,Kepler-129,Radial Velocity,2021,W. M. Keck Observatory,1,3,2637.975778,12.6,2646,4,0.15,,1.178,1.653,5770,0.46365,408.845,285.3111845,47.8484775
EPIC 212587672 b,EPIC 212587672,Transit,2019,K2,1,2,2.13,1.26,15.28078,,,756,0.99,0.98,6004,0.03848,320.07,205.4445125,-10.8625468
K2-223 c,K2-223,Transit,2018,K2,1,2,2.86,1.5,4.562546,0.0549,,1091,1.06,1,5859,-0.03543,198.604,185.306183,-10.2820915
K2-223 b,K2-223,Transit,2018,K2,1,2,0.64,0.89,0.50557,0.0127,,2271,1.06,1,5859,-0.03543,198.604,185.306183,-10.2820915
EPIC 212624936 c,EPIC 212624936,Transit,2021,K2,1,2,5.9,2.3,11.811437,,,,1,0.93,5765,-0.12371,561.929,210.6376171,-10.0236852
K2-137 b,K2-137,Transit,2017,K2,1,1,158.915,0.64,0.179719,0.0058,0,1471,0.463,0.29,3697,-1.48388,98.8765,186.870426,-6.1952168
K2-354 b,K2-354,Transit,2021,K2,1,1,3.05,1.56,3.793306,,,543,0.43,0.41,3669,-1.6137,91.722,129.1299193,10.1472175
EPIC 206215704 b,EPIC 206215704,Transit,2019,K2,1,1,0.972,1,2.255436,,,,0.407,0.25,3297,-2.08843,109.888,335.0949721,-9.5097112
K2-332 b,K2-332,Transit,2021,K2,1,1,5.48,2.2,17.70632,,,266,0.27,0.28,3315,-2.06542,123.202,135.8832666,14.2504994
BD+63 1405 b,BD+63 1405,Radial Velocity,2021,Haute-Provence Observatory,1,1,3305.415433,12.4,1198.48,2.06,0.88,,0.816,0.804724,5000,-0.41295,38.0473,271.3979337,63.6700064
HD 155193 b,HD 155193,Radial Velocity,2021,Haute-Provence Observatory,1,1,238.3713053,14,352.65,1.04,0.21,,1.221,1.76439,6239,0.6411,57.7995,257.4208876,10.0381003
Kepler-1788 b,Kepler-1788,Transit,2021,Kepler,1,1,6.25,2.37850461,2.800120115,0.0343,0,956,0.686,0.704,4786,-0.61055,560.445,291.2243829,45.7780993
Kepler-1861 b,Kepler-1861,Transit,2021,Kepler,1,1,5.5,2.20677414,40.0306015,0.24082,0,617,1.161,1.373,5855,0.30017,829.985,295.8465148,49.9361586
K2-273 b,K2-273,Transit,2018,K2,1,1,9.53,3.05,11.7195663,0.0729,,849,0.89,0.85,5161,-0.35279,308.105,129.7768928,19.0100046
K2-272 b,K2-272,Transit,2018,K2,1,1,9.96,3.13,14.4536756,0.1007,,747,0.86,0.83,5397,-0.30214,423.065,132.6211743,17.5423852
Kepler-1712 b,Kepler-1712,Transit,2021,Kepler,1,1,5.83,2.28372556,13.81499958,0.0903,0,391,0.515,0.509,3732,-1.17916,156.264,284.998698,50.1466922
Kepler-1789 b,Kepler-1789,Transit,2021,Kepler,1,1,8.4,2.83137505,80.23190308,0.3543,0,380,0.92,0.888,5436,-0.23129,611.461,282.8631419,41.7966332
Kepler-1790 b,Kepler-1790,Transit,2021,Kepler,1,1,10,3.1446145,31.58889961,0.20989,0,682,1.02,1.367,5866,0.38334,1070.17,294.5668577,46.0757312
Kepler-1862 b,Kepler-1862,Transit,2021,Kepler,1,1,5.49,2.203,16.05730057,0.1199,0,645,0.9,0.806,5644,-0.21515,1232.19,296.7533555,49.3780726
Kepler-1865 b,Kepler-1865,Transit,2021,Kepler,1,1,3.11,1.57686072,2.524009943,0.0344,0,1203,0.849,0.871,5420,-0.32913,922.255,293.941238,41.5904136
K2-122 b,K2-122,Transit,2017,K2,2,1,1.65,1.16,2.2193023,0.0373,0.21,769,0.63,0.59,4009,-1.10237,72.0444,126.4762179,20.3593384
K2-274 b,K2-274,Transit,2018,K2,1,1,4.98,2.08,14.1330314,0.0964,,655,0.79,0.7,5044,-0.50903,228.327,129.2823699,20.3992512
Kepler-1767 b,Kepler-1767,Transit,2021,Kepler,1,1,9.34,3.01299077,59.65829849,0.2873,0,393,0.887,0.831,5243,-0.50273,820.506,293.6441248,46.9896696
Kepler-1765 b,Kepler-1765,Transit,2021,Kepler,1,1,6.78,2.49508857,10.41889954,0.0917,0,855,0.946,1.064,5692,-0.136,764.456,298.0144601,42.9574314
Kepler-1766 b,Kepler-1766,Transit,2021,Kepler,1,1,5.81,2.27904508,105.0149994,0.4161,0,406,0.915,1.042,5868,0.17488,501.229,294.2772343,46.6752351
Kepler-1792 b,Kepler-1792,Transit,2021,Kepler,1,1,6.89,2.51990972,4.1957798,0.0488,0,1047,0.878,1.005,5229,-0.50826,601.029,294.8400788,39.0859757
Kepler-1090 c,Kepler-1090,Transit,2021,Kepler,1,2,10.9,3.29265785,42.42720032,0.22622,0,496,0.869,1.013,5330,-0.14595,858.77,295.6629002,44.5258237
Kepler-1311 d,Kepler-1311,Transit,2021,Kepler,1,3,67.5,9.65837605,197.5110016,0.68434,0,391,1.032,1.674,5616,0.47186,866.331,289.6512597,43.8244445
Kepler-1761 b,Kepler-1761,Transit,2021,Kepler,1,1,2.51,1.39109603,4.043540001,0.0413,0,613,0.573,0.532,3871,-1.1701,221.186,284.1329728,49.1426325
Kepler-1777 b,Kepler-1777,Transit,2021,Kepler,1,1,5.19,2.13189678,12.18420029,0.10301,0,819,0.984,1.068,5771,-0.03321,619.146,290.3286455,37.7231188
Kepler-1794 b,Kepler-1794,Transit,2021,Kepler,1,1,3.87,1.79426276,9.762980461,0.0821,0,703,0.773,0.816,5052,-0.6106,561.229,300.6196594,45.7888068
Kepler-1868 b,Kepler-1868,Transit,2021,Kepler,1,1,10.1,3.14950109,211.0339966,0.62348,0,215,0.743,0.686,4658,-0.66249,274.18,293.2983733,43.5558025
Kepler-1872 b,Kepler-1872,Transit,2021,Kepler,1,1,6.28,2.38421141,3.825910091,0.0465,0,1005,0.913,0.885,5223,-0.50562,840.182,281.0491988,43.3225996
HD 22496 b,HD 22496,Radial Velocity,2021,Paranal Observatory,1,1,5.57,2.22,5.09071,0.051,,573,0.684,0.674,4385,-1.17393,13.5956,53.7565398,-48.4178173
Kepler-1775 b,Kepler-1775,Transit,2021,Kepler,1,1,12.9,3.64762153,85.65399933,0.39565,0,522,1.149,1.647,5818,0.24607,657.023,286.4023452,38.7385674
Kepler-1772 b,Kepler-1772,Transit,2021,Kepler,1,1,7.68,2.68609988,3.215090036,0.04391,0,1155,0.942,0.934,5541,0.47201,871.564,289.4381201,39.2703594
Kepler-1796 b,Kepler-1796,Transit,2021,Kepler,1,1,8,2.75047868,29.4557991,0.1879,0,598,1.018,0.949,6036,0.11795,825.883,301.5430397,44.6056251
Kepler-1797 b,Kepler-1797,Transit,2021,Kepler,1,1,9.58,3.05774442,23.3593998,0.1637,0,684,1.069,1.009,6244,0.06183,1338.49,292.4642406,45.9682799
Kepler-1714 b,Kepler-1714,Transit,2021,Kepler,1,1,10.7,3.26437302,10.27530003,0.10549,0,1211,1.448,2.086,6150,0.76008,409.46,293.7164655,46.2266878
Kepler-1874 b,Kepler-1874,Transit,2021,Kepler,1,1,5.52,2.21110724,56.57320023,0.2633,0,356,0.758,0.775,4701,-0.577,408.007,286.3718158,43.692081
OGLE-2018-BLG-0962L b,OGLE-2018-BLG-0962L,Microlensing,2021,OGLE,1,1,425.8900654,13.6,,3.59,,,0.54,,,,6500,268.1747917,-32.30925
Kepler-1774 b,Kepler-1774,Transit,2021,Kepler,1,1,10.2,3.18179549,59.77080154,0.29496,0,522,1.101,1.122,6214,0.19049,816.592,288.5743991,40.9886069
Kepler-799 c,Kepler-799,Transit,2021,Kepler,1,2,8.15,2.78068551,15.19419956,0.1214,0,893,1.031,1.593,5588,0.349,1509.084,287.1748966,44.8784754
Kepler-1822 b,Kepler-1822,Transit,2021,Kepler,1,1,7.5,2.64755943,22.13339996,0.1416,0,507,0.782,0.702,5165,-0.28559,897.597,297.2855,41.3055733
Kepler-1875 b,Kepler-1875,Transit,2021,Kepler,1,1,10.5,3.22686692,34.45859909,0.2039,0,559,0.95,0.862,6161,0.4066,1660.45,296.7727406,50.1883667
HD 137496 b,HD 137496,Transit,2021,K2,1,2,4.04,1.31,1.62116,0.02732,0,2130,1.04,1.59,5799,0.36633,155.317,231.7420543,-16.5090014
Kepler-1824 b,Kepler-1824,Transit,2021,Kepler,1,1,6.26,2.38127597,95.61100006,0.4267,0,421,1.135,1.081,6002,0.171,1040.1,296.7071957,41.2036197
Kepler-1825 b,Kepler-1825,Transit,2021,Kepler,1,1,2.61,1.42200732,1.025869966,0.0187,0,1520,0.828,0.847,5123,-0.53158,430.254,292.5140647,42.6517554
Kepler-1826 b,Kepler-1826,Transit,2021,Kepler,1,1,2.78,1.47519116,1.615360022,0.0213,0,806,0.49,0.486,3821,-1.12218,336.952,292.7700072,48.8998469
Kepler-1130 c,Kepler-1130,Transit,2021,Kepler,2,3,0.422,0.79239584,3.266639948,0.04238,0,1072,0.944,0.842,5450,-0.25964,249.343,285.207421,45.384333
KMT-2016-BLG-2605L b,KMT-2016-BLG-2605L,Microlensing,2021,KMTNet,1,1,245.0457018,14,,0.681,,,0.064,,,,6421,269.8230833,-26.982
HD 137496 c,HD 137496,Radial Velocity,2021,Multiple Observatories,1,2,2434.565598,12.6,479.9,1.2163,0.477,370,1.04,1.59,5799,0.36633,155.317,231.7420543,-16.5090014
Kepler-1782 b,Kepler-1782,Transit,2021,Kepler,1,1,5.6,2.22927435,5.756229877,0.05825,0,773,0.794,0.734,4931,-0.55623,305.792,280.926162,44.0878036
Kepler-1768 b,Kepler-1768,Transit,2021,Kepler,1,1,5.62,2.23346338,15.13589954,0.1286,0,933,1.24,1.572,6050,0.28665,632.766,299.9572335,44.7718851
Kepler-1830 b,Kepler-1830,Transit,2021,Kepler,1,1,11.1,3.32992941,56.49330139,0.31769,0,681,1.443,2.046,6160,0.63129,1056.88,295.1390408,40.9790527
Kepler-1881 b,Kepler-1881,Transit,2021,Kepler,1,1,9.17,2.98104391,159.3939972,0.53325,0,289,0.812,0.874,5135,-0.3067,1057.21,293.6393065,44.9825447
Kepler-1882 b,Kepler-1882,Transit,2021,Kepler,1,1,2.81,1.48674404,13.78730011,0.11636,0,894,1.068,1.458,5691,0.23674,443.371,290.6640856,43.4997866
Kepler-1733 b,Kepler-1733,Transit,2021,Kepler,1,1,12.8,3.63582354,9.229579926,0.0933,0,1021,1.273,1.252,6320,0.42985,2080.51,291.1384628,37.8592447
Kepler-1779 b,Kepler-1779,Transit,2021,Kepler,1,1,9.44,3.03295685,16.34359932,0.1264,0,730,1.008,1.056,5730,-0.04999,908.501,300.4174607,45.6054854
Kepler-1776 b,Kepler-1776,Transit,2021,Kepler,1,1,7.33,2.61157023,35.01190186,0.2093,0,603,1.041,1.153,5872,0.16391,690.336,291.5344017,47.0424958
Kepler-1832 b,Kepler-1832,Transit,2021,Kepler,1,1,2.02,1.22719556,3.138789892,0.037,0,1022,0.684,0.722,5242,-0.33658,486.174,299.8517779,43.7320611
Kepler-1883 b,Kepler-1883,Transit,2021,Kepler,1,1,10.6,3.25107395,103.427002,0.4438,0,416,1.086,1.024,6208,-0.01559,1377.61,291.922557,42.002522
Kepler-1884 b,Kepler-1884,Transit,2021,Kepler,1,1,3.95,1.81406781,8.988320351,0.0845,0,864,0.993,0.906,5984,0.27711,1443.09,296.7463986,43.0454207
Kepler-1737 b,Kepler-1737,Transit,2021,Kepler,1,1,25.1,5.395,64.61750031,0.297,0,383,0.834,0.881,5043,-0.344,,297.0148111,47.486417
Kepler-1739 b,Kepler-1739,Transit,2021,Kepler,1,1,6.48,2.43056832,7.343709946,0.0697,0,839,0.865,0.762,5757,-0.14011,783.666,296.2320536,47.6788626
Kepler-1771 b,Kepler-1771,Transit,2021,Kepler,1,1,15.5,4.05537256,88.64399719,0.3815,0,391,0.941,0.934,5661,-0.0924,565.752,292.0134714,49.0191267
Kepler-1799 b,Kepler-1799,Transit,2021,Kepler,1,1,15.9,4.12801189,11.9296999,0.1028,0,770,1.016,0.921,5831,0.31428,2254.69,288.3086994,51.4783348
Kepler-1838 b,Kepler-1838,Transit,2021,Kepler,1,1,3.4,1.66049425,12.14680004,0.11082,0,1097,1.187,1.963,5877,0.53674,451.242,298.9917165,40.14226
TCP J05074264+2447555 b,TCP J05074264+2447555,Microlensing,2018,Multiple Observatories,1,1,20,4.72,,0.94,,,0.586,1.42487,5805,0.31745,505,76.928,24.7989611
Kepler-418 c,Kepler-418,Transit,2021,Kepler,1,2,23.7,5.22108654,12.21829987,0.10632,0,835,0.957,1.081,5822,0.11114,1002.53,294.4335228,38.3554729
Kepler-1750 b,Kepler-1750,Transit,2021,Kepler,1,1,30.1,6.00434637,205.9120026,0.6785,0,298,0.981,0.969,5644,0.06117,1497.33,292.3514917,48.5110714
Kepler-1801 b,Kepler-1801,Transit,2021,Kepler,1,2,7.8,2.70926154,10.44089985,0.0915,0,829,0.936,0.981,5738,-0.22269,839.332,295.1640095,39.2014024
Kepler-1804 b,Kepler-1804,Transit,2021,Kepler,1,1,3.18,1.59615726,12.28849983,0.1017,0,913,0.929,1.671,5109,-0.51152,434.456,301.3428675,44.672175
Kepler-1840 b,Kepler-1840,Transit,2021,Kepler,1,1,8.13,2.77771129,131.1900024,0.46206,0,284,0.774,0.803,4898,-0.58706,513.107,298.5948803,41.4359643
Kepler-1715 b,Kepler-1715,Transit,2021,Kepler,1,1,16,4.14042267,35.59730148,0.22429,0,646,1.082,1.209,6212,0.41691,522.605,293.9297337,41.6029048
HD 25723 b,HD 25723,Radial Velocity,2020,Lick Observatory,1,1,794.5710175,13.3,457.01,1.49,0.04,,2.12,13.76,4766,1.94443,114.816,61.0947182,-12.7922241
17 Sco b,17 Sco,Radial Velocity,2020,Lick Observatory,1,1,1373.018718,12.9,578.38,1.45,0.06,,1.22,25.92,4157,2.25435,124.953,243.4620874,-11.8377905
Kepler-1748 b,Kepler-1748,Transit,2021,Kepler,1,1,7.81,2.71275017,5.823520184,0.0615,0,955,0.916,0.864,5774,-0.34954,1083.28,285.967897,45.7390789
Kepler-1747 b,Kepler-1747,Transit,2021,Kepler,1,1,16.8,4.26508,6.230319977,0.066,0,875,0.983,0.865,5477,-0.20529,1321.38,284.2096557,45.258082
Kepler-1805 b,Kepler-1805,Transit,2021,Kepler,1,1,3,1.54502915,8.847940445,0.0699,0,479,0.581,0.552,3867,-1.17695,221.639,285.0865387,40.8990506
Kepler-1742 b,Kepler-1742,Transit,2021,Kepler,1,1,5.38,2.1782413,49.47819901,0.2587,0,462,0.939,0.849,5776,-0.18376,669.573,286.9668086,44.9924315
Kepler-1741 b,Kepler-1741,Transit,2021,Kepler,1,1,2.16,1.273,2.757590055,0.0296,0,615,0.454,0.424,3683,-1.24232,270.739,292.577073,39.120939
Kepler-1809 b,Kepler-1809,Transit,2021,Kepler,1,1,2.9,1.513,3.7572999,0.04444,0,877,0.807,0.716,4901,-0.47061,409.602,290.2651662,40.5484937
Kepler-1810 b,Kepler-1810,Transit,2021,Kepler,1,1,14.6,3.91815325,101.1330032,0.4137,0,380,0.921,1.016,5492,-0.15834,1009.87,291.8129995,38.0880964
Kepler-1846 b,Kepler-1846,Transit,2021,Kepler,1,1,3.76,1.76378826,14.82009983,0.11054,0,552,0.785,0.732,4825,-0.53047,374.615,294.3909489,44.7629523
Kepler-1847 b,Kepler-1847,Transit,2021,Kepler,1,1,7.97,2.74516914,11.12969971,0.0989,0,843,1.041,0.964,6122,0.09941,1693.86,296.6014013,44.3252289
K2-101 b,K2-101,Transit,2016,K2,1,1,4.66,2,14.6762429,0.1124,0.1,618,0.82,0.76,4927,-0.59482,188.33,130.3439097,18.9338205
K2-95 b,K2-95,Transit,2016,K2,1,1,11,3.31,10.1346454,0.0525,0.16,474,0.41,0.4,3566,-1.63451,179.854,129.3625717,18.9766197
Kepler-1745 b,Kepler-1745,Transit,2021,Kepler,1,1,4.38,1.92872921,3.016190052,0.0408,0,1449,0.995,1.4,5611,0.00651,996.105,293.4689924,42.8223582
Kepler-1813 b,Kepler-1813,Transit,2021,Kepler,1,1,2.58,1.413,2.818160057,0.0364,0,1059,0.812,0.787,5167,-0.4,,292.2399069,48.5115214
Kepler-1814 b,Kepler-1814,Transit,2021,Kepler,1,2,6.21,2.36961357,2.935359955,0.03765,0,1022,0.79,0.823,4922,-0.50574,726.346,285.2166767,41.2824449
Kepler-1848 b,Kepler-1848,Transit,2021,Kepler,1,1,2.57,1.4088539,5.604020119,0.05835,0,774,0.756,0.737,4847,-0.51304,309.696,299.3814921,45.5920846
K2-355 b,K2-355,Transit,2021,K2,1,1,5.69,2.25,5.7385647,0.0632,,1066,0.96,0.92,5790,-0.11465,500.497,124.6426189,13.5027816
EPIC 211822797 b,EPIC 211822797,Transit,2016,K2,1,1,4.35,1.92,21.1701963,0.1195,0.06,431,0.62,0.58,4057,-1.15304,186.197,130.4102091,17.6399744
Kepler-1754 b,Kepler-1754,Transit,2021,Kepler,1,1,6.53,2.43996509,8.195949554,0.0718,0,672,0.734,0.747,4723,-0.61192,718.945,295.4570818,50.0771838
Kepler-1753 b,Kepler-1753,Transit,2021,Kepler,1,1,5.59,2.22678077,16.00460052,0.1179,0,583,0.86,0.769,5180,-0.55992,707.688,288.236664,46.6058744
Kepler-1815 b,Kepler-1815,Transit,2021,Kepler,1,1,7.99,2.7489262,12.19139957,0.0984,0,763,0.856,0.967,5516,-0.03006,1006.63,300.170472,43.9849048
Kepler-1787 b,Kepler-1787,Transit,2021,Kepler,1,1,5.99,2.31898181,39.31370163,0.227,0,540,1.008,0.925,6060,-0.0984,778.602,289.0643042,47.1174041
Kepler-1853 b,Kepler-1853,Transit,2021,Kepler,1,1,2.92,1.51862272,48.88819885,0.2395,0,386,0.765,0.788,4821,-0.56217,562.348,284.7478834,46.3735415
Kepler-1854 b,Kepler-1854,Transit,2021,Kepler,1,1,7.21,2.58746104,39.83110046,0.20894,0,420,0.8,0.759,5026,-0.479,423.348,286.28593,37.3869915
K2-357 b,K2-357,Transit,2021,K2,1,1,13.4,3.72,16.3488637,0.145,,735,0.98,1,5794,-0.06563,517.687,131.9386628,16.3289144
K2-356 b,K2-356,Transit,2021,K2,1,1,5.86,2.29,21.0267366,0.1599,,624,0.9,0.86,5568,-0.24375,355.54,128.3219134,13.6613758
Kepler-1755 b,Kepler-1755,Transit,2021,Kepler,1,1,29.4,5.91688317,24.81209946,0.1668,0,631,1.003,0.921,6086,0.27353,982.383,296.846092,40.1385777
Kepler-1757 b,Kepler-1757,Transit,2021,Kepler,1,1,8.99,2.94660251,19.65640068,0.1335,0,549,0.828,0.74,5288,-0.36941,807.308,297.7397823,46.9418957
Kepler-1817 b,Kepler-1817,Transit,2021,Kepler,1,1,5.79,2.27349126,44.29919815,0.2348,0,463,0.878,0.915,5316,-0.38044,748.569,282.0333419,44.4779955
Kepler-1818 b,Kepler-1818,Transit,2021,Kepler,1,1,3.58,1.71360684,4.644909859,0.055,0,1209,1.021,1.129,6047,0.261,1034.59,284.3284866,40.5688741
Kepler-1857 b,Kepler-1857,Transit,2021,Kepler,1,1,4.5,1.96065412,8.94340992,0.08308,0,946,0.873,1.005,6074,0.2052,853.275,296.4557129,39.598537
K2-184 b,K2-184,Transit,2018,K2,1,1,2.76,1.47,16.9780102,0.1685,,533,0.84,0.75,5245,-0.39912,75.5857,129.1405227,14.4618826
K2-358 b,K2-358,Transit,2021,K2,1,1,7.65,2.68,11.2510285,0.0863,,888,0.93,0.91,5650,-0.16134,480.307,133.8081054,18.9497263
Kepler-1963 b,Kepler-1963,Transit,2021,Kepler,1,1,0.337,0.74437023,1.962260008,0.02915,0,1448,0.915,0.979,5726,-0.2592,492.847,296.5875182,47.207129
Kepler-1911 b,Kepler-1911,Transit,2021,Kepler,1,1,1.01,1.011,5.990799904,0.0636,0,987,0.954,0.972,5721,-0.07794,269.912,299.303559,41.4410233
Kepler-1893 b,Kepler-1893,Transit,2021,Kepler,1,1,3.55,1.70557445,4.179369926,0.0504,0,1194,0.973,1.162,5633,0.15984,1050.72,298.4012866,44.8381709
Kepler-1964 b,Kepler-1964,Transit,2021,Kepler,1,1,3.83,1.7810587,2.440829992,0.0322,0,986,0.752,0.698,4803,-0.631,,297.0588033,49.4784362
KOI-4777.01,KOI-4777,Transit,2022,Kepler,1,1,99.2,0.51,0.412,0.008,0,1180,0.41,0.4,3515,-1.64043,172.245,287.2621474,42.0322257
HD 360 b,HD 360,Radial Velocity,2021,Okayama Astrophysical Observatory,1,1,238.3713053,14,273.1,0.98,0.139,,1.69,10.86,4770,1.74162,111.542,2.072903,-8.8242618
Kepler-1897 b,Kepler-1897,Transit,2021,Kepler,1,1,8.32,2.81407954,24.22030067,0.1546,0,505,0.859,0.761,5165,-0.38987,983.174,294.2901043,39.126871
Kepler-1898 b,Kepler-1898,Transit,2021,Kepler,1,1,0.76,0.93353523,4.765620232,0.05063,0,1167,0.837,1.125,5702,-0.23539,360.921,287.2058009,38.4981903
Kepler-1967 b,Kepler-1967,Transit,2021,Kepler,1,1,0.315,0.73022577,7.281690121,0.06686,0,1086,0.996,1.806,4970,-0.56664,249.102,299.1376276,43.4984724
HD 79181 b,HD 79181,Radial Velocity,2021,Okayama Astrophysical Observatory,1,1,203.4101805,14.1,273.1,0.9,0.259,,1.28,11.06,4862,1.78965,103.335,137.9944736,-19.7474341
HD 10975 b,HD 10975,Radial Velocity,2021,Okayama Astrophysical Observatory,1,1,143.0227832,14.3,283.8,0.95,0.442,,1.41,11.16,4840,1.78986,116.506,27.1628025,37.9527542
HD 99283 b,HD 99283,Radial Velocity,2021,Okayama Astrophysical Observatory,1,1,308.2935548,13.8,310.4,1.08,0.2,,1.76,11.21,4886,1.80963,111.093,171.4874082,55.8506653
Kepler-1913 b,Kepler-1913,Transit,2021,Kepler,1,1,2.92,1.51852059,14.1960001,0.1209,0,818,1.169,1.076,6214,-0.05481,876.3,290.216689,44.7795863
ups Leo b,ups Leo,Radial Velocity,2021,Okayama Astrophysical Observatory,1,1,162.0924876,14.2,385.2,1.18,0.32,,1.48,11.22,4836,1.80003,52.5973,174.2372188,-0.8235643
Kepler-1906 b,Kepler-1906,Transit,2021,Kepler,1,1,8.13,2.77615754,7.362689972,0.0738,0,901,0.987,0.894,5868,0.24215,1360.63,293.8266166,38.8565906
Kepler-1907 b,Kepler-1907,Transit,2021,Kepler,1,2,0.589,0.86973029,5.652450085,0.05444,0,856,0.752,0.8,5159,-0.62479,292.111,280.7085829,47.3279236
Kepler-1916 b,Kepler-1916,Transit,2021,Kepler,1,1,7.35,2.61757235,31.25429916,0.2053,0,635,1.18,1.092,6246,0.21407,2055.82,293.0705754,48.387679
gam Psc b,gam Psc,Radial Velocity,2021,Okayama Astrophysical Observatory,1,1,425.8900654,13.6,555.1,1.32,0.204,,0.99,11.2,4742,1.76649,41.3107,349.2946794,3.2823664
HIP 34222 b,HIP 34222,Radial Velocity,2021,Cerro Tololo Inter-American Observatory,1,1,263.7975778,13.9,159.986,0.492,0.305,,0.62,0.6186,4050,-1.03267,22.8386,106.4257786,27.4704132
Kepler-1910 b,Kepler-1910,Transit,2021,Kepler,1,1,1.78,1.184,5.688769817,0.0536,0,645,0.636,0.639,4234,-0.927,,296.6171677,41.2811677
Kepler-1717 b,Kepler-1717,Transit,2021,Kepler,1,1,9.21,2.98929758,30.65279961,0.2014,0,780,1.158,1.64,6200,0.59298,1008.79,295.2126472,49.56216
Kepler-1919 b,Kepler-1919,Transit,2021,Kepler,1,1,7.38,2.62390658,37.88660049,0.2107,0,479,0.868,0.818,5513,-0.27362,1177.53,283.1319153,43.956005
Kepler-1918 b,Kepler-1918,Transit,2021,Kepler,1,1,5.89,2.29763023,47.0564003,0.2524,0,497,0.967,0.924,5889,-0.3081,1030.11,292.530546,42.2145765
Kepler-1920 b,Kepler-1920,Transit,2021,Kepler,1,1,9.03,2.95415848,30.2541008,0.2043,0,660,1.239,1.161,6277,0.10034,885.913,291.0620355,38.8632881
HIP 86221 b,HIP 86221,Radial Velocity,2021,Cerro Tololo Inter-American Observatory,1,1,225.658169,14,2.224,0.031,0.086,,0.79,,,,29.4898,264.294875,27.896391
K2-387 b,K2-387,Transit,2022,K2,1,1,42.2,7.322,28.735327,,,,0.57,0.585,3572,-1.23884,266.318,19.4418282,11.3684915
KMT-2021-BLG-0912L b,KMT-2021-BLG-0912L,Microlensing,2022,KMTNet,1,1,2.81,1.49,,3.14,,,0.8,,,,5560,269.8211667,-31.9976389
Kepler-589 c,Kepler-589,Transit,2021,Kepler,1,2,1.45,1.11727238,3.52466011,0.0426,0,1098,0.832,0.916,5372,-0.34669,612.803,280.6414331,47.7520581
Kepler-1922 b,Kepler-1922,Transit,2021,Kepler,1,1,5.86,2.29064904,13.22259998,0.1077,0,740,0.953,0.863,5931,0.15221,1344.29,292.3303706,37.9970696
K2-373 b,K2-373,Transit,2022,K2,1,1,4.9,2.061,11.02066,,,,1.158,1.486,6138,0.43238,229.567,123.1361518,13.6884986
Kepler-1936 b,Kepler-1936,Transit,2021,Kepler,1,1,10.2,3.16615594,126.5569992,0.52662,0,524,1.419,1.854,6501,0.45627,871.096,290.7300141,44.836128
Kepler-1937 b,Kepler-1937,Transit,2021,Kepler,1,1,9.39,3.0229133,9.688599586,0.0915,0,1014,1.19,1.196,6457,0.20922,905.069,290.6583922,40.7785383
Kepler-1927 b,Kepler-1927,Transit,2021,Kepler,1,1,11.5,3.40627075,73.75039673,0.38733,0,677,1.408,2.481,6056,0.77402,1091,296.3546093,41.3355698
K2-382 b,K2-382,Transit,2022,K2,1,1,4.95,2.072,21.700156,,,,0.922,0.811,5452,-0.27952,278.412,287.4125267,-19.6269336
Kepler-1938 b,Kepler-1938,Transit,2021,Kepler,1,1,4,1.82828927,13.06260014,0.0938,0,527,0.646,0.655,4522,-0.64954,421.152,299.351892,41.1957285
Kepler-1939 b,Kepler-1939,Transit,2021,Kepler,1,1,1.68,1.16480773,2.790659904,0.0334,0,816,0.648,0.603,4353,-0.80789,189.833,285.6899312,40.9946659
Kepler-1940 b,Kepler-1940,Transit,2021,Kepler,1,1,3.01,1.54732469,4.950610161,0.0525,0,885,0.802,0.717,5431,-0.37735,798.595,291.2042027,45.2383344
Kepler-1722 b,Kepler-1722,Transit,2021,Kepler,1,1,8.58,2.86719266,9.178569794,0.0819,0,753,0.876,0.788,5506,-0.16963,772.283,296.6627402,41.2611985
K2-381 b,K2-381,Transit,2022,K2,1,3,1.26,1.075,7.9389334,,,,0.754,0.675,4473,-0.73923,145.701,288.0267612,-21.0075789
Kepler-1942 b,Kepler-1942,Transit,2021,Kepler,1,1,5.13,2.1170287,4.626049995,0.0516,0,1012,0.852,0.797,5834,-0.07518,842.492,294.9805416,44.4252384
Kepler-1944 b,Kepler-1944,Transit,2021,Kepler,1,1,8.05,2.75971163,9.842579842,0.0918,0,801,1.064,0.972,5585,-0.08284,1076.48,296.5105045,39.1732645
Kepler-1930 b,Kepler-1930,Transit,2021,Kepler,1,1,2.95,1.52955541,13.02680016,0.10233,0,643,0.844,0.844,5083,-0.50545,275.694,297.577145,40.0276768
Kepler-1266 c,Kepler-1266,Transit,2021,Kepler,1,2,3.46,1.68023962,4.86631012,0.0506,0,881,0.791,0.831,4996,-0.52996,849.312,285.8693277,42.7279996
Kepler-1945 b,Kepler-1945,Transit,2021,Kepler,1,1,2.21,1.289,6.080039978,0.0597,0,808,0.767,0.804,4991,-0.441,,281.8980828,42.2858185
Kepler-529 d,Kepler-529,Transit,2021,Kepler,1,3,8.22,2.79502603,35.86619949,0.2134,0,633,1.005,1.189,6078,0.241,799.008,285.8884067,47.880364
YZ Cet b,YZ Cet,Radial Velocity,2017,La Silla Observatory,1,3,0.7,0.913,2.02087,0.01634,0.06,471.2,0.142,0.157,3151,-2.65857,3.71207,18.1330792,-16.9962434
YZ Cet c,YZ Cet,Radial Velocity,2017,La Silla Observatory,1,3,1.14,1.05,3.05989,0.02156,0,410.3,0.142,0.157,3151,-2.65857,3.71207,18.1330792,-16.9962434
Kepler-913 c,Kepler-913,Transit,2021,Kepler,1,2,14.2,3.8580709,5.939119816,0.0699,0,1357,1.294,1.797,6068,-0.28163,991.618,297.5830564,41.9523531
Kepler-1719 b,Kepler-1719,Transit,2021,Kepler,1,1,14.8,3.95000623,6.149559975,0.06868,0,1287,1.08,1.775,5687,0.52557,905.406,284.7068546,38.9367566
Kepler-1926 b,Kepler-1926,Transit,2021,Kepler,1,1,5.97,2.31495961,42.87770081,0.2197,0,451,0.768,0.832,5256,-0.64728,667.405,291.1987905,44.1662033
Kepler-1718 b,Kepler-1718,Transit,2021,Kepler,1,1,7.12,2.5685207,135.1880035,0.48418,0,345,0.846,0.906,5731,-0.0399,375.522,292.2349191,42.9094618
Kepler-1972 c,Kepler-1972,Transit,2022,Kepler,1,2,2.11,0.868,11.3295,0.10493,0.043,1215,1.12,1.384,5818,0.29447,287.339,288.3953074,39.8725067
Kepler-501 c,Kepler-501,Transit,2021,Kepler,1,2,3.47,1.68119739,3.622760057,0.0467,0,1304,1.032,1.216,5794,0.21635,1125.24,297.2014919,41.7301534
Kepler-1312 c,Kepler-1312,Transit,2021,Kepler,1,2,1.07,1.02732734,1.116119981,0.02103,0,1659,0.983,0.905,5721,-0.09874,299.104,292.9712801,41.0357494
Kepler-1950 b,Kepler-1950,Transit,2021,Kepler,1,1,2.95,1.52696349,10.77690029,0.0871,0,752,0.759,0.852,5455,-0.22345,697.253,287.0874563,42.6686537
Kepler-1951 b,Kepler-1951,Transit,2021,Kepler,1,1,6,2.32107188,20.65780067,0.1435,0,728,0.923,1.306,5468,0.50112,1277.32,290.4999139,40.2877161
Kepler-607 c,Kepler-607,Transit,2021,Kepler,1,2,8.05,2.76001201,39.67679977,0.21507,0,473,0.808,0.888,5244,-0.38192,519.122,291.0571451,44.632306
Kepler-1721 b,Kepler-1721,Transit,2021,Kepler,1,1,9.9,3.11856756,4.592380047,0.0519,0,924,0.89,0.796,5351,-0.40675,641.374,283.5441984,45.2256548
Kepler-1869 b,Kepler-1869,Transit,2021,Kepler,1,2,1.46,1.11955354,8.167360306,0.07976,0,865,0.987,0.902,5808,-0.05012,113.025,292.6149958,42.7643438
Kepler-1315 c,Kepler-1315,Transit,2021,Kepler,1,2,4.06,1.84398883,6.566060066,0.0635,0,777,0.809,0.856,4818,-0.62783,480.869,295.8215678,46.0530562
Kepler-1728 b,Kepler-1728,Transit,2021,Kepler,1,1,9.04,2.95501875,4.782999992,0.0535,0,886,0.891,0.807,5170,-0.41612,651.783,287.0940046,39.0607801
Kepler-1705 c,Kepler-1705,Transit,2021,Kepler,1,2,5.42,2.05,11.28,,0.028,,1.139,1.259,6312,0.35411,1633.49,301.5785316,44.3121639
Kepler-1322 c,Kepler-1322,Transit,2021,Kepler,1,2,5.29,2.15492527,6.459980011,0.0652,0,883,0.897,0.804,5704,-0.10053,1350.32,293.2045009,45.4353919
Kepler-1693 c,Kepler-1693,Transit,2021,Kepler,1,2,0.894,0.97698289,5.363709927,0.0588,0,1059,0.941,1.098,5553,-0.21808,760.065,290.2015581,48.1857799
Kepler-1956 b,Kepler-1956,Transit,2021,Kepler,1,1,1.32,1.08940238,5.943719864,0.0563,0,674,0.671,0.682,4391,-1.04512,360.468,294.6208506,49.894219
Kepler-1957 b,Kepler-1957,Transit,2021,Kepler,1,1,0.79,0.94374867,2.186619997,0.0299,0,1099,0.745,0.772,4904,-0.60069,460.899,293.711436,47.8874467
Kepler-1711 b,Kepler-1711,Transit,2021,Kepler,1,1,4.36,1.923,21.06080055,0.1463,0,669,0.94,1.034,5706,0.00966,590.268,298.1772916,42.2370289
Kepler-1888 b,Kepler-1888,Transit,2021,Kepler,1,1,2.32,1.32578716,11.39169979,0.0956,0,886,0.897,1.249,5557,0.37424,402.947,289.3945523,41.7822597
Kepler-1959 b,Kepler-1959,Transit,2021,Kepler,1,1,1.57,1.14315727,6.38669014,0.0617,0,811,0.768,0.811,5071,-0.47365,479.263,296.022301,44.7326691
OGLE-2018-BLG-0532L b,OGLE-2018-BLG-0532L,Microlensing,2020,OGLE,1,1,6.228,2.37,,1.064,,,0.195,,,,773,269.9834167,-28.99775
b Cen AB b,b Cen A,Imaging,2021,Paranal Observatory,2,1,3464.329636,12.4,1790000,556,0.4,,5.5,,,,98.0935,220.4897992,-37.7936323
Kepler-1890 b,Kepler-1890,Transit,2021,Kepler,1,1,0.587,0.86867375,4.820590019,0.05712,0,1328,1.024,1.396,6046,0.26655,529.596,292.5778203,40.6679032
Kepler-1892 b,Kepler-1892,Transit,2021,Kepler,1,1,4.03,1.83707938,6.331230164,0.0633,0,822,0.851,0.759,5383,-0.30112,851.595,299.081007,42.0180957
K2-317 b,K2-317,Transit,2020,K2,1,1,8.91,2.93,6.22,0.0542,,432,0.403,0.379,3387,-1.87068,176.291,228.6188638,-21.0227209
K2-396 b,K2-396,Transit,2022,K2,1,2,3.12,1.579,0.673862,,,,0.954,0.92,5236,-0.23007,274.864,74.6928607,17.2690562
K2-397 b,K2-397,Transit,2022,K2,1,1,6.42,2.417,3.572326,,,,0.937,0.966,5387,-0.14497,199.354,79.9516586,21.2591617
K2-319 b,K2-319,Transit,2020,K2,1,1,8.2,2.79,26.68,0.1516,,641,0.954,0.898,5440,-0.23747,209.071,166.8010058,3.0399357
HD 174205 b,HD 174205,Radial Velocity,2022,Bohyunsan Optical Astronomical Observatory,1,1,1334.879309,13,582,1.7,0.4,,1.8,26.6,4308,2.3784,234.027,280.7932014,70.7928237
K2-400 b,K2-400,Transit,2022,K2,1,1,1.67,1.163,3.865053,,,,0.374,0.382,3578,-1.74791,62.3804,154.5110307,3.6969271
K2-322 b,K2-322,Transit,2020,K2,1,1,4.35,1.92,8.205,0.0594,,635,0.63,0.602,4141,-1.03905,123.415,156.6226981,4.7640203
HD 106252 b,HD 106252,Radial Velocity,2002,Lick Observatory,1,1,3178.28407,12.5,1535,2.655,0.48,,1.05,1.05,5874,0.1232,38.185,183.3730583,10.0404302
KELT-14 b,KELT-14,Transit,2016,KELT-South,1,1,408.09372,19.537287,1.7100566,0.03005,0,1970,1.239,1.52,5720,0.27875,250.121,108.301409,-42.4097623
K2-402 b,K2-402,Transit,2022,K2,1,1,7.65,2.678,17.27474,,,,0.944,1.28,5716,0.2095,523.055,161.451913,6.419318
K2-324 b,K2-324,Transit,2020,K2,1,1,6.48,2.43,3.262,0.0331,,707,0.517,0.505,3752,-1.33305,136.667,157.6222171,6.8636732
HD 171238 b,HD 171238,Radial Velocity,2009,La Silla Observatory,1,1,2796.889982,12.5,1515,2.518,0.358,,0.92,1.01,5467,-0.20273,44.8113,278.6818389,-28.0727849
HD 81040 b,HD 81040,Radial Velocity,2005,Multiple Observatories,1,1,2301.077667,12.6,1002.7,1.946,0.525,,0.99,0.91,5755,-0.07676,34.4341,140.9455027,20.3646078
Kepler-167 e,Kepler-167,Transit,2016,Kepler,2,4,321.0066911,10.16,1071.23205,1.883,0.29,134.4,0.777,0.749,4884,-0.5391,341.908,292.6585253,38.3455558
HD 140901 c,HD 140901,Radial Velocity,2022,Multiple Observatories,1,2,572.0911326,13.4,14386,11.8,0.77,,1.06,0.95,5610,-0.10237,15.2528,236.8689866,-37.9172333
K2-404 b,K2-404,Transit,2022,K2,1,1,6.94,2.53,13.115365,,,,0.552,0.552,3748,-1.23901,121.63,160.3249517,12.1911149
K2-326 b,K2-326,Transit,2020,K2,1,1,5.82,2.28,1.256,0.0198,,1114,0.507,0.688,3924,-0.97833,282.308,351.612262,1.3375909
HD 181433 d,HD 181433,Radial Velocity,2008,La Silla Observatory,1,3,858.1366989,13.2,6896.1,6.74,0.444,,0.86,0.79,4918,-0.45618,26.8762,291.2873731,-66.4677838
K2-407 b,K2-407,Transit,2022,K2,1,2,2.19,1.283,4.941907,,,,0.881,0.927,5563,-0.12724,218.376,232.5552584,-23.0067371
K2-407 c,K2-407,Transit,2022,K2,1,2,2.42,1.36,9.22453,,,,0.881,0.927,5563,-0.12724,218.376,232.5552584,-23.0067371
HD 29021 b,HD 29021,Radial Velocity,2017,Haute-Provence Observatory,1,1,1420.692979,12.9,1365,2.294,0.453,,0.86,0.85,5560,-0.18111,30.9939,69.4681379,60.6762985
K2-408 b,K2-408,Transit,2022,K2,1,1,3.45,1.677,20.978959,,,,0.813,0.784,5335,-0.33037,162.306,227.9168555,-17.6842698
Ross 508 b,Ross 508,Radial Velocity,2022,Subaru Telescope,1,1,4,1.83,10.77,0.05366,0.33,,0.1774,0.2113,3071,-2.44503,11.2103,230.9613022,17.4605347
HD 83443 b,HD 83443,Radial Velocity,2002,Multiple Observatories,1,2,127.7670196,14.1,2.985628,0.0406,0.012,,1,0.94,5442,-0.10403,40.8991,144.2994103,-43.272721
K2-374 c,K2-374,Transit,2022,K2,1,2,5.53,2.213,16.43445,,,,0.731,0.907,5789,-0.05943,359.439,137.3794986,16.3558324
K2-374 b,K2-374,Transit,2022,K2,1,2,3.16,1.593,4.521953,,,,0.731,0.907,5789,-0.05943,359.439,137.3794986,16.3558324
HD 83443 c,HD 83443,Radial Velocity,2022,Multiple Observatories,1,2,476.7426105,13.6,8241,8,0.76,,1,0.94,5442,-0.10403,40.8991,144.2994103,-43.272721
KMT-2021-BLG-0171L b,KMT-2021-BLG-0171L,Microlensing,2022,KMTNet,1,1,11.2,3.35,,3.5,,,0.78,,5200,,4600,269.2416667,-30.0930556
K2-384 b,K2-384,Transit,2022,K2,1,5,1.26,1.076,2.231527,,,,0.33,0.348,3623,-1.86986,82.6603,20.4998403,0.7509701
iot Dra c,iot Dra,Radial Velocity,2022,La Silla Observatory,1,2,4958.123149,12.2,25000,19.4,0.455,,1.54,11.79,4504,1.72247,31.32832,231.2323227,58.9661403
iot Dra b,iot Dra,Radial Velocity,2002,Lick Observatory,1,2,3756.731771,12.4,510.8544,1.453,0.701,,1.54,11.79,4504,1.72247,31.32832,231.2323227,58.9661403
KMT-2021-BLG-1689L b,KMT-2021-BLG-1689L,Microlensing,2022,KMTNet,1,1,46,7.71,,2.5,,,0.58,,4570,,7200,269.5791667,-30.1452778
K2-365 b,K2-365,Transit,2022,K2,1,1,8.78,2.906,23.448172,,,,0.823,1.051,5561,-0.01377,187.222,238.8197061,-21.0269691
K2-379 b,K2-379,Transit,2022,K2,1,1,5.4,2.181,8.777247,,,,0.856,0.751,4603,-0.6327,182.207,283.0317641,-27.1807287
EPIC 206317286 c,EPIC 206317286,Transit,2022,K2,1,2,5.03,2.094,17.515472,,,,0.832,0.758,4752,-0.59336,314.35,337.6178427,-7.972456
AB Aur b,AB Aur,Imaging,2022,Subaru Telescope,1,1,2860.455663,12.5,,93.9,0.4,,2.4,2.95887,9770,1.77085,162.127,73.9410446,30.5510888
K2-384 c,K2-384,Transit,2022,K2,1,5,1.82,1.191,4.194766,,,,0.33,0.348,3623,-1.86986,82.6603,20.4998403,0.7509701
K2-372 b,K2-372,Transit,2022,K2,1,1,8.98,2.945,9.844077,,,,0.847,0.922,5479,-0.12154,463.88,130.7988719,13.0094226
GJ 9066 c,GJ 9066,Radial Velocity,2020,Multiple Observatories,1,1,66.74396547,9.6,771.36,0.88,0.46,,0.15,0.164,3154,-2.59517,4.471,30.0588307,13.0443172
HD 39091 b,HD 39091,Radial Velocity,2001,Anglo-Australian Telescope,1,3,4481.380539,12.3,2088.8,3.28,0.642,,1.07,1.17,5998,0.15957,18.2702,84.2992798,-80.4646041
TOI-1518 b,TOI-1518,Transit,2021,Multiple Observatories,1,1,581.6259848,21.05046575,1.90261131,0.03712,0.01,2546,1.88,1.942,7299,0.98408,225.888,352.2675207,67.0348062
pi Men d,HD 39091,Radial Velocity,2022,La Silla Observatory,1,3,13.38,3.72,124.64,0.506,0.22,,1.07,1.19,5998,0.15957,18.2702,84.2992798,-80.4646041
K2-384 e,K2-384,Transit,2022,K2,1,5,2.37,1.345,9.715043,,,,0.33,0.348,3623,-1.86986,82.6603,20.4998403,0.7509701
K2-378 b,K2-378,Transit,2022,K2,1,1,8.65,2.88,2.060438,,,,0.923,0.732,4823,-0.56665,687.973,205.1596569,-11.1172332
2MASS J19383260+4603591 b,2MASS J19383260+4603591,Eclipse Timing Variations,2015,Kepler,2,3,603.877,13.4,406,0.92,0.33,,0.48,0.203,29564,1.45,396.332,294.6359173,46.0664076
Kepler-451 d,2MASS J19383260+4603591,Eclipse Timing Variations,2022,Multiple Observatories,2,3,559.3779963,13.5,43,,0,,0.48,0.203,29564,1.45,396.332,294.6359173,46.0664076
OGLE-2014-BLG-0676L b,OGLE-2014-BLG-0676L,Microlensing,2016,OGLE,1,1,1169.608538,13,,4.53,,,0.73,,,,2670,268.1020833,-30.5483889
K2-393 b,K2-393,Transit,2022,K2,1,1,6.13,2.352,10.413181,,,,0.881,1.071,5678,0.04296,265.914,348.5159113,-0.0821031
TOI-5799 c,TOI-5799,Transit,2025,Transiting Exoplanet Survey Satellite (TESS),1,2,3.75,1.76,14.010449,0.0782,,337,0.325,0.321,3452,-1.82974,27.8123,301.630179,15.9891418
HD 103891 b,HD 103891,Radial Velocity,2022,La Silla Observatory,1,1,918.5240962,13.2,1919,3.27,0.31,,1.28,2.22,6072,0.78604,55.5213,179.4382907,-8.5486195
KOI-984 c,KOI-984,Transit Timing Variations,2022,Kepler,1,2,209.8,14.1,21.512,0.1467,0.38,597,0.928,0.818,5295,-0.324,252.667,291.0489438,36.8400772
K2-389 c,K2-389,Transit,2022,K2,1,2,4.82,2.04,20.851337,,,,0.802,1.084,5782,0.10644,259.208,355.6304152,-9.7135814
HD 7924 d,HD 7924,Radial Velocity,2015,W. M. Keck Observatory,1,3,1568.16536,,24.451,0.1551,0.21,499,0.832,0.7821,5075,-0.40636,16.9922,20.4956562,76.7101475
K2-392 b,K2-392,Transit,2022,K2,1,1,4.08,1.85,15.398723,,,,0.841,1.058,5726,0.04791,406.985,354.6499065,-7.4788816
GJ 4274 b,GJ 4274,Radial Velocity,2026,Mauna Kea Observatory,1,2,2.97,1.53,1.6339,0.0153,,,0.18,0.19,3228,-2.46218,7.23556,335.7805478,-17.6104078
HD 33142 b,HD 33142,Radial Velocity,2011,W. M. Keck Observatory,1,3,400.4637928,13.7,330,1.074,0.049,,1.52,4.17,5025.4,1.00043,121.375,76.8980559,-13.9863374
HD 33142 c,HD 33142,Radial Velocity,2018,W. M. Keck Observatory,1,3,282.8672822,13.9,810.2,1.955,0.081,,1.52,4.17,5025.4,1.00043,121.375,76.8980559,-13.9863374
K2-395 b,K2-395,Transit,2022,K2,1,2,7.26,2.597,4.803352,,,,0.952,0.783,5007,-0.41264,286.727,70.4438684,16.6743415
K2-395 c,K2-395,Transit,2022,K2,1,2,11.4,3.395,8.491282,,,,0.952,0.783,5007,-0.41264,286.727,70.4438684,16.6743415
HIP 8541 b,HIP 8541,Radial Velocity,2016,Multiple Observatories,2,2,2451.728332,12.6,1852.14387,3.729,0.36,,2.009,6.84,4672,1.31,155.121,27.5271962,-54.4651633
HD 142 A d,HD 142,Radial Velocity,2022,Multiple Observatories,2,3,82.63538582,10.9,108.45299,0.474,0.13,,1.21,1.47,6245,0.47418,26.1853,1.5836771,-49.0753625
HD 144899 b,HD 144899,Radial Velocity,2022,Multiple Observatories,1,1,20.34101805,4.77,40.43914,0.242,0.821,,1.16,1.64802,6126,0.53733,115.665,242.5721002,-47.9146826
GJ 2030 c,GJ 2030,Radial Velocity,2022,Multiple Observatories,1,2,4069.157095,12.3,25533.11353,16.761,0.041,,0.96,2.24104,5485,0.6123,37.0788,50.8237604,-7.7950429
HD 125612 c,HD 125612,Radial Velocity,2009,La Silla Observatory,2,3,15.57359194,4.07,4.15466,0.051,0.149,,1.05,1.07,5900,0.06,57.6207,215.2227183,-17.4818147
HD 219828 c,HD 219828,Radial Velocity,2016,Multiple Facilities,1,2,5102.417246,12.2,4789.87297,5.657,0.811,,1.04,1.56,5891,0.42,73.114,349.6947029,18.6457524
HD 214823 b,HD 214823,Radial Velocity,2016,Haute-Provence Observatory,2,1,5914.786654,12.1,1854.84424,3.08,0.161,,1.115,2.04,6215,0.63849,101.368,340.0832062,31.7875183
GJ 676 A c,GJ 676 A,Radial Velocity,2016,Paranal Observatory,2,4,4288.140867,12.3,13921.42302,9.726,0.295,,0.626,0.69,3734,-1.04251,16.0272,262.5448903,-51.6377777
HD 149806 b,HD 149806,Radial Velocity,2022,Multiple Observatories,1,1,4003.684443,12.3,16521.52778,12.404,0.357,,0.93,0.89,5352.05,-0.2446,20.2727,249.2855187,0.2546794
GJ 9714 b,GJ 9714,Radial Velocity,2022,Multiple Observatories,1,1,2988.540511,12.5,19240.75467,12.319,0.155,,0.67,0.662662,4263,-0.88386,20.5121,315.4141767,-32.5250028
HD 142 b,HD 142,Radial Velocity,2001,Anglo-Australian Telescope,2,3,2256.58169,12.7,351.43394,1.039,0.158,,1.21,1.47,6245,0.47418,26.1853,1.5836771,-49.0753625
HD 139357 b,HD 139357,Radial Velocity,2008,Thueringer Landessternwarte Tautenburg,1,1,6315.568276,12.1,1124.79139,2.949,0.099,,2.69,11.47,4700,1.82295,112.09,233.8173564,53.9221505
HD 224538 b,HD 224538,Radial Velocity,2016,Multiple Observatories,1,1,2075.737326,12.7,1202.05199,2.375,0.476,,1.23,1.54,6097,0.46982,79.0608,359.7164302,-61.5868613
HD 153557 d,HD 153557,Radial Velocity,2022,Multiple Observatories,1,3,8725.661086,11.9,40654.64809,21.449,0.152,,0.79,0.745171,4837,-0.56249,17.9412,254.4706516,47.3678558
HD 115404 A b,HD 115404 A,Radial Velocity,2022,Multiple Observatories,1,2,30.82935548,6.09,10.49488,0.088,0.232,,0.83,0.727007,5019.17,-0.5197,10.9816,199.2155793,17.0160384
HIP 67537 b,HIP 67537,Radial Velocity,2017,Multiple Observatories,1,1,4309.117542,12.3,2523.64713,4.807,0.586,,2.316,8.69,4985,1.61669,116.046,207.5808445,-39.9008996
HD 30177 c,HD 30177,Radial Velocity,2016,Multiple Observatories,1,2,1954.644703,12.7,12085.45186,10.258,0.039,,0.98,1.019,5580,0.0835,55.5867,70.4770964,-58.0208085
HD 156098 b,HD 156098,Radial Velocity,2022,Multiple Observatories,1,2,15.89142035,4.12,21.85849,0.167,0.109,,1.29,2.75716,6419.19,1.06554,48.249,259.264687,-32.6630768
HD 12235 c,HD 12235,Radial Velocity,2022,Multiple Observatories,1,2,3135.695063,12.5,36336.70679,22.21,0.174,,1.1,1.80185,5986,0.57468,31.7627,30.0391601,3.0959098
HD 203387 b,HD 203387,Radial Velocity,2022,Multiple Observatories,1,2,1106.042856,13.1,512.5352,1.771,0.732,,2.817,10.5852,5174.32,1.86,61.7477,320.561782,-16.8345229
HD 169830 c,HD 169830,Radial Velocity,2003,La Silla Observatory,1,2,2437.426053,12.6,1818.82339,3.075,0.246,,1.17,1.935709,6300,0.662,37.6048,276.9561859,-29.8167919
HD 169830 b,HD 169830,Radial Velocity,2000,La Silla Observatory,1,2,804.4236981,13.2,225.67372,0.765,0.294,345,1.17,1.935709,6300,0.662,37.6048,276.9561859,-29.8167919
HD 156098 c,HD 156098,Radial Velocity,2022,Multiple Observatories,1,2,1661.606912,12.8,7841.5839,8.415,0.391,,1.29,2.75716,6419.19,1.06554,48.249,259.264687,-32.6630768
HIP 35965 b,HIP 35965,Radial Velocity,2022,Multiple Observatories,1,1,2589.983689,12.6,26125.56497,15.898,0.138,,0.78,0.697551,4836,-0.62021,50.1677,111.2025182,-51.3257507
HD 203387 c,HD 203387,Radial Velocity,2022,Multiple Observatories,1,2,2378.945626,12.6,2481.07227,5.067,0.202,,2.817,10.5852,5174.32,1.86,61.7477,320.561782,-16.8345229
bet Pic c,bet Pic,Radial Velocity,2019,La Silla Observatory,1,2,3222.462219,12.5,1192.77951,2.68,0.314,1250,1.795,1.54416,8038.68,0.95282,19.7442,86.8212337,-51.066148
HD 25015 b,HD 25015,Radial Velocity,2019,La Silla Observatory,1,1,2884.92845,12.5,6134.427,6.248,0.341,,0.86,0.83,5160,-0.38416,37.433,59.4335463,-20.2673347
GJ 229 b,GJ 229,Radial Velocity,2014,Multiple Observatories,3,2,14.93793513,3.97,579.47495,1.086,0.404,,0.509,0.46,3564,-1.55284,5.75624,92.6435993,-21.8677233
HD 18143 c,HD 18143,Radial Velocity,2022,Multiple Observatories,1,2,3177.648413,12.5,28982.41764,17.53,0.194,,0.85,0.87,5078,-0.31953,22.5243,43.9140248,26.8723829
HD 217786 b,HD 217786,Radial Velocity,2011,La Silla Observatory,2,2,4402.559094,12.3,1301.36009,2.446,0.311,,1.14,1.27,5966,0.27646,55.4847,345.7838088,-0.4303594
HD 204313 c,HD 204313,Radial Velocity,2015,La Silla Observatory,1,3,17.16273398,4.31,34.95875,0.211,0.059,,1.03,1.1,5767,0.09981,47.7945,322.0510568,-21.7274194
HD 125390 b,HD 125390,Radial Velocity,2019,W. M. Keck Observatory,1,1,8646.203984,11.9,1757.39151,3.496,0.597,,1.82,6.47,4882,1.12354,153.647,214.5387463,38.9669132
HD 81817 b,HD 81817,Radial Velocity,2020,Bohyunsan Optical Astronomical Observatory,1,2,7668.563804,12,1021.20159,3.233,0.097,,4.3,83.8,4140,3.26076,269.126,144.2715659,81.3263096
HD 190228 b,HD 190228,Radial Velocity,2022,Multiple Observatories,1,1,1598.676887,12.9,1143.59858,2.406,0.559,,1.415,2.58658,5360,0.697,62.7146,300.7537294,28.3065564
HD 23596 b,HD 23596,Radial Velocity,2003,Haute-Provence Observatory,2,1,3786.607641,12.4,1535.11912,2.694,0.282,,1.1,1.53,6040,0.45821,52.0018,57.0018601,40.5307308
HIP 90988 b,HIP 90988,Radial Velocity,2021,Multiple Observatories,1,1,668.0753115,13.4,455.73816,1.36,0.081,,1.613,3.94,4883,0.88986,94.0349,278.3892816,-50.211692
HD 204313 e,HD 204313,Radial Velocity,2022,Multiple Observatories,1,3,4868.17771,12.2,7325.64666,7.457,0.253,,1.03,1.1,5767,0.09981,47.7945,322.0510568,-21.7274194
HD 30177 b,HD 30177,Radial Velocity,2002,Anglo-Australian Telescope,1,2,2670.712104,12.6,2514.53422,3.604,0.207,,0.98,1.019,5580,0.0835,55.5867,70.4770964,-58.0208085
HD 217958 b,HD 217958,Radial Velocity,2022,Multiple Observatories,1,1,166.5420853,14.2,2560.19774,3.758,0.156,,1.08,1.32619,5930.64,0.29231,61.7957,346.136577,-25.6917758
HD 213519 b,HD 213519,Radial Velocity,2022,Multiple Observatories,1,1,9.2170238,2.99,11.12214,0.099,0.413,,1.05,1.08287,5840,0.0895,41.0014,337.7727845,45.1452472
HD 43197 b,HD 43197,Radial Velocity,2010,La Silla Observatory,1,2,175.7591091,14.2,308.92072,0.882,0.742,,0.96,1,5508,-0.137,62.4112,93.3993231,-29.8971929
HD 4113 b,HD 4113,Radial Velocity,2007,La Silla Observatory,3,1,541.2617771,13.5,526.5239,1.28,0.899,,1.008,1.077514,5688,0.086,41.8727,10.8027515,-37.9831248
HD 95544 b,HD 95544,Radial Velocity,2021,Haute-Provence Observatory,1,1,1913.644839,12.8,2041.54152,3.166,0.049,156.5,1.01,1.088,5722,0.47797,87.8049,166.3231784,81.0389868
HD 25912 c,HD 25912,Radial Velocity,2022,Multiple Observatories,1,2,5252.750082,12.2,26308.65619,17.848,0.051,,1.08,0.995896,5920.58,0.04058,49.1661,60.9074988,-51.9315058
HD 105618 c,HD 105618,Radial Velocity,2022,Multiple Observatories,1,2,8419.59233,11.9,77114.07158,35.731,0.126,,1.01,1.27399,5671,0.17967,70.0837,182.4021288,11.2115695
HD 28192 b,HD 28192,Radial Velocity,2022,Multiple Observatories,1,1,99.7981198,12.2,14.23283,0.118,0.104,,1.08,1.07094,5919.87,0.10347,49.8063,66.7032517,-1.7244842
HD 43197 c,HD 43197,Radial Velocity,2022,Multiple Observatories,1,2,2500.673906,12.6,9295.9735,8.54,0.149,,0.96,1,5508,-0.137,62.4112,93.3993231,-29.8971929
HD 74156 c,HD 74156,Radial Velocity,2003,Haute-Provence Observatory,1,2,2753.983147,12.5,2448.48726,3.678,0.377,,1.1,1.510576,6068,0.40075,57.603,130.6047813,4.5772338
HD 74156 b,HD 74156,Radial Velocity,2003,Haute-Provence Observatory,1,2,532.3625817,13.5,51.63564,0.28,0.636,,1.1,1.510576,6068,0.40075,57.603,130.6047813,4.5772338
HD 7449 b,HD 7449,Radial Velocity,2011,La Silla Observatory,2,1,2597.929399,12.6,1270.55195,2.438,0.752,,1.196,0.97,6024,0.10138,38.662,18.621465,-5.0479716
HD 110537 b,HD 110537,Radial Velocity,2022,Multiple Observatories,1,1,8612.832001,11.9,24469.67342,16.714,0.401,,1.02,1.16626,5718,0.11726,45.0858,190.7462412,-4.0501059
HD 56957 b,HD 56957,Radial Velocity,2022,Multiple Observatories,1,1,1880.908513,12.8,5859.08992,6.426,0.273,,1.03,1.77793,5743,0.49108,61.4925,109.3253986,-40.6560651
HD 86264 b,HD 86264,Radial Velocity,2009,Lick Observatory,1,1,3117.261016,12.5,1488.79123,2.763,0.821,,1.26,1.88,6210,0.66,67.8107,149.2409308,-15.8953993
HD 111232 c,HD 111232,Radial Velocity,2022,Multiple Observatories,1,2,5740.934516,12.2,26472.44623,17.25,0.558,,0.96,0.9,5512,-0.161,28.9571,192.2159553,-68.4246679
HD 62549 b,HD 62549,Radial Velocity,2022,Multiple Observatories,1,1,2707.580199,12.6,14306.88519,11.842,0.15,,1.08,1.23227,5930.46,0.22846,49.3305,116.0821439,-5.0541223
HD 142 c,HD 142,Radial Velocity,2012,Anglo-Australian Telescope,2,3,3464.647465,12.4,10159.64279,9.811,0.277,,1.21,1.47,6245,0.47418,26.1853,1.5836771,-49.0753625
HD 11343 c,HIP 8541,Radial Velocity,2022,Multiple Observatories,2,2,255.5340392,13.9,228.53731,0.923,0.169,,2.009,6.84,4672,1.31,155.121,27.5271962,-54.4651633
HD 73267 c,HD 73267,Radial Velocity,2022,Multiple Observatories,1,2,1630.777556,12.8,17071.78045,12.688,0.089,,0.93,0.909,5387,-0.106,50.4093,129.0735123,-34.4594469
TOI-1135 b,TOI-1135,Transit,2024,Transiting Exoplanet Survey Satellite (TESS),1,1,58.79825529,9.91994792,8.0277327,0.0815,0.062,1171,1.119,1.202,6320,0.31806,114.048,193.3963704,85.1294952
HD 219077 b,HD 219077,Radial Velocity,2012,La Silla Observatory,1,1,3057.509275,12.5,5478.68861,5.935,0.768,,0.92,1.91,5362,0.425,29.1864,348.5319387,-62.7018297
HD 113337 b,HD 113337,Radial Velocity,2013,Haute-Provence Observatory,3,2,1035.802778,13.1,317.58639,1.022,0.28,,1.41,1.5,6774,0.63246,36.18,195.4438496,63.610328
HD 125271 b,HD 125271,Radial Velocity,2022,Multiple Observatories,1,1,3465.60095,12.4,14901.99295,10.817,0.165,,0.75,0.751364,4703.93,-0.60376,39.3466,216.6474037,-81.4542756
HD 127506 b,HD 127506,Radial Velocity,2022,Multiple Observatories,1,1,27.333243,5.67,65.78395,0.287,0.24,,0.73,0.735766,4595.32,-0.66256,22.5279,217.6848544,35.4546059
HD 81817 c,HD 81817,Radial Velocity,2022,Multiple Observatories,1,2,7185.782454,12,622.97802,2.325,0.095,,4.3,83.8,4140,3.26076,269.126,144.2715659,81.3263096
bet Pic b,bet Pic,Imaging,2008,Paranal Observatory,1,2,3727.809386,18.49485,8617.50952,10.018,0.106,1612,1.795,1.54416,8038.68,0.95282,19.7442,86.8212337,-51.066148
HD 145934 b,HD 145934,Radial Velocity,2015,W. M. Keck Observatory,1,1,658.5404593,13.4,2751.53433,4.89,0.078,,2.058,6.930587,4823.75,1.35455,227.881,243.2912249,13.2394527
HIP 97233 b,HIP 97233,Radial Velocity,2014,Multiple Observatories,1,1,6098.173645,12.1,1062.26506,2.491,0.63,,1.81,5.34,5020,1.204,102.275,296.4221207,-0.6968794
HD 215497 b,HD 215497,Radial Velocity,2009,La Silla Observatory,1,2,1588.824207,,3.93404,0.05,0.16,,0.67,0.85,5110,-0.41,40.5468,341.652714,-56.5997984
HD 93351 b,HD 93351,Radial Velocity,2022,Multiple Observatories,1,2,3.49611248,1.69,2.45946,0.035,0.549,,0.94,0.911435,5408,-0.19371,56.163,161.6779279,-1.6885763
HD 88072 b,HD 88072,Radial Velocity,2022,Multiple Observatories,1,1,2511.797901,12.6,18538.79293,13.895,0.156,,1.04,1.032,5785.33,0.03137,35.9098,152.3467466,2.371054
HD 93351 c,HD 93351,Radial Velocity,2022,Multiple Observatories,1,2,4154.017279,12.3,14010.2941,11.154,0.109,,0.94,0.911435,5408,-0.19371,56.163,161.6779279,-1.6885763
HD 10697 b,HD 10697,Radial Velocity,1999,W. M. Keck Observatory,1,1,1825.288541,12.8,1075.3799,2.051,0.104,,0.99,1.863076,5641,0.47665,33.1205,26.2324076,20.0826974
KMT-2021-BLG-2294L b,KMT-2021-BLG-2294L,Microlensing,2022,KMTNet,1,1,22.24798849,5.02,,1.15,,,0.14,,,,6800,270.0624167,-28.6124389
MOA-2007-BLG-400L b,MOA-2007-BLG-400L,Microlensing,2008,MOA,1,1,540.3082919,13.5,,5.9,,34,0.69,,,,6890,272.4249167,-29.2241528
KMT-2021-BLG-1077L b,KMT-2021-BLG-1077L,Microlensing,2022,KMTNet,1,2,69.92224954,9.86,,1.26,,,0.14,,,,8240,266.489125,-33.8428111
HD 10180 e,HD 10180,Radial Velocity,2010,La Silla Observatory,1,6,25.1,5.39,49.748,0.2699,0.051,,1.06,1.109,5911,0.17319,38.9607,24.4731133,-60.5114881
Wolf 1069 b,Wolf 1069,Radial Velocity,2023,Calar Alto Observatory,1,1,1.26,1.08,15.564,0.0672,,250.1,0.167,0.1813,3158,-2.53106,9.58341,306.5242477,58.5753044
OGLE-2017-BLG-1691L b,OGLE-2017-BLG-1691L,Microlensing,2022,OGLE,1,1,14.62010672,3.92,,2.41,,,0.45,,,,7290,263.5938333,-29.2848306
KMT-2021-BLG-0320L b,KMT-2021-BLG-0320L,Microlensing,2022,KMTNet,1,1,31.7828407,6.2,,1.54,,,0.32,,,,6950,269.388125,-30.5039389
Kepler-138 b,Kepler-138,Transit,2014,Kepler,1,4,0.07,0.64,10.3134,0.0753,0.02,452,0.535,0.535,3841,-1.25181,66.8624,290.3814122,43.2930645
MOA-2020-BLG-135L b,MOA-2020-BLG-135L,Microlensing,2022,MOA,1,1,11.3,3.37,,1.11,,,0.23,,,,7900,268.4235,-29.8075667
TrES-2 b,TrES-2,Transit,2006,TrES,2,1,473.5667,15.24424,2.47063,0.03568,0,1466,1.36,1.12,5850,0.03841,215.32,286.8085258,49.3164211
TOI-6223 b,TOI-6223,Transit,2025,Transiting Exoplanet Survey Satellite (TESS),1,1,22.6,5.07,3.855219,0.04018,,714,0.582,0.576,3895,-1.12203,133.122,355.9505977,33.0672361
WASP-47 d,WASP-47,Transit,2015,K2,1,4,15.5,3.65,9.030501,0.085,0.001,885,1.058,1.156,5565,0.03167,264.78,331.203092,-12.019067
Kepler-138 d,Kepler-138,Transit,2014,Kepler,1,4,2.1,1.51,23.0923,0.1288,0.01,345,0.535,0.535,3841,-1.25181,66.8624,290.3814122,43.2930645
Kepler-138 c,Kepler-138,Transit,2014,Kepler,1,4,2.3,1.51,13.7815,0.0913,0.017,410,0.535,0.535,3841,-1.25181,66.8624,290.3814122,43.2930645
OGLE-2006-BLG-284L A b,OGLE-2006-BLG-284L A,Microlensing,2020,OGLE,2,1,144,14.3,,2.17,,,0.35,,,,4000,269.65925,-29.1366667
KMT-2018-BLG-2602L b,KMT-2018-BLG-2602L,Microlensing,2022,KMTNet,1,1,365.5026681,13.7,,3.81,,,0.66,,,,4310,267.3970417,-21.9762
K2-413 c,K2-413,Transit,2022,K2,1,2,2.05,1.2327,5.3301,0.0426,,,0.808,0.7,4116,-0.83322,285.162,353.4175668,-7.6120272
K2-414 c,K2-414,Transit,2022,K2,1,2,4.38,1.9287,6.669,0.0552,,,0.814,0.732,4343,-0.70538,260.036,351.6361913,-4.6066569
OGLE-2018-BLG-1119L b,OGLE-2018-BLG-1119L,Microlensing,2022,OGLE,1,1,289.2238504,13.9,,4.06,,,0.48,,,,5760,270.02925,-32.3752778
WASP-65 b,WASP-65,Transit,2013,SuperWASP,1,1,492.62,12.464,2.3114243,0.0334,0,1480,0.93,1.01,5600,0.05497,273.703,133.3242982,8.5230171
HAT-P-21 b,HAT-P-21,Transit,2010,HATNet,1,1,1547.8321,12.44199,4.12448,0.05037,0.23,1367,1.24,1.21,5588,0.18184,277.278,171.2749348,41.0280207
MOA-2019-BLG-008L b,MOA-2019-BLG-008L,Microlensing,2022,MOA,1,1,5720.911326,12.2,,,,,0.9,,,,2700,267.982875,-29.9897306
K2-3 b,K2-3,Transit,2015,K2,1,3,5.11,2.078,10.0546535,0.0747,0.107,501.3,0.549,0.546,3844,-1.23136,44.0727,172.3353708,-1.4551364
HIP 21152 b,HIP 21152,Imaging,2022,Multiple Observatories,2,1,7627.881768,12,22000,17,0.36,1300,1.4,1.59186,6655,0.63565,43.4073,68.0205209,5.4100745
K2-38 c,K2-38,Transit,2016,K2,1,2,8.3,2.29,10.56103,0.09514,0.161,916,1.03,1.06,5731,0.03743,192.69,240.0333095,-23.1894196
K2-38 b,K2-38,Transit,2016,K2,1,2,7.3,1.54,4.01593,0.04994,0.197,1266,1.03,1.06,5731,0.03743,192.69,240.0333095,-23.1894196
KMT-2021-BLG-0909L b,KMT-2021-BLG-0909L,Microlensing,2023,KMTNet,1,1,400.4637928,13.7,,1.75,,,0.38,,,,6480,265.6202083,-27.6391389
KMT-2021-BLG-2478L b,KMT-2021-BLG-2478L,Microlensing,2023,KMTNet,1,1,286.0455663,13.9,,1.85,,,0.2,,,,2970,269.3092083,-29.1019694
HD 95735 c,GJ 411,Radial Velocity,2021,Multiple Observatories,1,2,13.6,3.76,2946,2.94,0.132,,0.3899,0.3685,3719,-1.70997,5.675773,165.834471,35.972317
KMT-2019-BLG-0414L b,KMT-2019-BLG-0414L,Microlensing,2022,KMTNet,1,1,1452.47582,12.9,,1.16,,,0.74,,,,4410,268.8529167,-21.8955389
KMT-2017-BLG-1194L b,KMT-2017-BLG-1194L,Microlensing,2023,KMTNet,1,1,3.54,1.7,,1.78,,,0.41,,,,4240,274.322125,-25.3239389
WASP-88 b,WASP-88,Transit,2014,SuperWASP,1,1,133.4886,16.36514,4.954,0.06431,0,1772,0.94,1.8,6430,0.72351,523.756,309.5112337,-48.4620833
HATS-8 b,HATS-8,Transit,2015,HATSouth,1,1,43.86054,9.785457,3.583893,0.04667,0.376,1324,1.056,1.086,5679,-0.0252,794.637,294.9416887,-25.7483655
GJ 1002 c,GJ 1002,Radial Velocity,2022,Multiple Observatories,1,2,1.36,1.1,21.202,0.0738,,181.7,0.12,0.137,3024,-2.85201,4.84867,1.6764641,-7.5462123
KMT-2017-BLG-1003L b,KMT-2017-BLG-1003L,Microlensing,2023,KMTNet,1,1,5.19,2.13,,1.38,,,0.32,,,,7090,265.4115,-24.3739389
KMT-2019-BLG-1552L b,KMT-2019-BLG-1552L,Microlensing,2022,KMTNet,1,1,1287.205048,13,,2.6,,,0.79,,,,4600,269.5957917,-27.5669389
HD 45364 b,HD 45364,Radial Velocity,2008,La Silla Observatory,1,2,60.16491745,9.03,225.79,0.6793,0.067,,0.82,0.89,5466,-0.19586,34.354,96.4105736,-31.4810037
L 363-38 b,L 363-38,Radial Velocity,2023,Paranal Observatory,1,1,4.67,2,8.781,0.048,,330,0.21,0.274,3129,-1.88606,10.2295,10.8555443,-41.2952926
WASP-56 b,WASP-56,Transit,2012,SuperWASP,2,1,143.0235,10.53646,4.6171,0.05614,0,1216,0.71,0.96,5600,0.10256,321.084,183.3660401,23.055687
KMT-2019-BLG-2974L b,KMT-2019-BLG-2974L,Microlensing,2022,KMTNet,1,1,88.99195396,11.4,,2,,,0.47,,,,6100,267.8520833,-29.4231611
TIC 279401253 b,TIC 279401253,Transit,2023,Transiting Exoplanet Survey Satellite (TESS),1,2,1951.466419,11.2089807,76.8,0.369,0.448,,1.13,1.06,5951,0.09691,285.584,57.6572277,-15.0262251
HD 45364 c,HD 45364,Radial Velocity,2008,La Silla Observatory,1,2,174.4877954,14.2,345.43,0.902,0.019,,0.82,0.89,5466,-0.19586,34.354,96.4105736,-31.4810037
HD 167768 b,HD 167768,Radial Velocity,2022,Okayama Astrophysical Observatory,1,1,270.154146,13.9,20.6532,0.1512,0.149,,1.08,9.7,4851,1.66932,107.214,274.2213308,-3.0085807
KMT-2019-BLG-0253L b,KMT-2019-BLG-0253L,Microlensing,2022,KMTNet,1,1,9.2,2.99,,3.1,,,0.7,,,,4900,267.8825833,-29.5654722
OGLE-2018-BLG-0506L b,OGLE-2018-BLG-0506L,Microlensing,2022,OGLE,1,1,16.3,4.18,,3,,,0.63,,,,5600,267.6298333,-31.9240556
TIC 279401253 c,TIC 279401253,Transit,2023,Multiple Observatories,1,2,2548.983824,12.6,155.3,0.591,0.254,,1.13,1.06,5951,0.09691,285.584,57.6572277,-15.0262251
HD 184010 d,HD 184010,Radial Velocity,2022,Okayama Astrophysical Observatory,1,3,143.0227832,14.3,836.4,1.92,0,,1.35,4.86,4971,1.11694,60.7993,292.8401421,26.6172796
HD 184010 b,HD 184010,Radial Velocity,2022,Okayama Astrophysical Observatory,1,3,98.52680617,12.1,286.6,0.94,0,,1.35,4.86,4971,1.11694,60.7993,292.8401421,26.6172796
OGLE-2018-BLG-0977L b,OGLE-2018-BLG-0977L,Microlensing,2022,OGLE,1,1,6.4,2.41,,2,,,0.47,,,,6500,268.506125,-30.6048056
HAT-P-26 b,HAT-P-26,Transit,2010,HATNet,1,1,22.2481,7.06167,4.23452,0.04748,0.12,1080,1.12,0.87,5079,-0.35928,141.837,213.1565508,4.0594175
Kepler-1643 b,Kepler-1643,Transit,2016,Kepler,1,1,5.99,2.32,5.342657,0.0531,0,799,0.845,0.855,4916,-0.47156,341.774,300.4310076,44.7510129
KOI-7913 b,KOI-7913 A,Transit,2022,Kepler,2,1,6.08,2.34,24.278553,0.1456,0,432,0.76,0.788,4324,-0.76792,271.277,286.7485252,45.1587234
WASP-77 A b,WASP-77 A,Transit,2012,SuperWASP,2,1,529.311429,13.56,1.360029395,0.023233633,0.01353,1674,0.903,0.91,5617,-0.12901,105.166,37.1555223,-7.0606675
KMT-2021-BLG-1391L b,KMT-2021-BLG-1391L,Microlensing,2022,KMTNet,1,1,4.55,1.97,,2.29,,,0.37,,,,5720,270.6835833,-28.0605
KMT-2021-BLG-1253L b,KMT-2021-BLG-1253L,Microlensing,2022,KMTNet,1,1,19.05,4.59,,1.52,,,0.24,,,,6640,267.6172083,-29.2792806
KIC 3526061 b,KIC 3526061,Radial Velocity,2022,McDonald Observatory,1,1,5768.585587,12.1,3552,5.14,0.85,,1.42,5.86,4829,1.21484,401.229,285.1863974,38.6111112
WISE J033605.05-014350.4 b,WISE J033605.05-014350.4,Imaging,2023,James Webb Space Telescope (JWST),1,1,2622.084358,12.6,2560,0.97,,325,0.0131,,415,,,54.0210417,-1.7306944
Kepler-107 e,Kepler-107,Transit,2014,Kepler,1,4,14.1,2.903,14.749143,0.12638,0.1,955,1.238,1.447,5854,0.36449,525.997,297.028162,48.2086019
OGLE-2018-BLG-1367L b,OGLE-2018-BLG-1367L,Microlensing,2022,KMTNet,1,1,301.9369867,13.8,,1.21,,,0.28,,,,5370,269.755625,-29.1683611
HAT-P-28 b,HAT-P-28,Transit,2011,HATNet,1,1,198.953,13.585,3.257215,0.0434,0.051,1384,1.025,1.103,5680,0.053,401.319,13.0009159,34.728402
MOA-2022-BLG-249L b,MOA-2022-BLG-249L,Microlensing,2023,MOA,1,1,4.83,2.04,,1.63,,,0.18,,,,2000,268.8655417,-28.3060611
DMPP-4 b,DMPP-4,Radial Velocity,2023,Multiple Observatories,1,1,12.2,3.53,3.4982,0.04853,0.063,,1.25,1.38,6400,0.45939,25.3284,293.5826648,51.2358069
OGLE-2018-BLG-1212L b,OGLE-2018-BLG-1212L,Microlensing,2022,KMTNet,1,1,63.5656814,9.32,,1.68,,,0.16,,,,1550,271.077625,-28.1940833
K2-2016-BLG-0005L b,K2-2016-BLG-0005L,Microlensing,2023,K2,1,1,349.6112477,13.7,4700,4.16,,,0.584,,,,5200,269.8798333,-27.6074722
HN Lib b,HN Lib,Radial Velocity,2023,Calar Alto Observatory,1,1,5.46,2.2,36.116,0.1417,0.079,234.4,0.291,0.299,3347,-1.99542,6.24442,218.5684823,-12.5170062
Kepler-454 d,Kepler-454,Radial Velocity,2023,Roque de los Muchachos Observatory,2,3,734.1836202,13.3,4073,5.1,0.089,,1.03,1.066,5687,0.05259,230.869,287.4786474,38.2290751
WASP-64 b,WASP-64,Transit,2012,SuperWASP,2,1,403.945,14.247,1.5732918,0.02648,0,1689,1.004,1.058,5400,-0.022,369.926,101.1149223,-32.8583878
Kepler-323 c,Kepler-323,Transit,2014,Kepler,1,2,6.8,1.57,3.5538229,0.0458,0.095,1431,1.015,1.12,6004,0.15091,454.883,291.3822988,38.1274595
TrES-4 b,TrES-4,Transit,2007,TrES,2,1,247.9074,18.04649,3.55395,0.05084,0,1778,1.08,1.66,6200,0.72552,515.98,268.3043361,37.2117397
HAT-P-20 b,HAT-P-20,Transit,2010,HATNet,1,1,2302.899,9.718,2.875317,0.0361,0.015,970,0.756,0.694,4595,-0.721,71.0374,111.9164295,24.3361185
WASP-35 b,WASP-35,Transit,2011,SuperWASP,1,1,225.6593,14.5717,3.16158,0.04317,0,1338.29,1.05,1.08,5990,0.1443,202.218,76.0818912,-6.2297801
KMT-2021-BLG-2010L b,KMT-2021-BLG-2010L,Microlensing,2023,KMTNet,1,1,340.0763955,13.8,,1.79,,,0.37,,,,7090,268.0085,-32.26975
Kepler-409 b,Kepler-409,Transit,2014,Kepler,1,1,6,1.199,68.9583216,0.3192,0.69,438,0.913,0.897,5421,-0.20201,68.173,293.6792058,46.8527337
Kepler-20 f,Kepler-20,Transit,2011,Kepler,2,6,1.4,0.952,19.578328,0.1387,0.094,681,0.929,0.9164,5495,-0.16451,282.563,287.6979913,42.3385782
KMT-2019-BLG-1216L b,KMT-2019-BLG-1216L,Microlensing,2023,KMTNet,1,1,29.87587026,5.98,,2.44,,,0.39,,,,2740,268.480625,-35.1366389
HD 74698 b,HD 74698,Radial Velocity,2023,La Silla Observatory,1,2,23,5.12,15.017,0.121,0.1,,1.039,1.333,5783,0.25285,52.0648,130.0744755,-71.8768726
HD 112300 b,HD 112300,Radial Velocity,2023,Bohyunsan Optical Astronomical Observatory,1,1,5031.223683,12.2,466.63,1.33,0.36,,1.4,65.8,3657,2.70121,62.07324,193.8988441,3.3972376
HD 36384 b,HD 36384,Radial Velocity,2023,Bohyunsan Optical Astronomical Observatory,1,1,2097.667486,12.7,490,1.3,0.2,,1.14,38.4,3940,2.58915,209.309,84.9319998,75.0439884
OGLE-2019-BLG-0249L b,OGLE-2019-BLG-0249L,Microlensing,2023,OGLE,1,1,2262.938258,12.7,,1.84,,,0.91,,,,6370,265.4035,-34.70175
HD 74698 c,HD 74698,Radial Velocity,2023,La Silla Observatory,1,2,126,14,3449,4.5,0.2,,1.039,1.333,5783,0.25285,52.0648,130.0744755,-71.8768726
HD 6860 b,HD 6860,Radial Velocity,2023,Bohyunsan Optical Astronomical Observatory,1,1,8981.830782,11.9,663.87,2.03,0.28,,2.49,86.4,3802,3.22398,61.12469,17.432979,35.620499
Kepler-1655 b,Kepler-1655,Transit,2018,Kepler,1,1,5.4,2.213,11.8728787,0.1029,0.19,938,1.03,1.03,6148,0.14315,213.26,286.6895986,39.2120802
HAT-P-3 b,HAT-P-3,Transit,2007,HATNet,2,1,206.5895,10.53646,2.8997,0.03866,0,1189,1.06,0.87,5185,-0.36,134.554,206.0940142,48.028565
HD 108236 b,HD 108236,Transit,2020,Transiting Exoplanet Survey Satellite (TESS),1,5,3.24,1.615,3.795963,0.04527,0.045,1099,0.869,0.877,5660,-0.14997,64.5978,186.5740627,-51.3630519
VHS J125601.92-125723.9 b,VHS J125601.92-125723.9,Imaging,2015,Paranal Observatory,2,1,5085.254512,13.67495645,5800000,350,0.68,1194,0.07,,2620,-3.14,12.7,194.008964,-12.956031
Kepler-323 b,Kepler-323,Transit,2014,Kepler,1,2,3.9,1.381,1.678328,0.02778,0.095,1838,1.015,1.12,6004,0.15091,454.883,291.3822988,38.1274595
Kepler-22 b,Kepler-22,Transit,2011,Kepler,1,1,9.1,2.1,289.863876,0.812,0.72,279,0.857,0.869,5596,-0.19024,194.642,289.2172051,47.8841427
Kepler-454 b,Kepler-454,Transit,2015,Kepler,2,3,5.4,2.37,10.5737534,0.09528,0.32,916,1.03,1.066,5687,0.05259,230.869,287.4786474,38.2290751
Kepler-109 b,Kepler-109,Transit,2014,Kepler,1,2,4.9,2.49,6.4816307,0.0701,0.11,1276,1.094,1.387,5950,0.34654,474.861,290.3926795,40.2849074
Kepler-20 c,Kepler-20,Transit,2011,Kepler,2,6,11.1,2.894,10.8540774,0.0936,0.076,828,0.929,0.9164,5495,-0.16451,282.563,287.6979913,42.3385782
K2-36 c,K2-36,Transit,2016,K2,1,2,7.9,3.2,5.340888,0.05528,0.089,854,0.79,0.718,4916,-0.57,109.749,169.4490102,3.8665038
K2-36 b,K2-36,Transit,2016,K2,1,2,4.3,1.43,1.422614,0.02288,0.093,1328,0.79,0.718,4916,-0.57,109.749,169.4490102,3.8665038
Kepler-21 b,Kepler-21,Transit,2012,Kepler,2,1,7.5,1.639,2.7858212,0.0434,0,2015,1.408,1.902,6305,0.715,108.522,287.3619673,38.7141384
HATS-3 b,HATS-3,Transit,2013,HATSouth,1,1,340.382,15.48,3.547851,0.0485,0,1648,1.209,1.404,6351,0.456,411.211,312.4574879,-24.4286938
K2-417 b,K2-417,Transit,2023,K2,1,1,699.2224954,3.31,6.535,0.063,,558,0.569,0.5776,3861,-1.20204,94.0424,350.1417675,-10.0365901
K2-18 c,K2-18,Radial Velocity,2017,La Silla Observatory,1,2,7.51,2.65,8.962,0.06,0.47,363,0.359,0.411,3457,-1.59688,38.0266,172.560141,7.5878315
K2-253 b,K2-253,Transit,2018,K2,1,1,,12.67,4.00167,0.0506,,1238,1.08,1.1,6027,-0.07738,876.565,186.0853062,-6.3789537
Kepler-491 b,Kepler-491,Transit,2016,Kepler,1,1,59,8.92,4.225384512,0.05191,0,1111,1.04,1.03,5582,-0.05683,630.785,287.1305782,42.3501533
HATS-36 b,HATS-36,Transit,2018,HATSouth,1,1,1022.14128,12.92,4.175186,0.0523,0.105,1203,1.1,1.1,5950,0.21484,856.436,291.4787013,-23.2028183
K2-216 b,K2-216,Transit,2018,K2,1,1,8,1.75,2.1748,0.028,0,1103,0.7,0.72,4503,-0.72125,115.461,11.4802354,6.3470302
HIP 81208 C b,HIP 81208 C,Imaging,2023,Paranal Observatory,3,1,4703.860424,12.3,104100,23.04,,2050,0.135,,,,147.533,248.8075,-35.7247583
Kepler-471 b,Kepler-471,Transit,2016,Kepler,1,1,,14.96,5.014234575,0.0626,0,1308,1.49,1.8,6733,0.71017,1249.41,299.0975167,43.4975851
gam Lib c,gam Lib,Radial Velocity,2018,Okayama Astrophysical Observatory,1,2,1662.560397,12.8,966.49,2.318,0.065,,1.78,12.38,4879,1.8973,47.4017,233.8818636,-14.789502
Kepler-93 c,Kepler-93,Radial Velocity,2014,W. M. Keck Observatory,1,2,954,,1460,,,,0.91,0.92,5669,-0.10565,95.9115,291.4181275,38.6723124
Kepler-289 d,Kepler-289,Transit,2014,Kepler,1,4,5.33,3.03,66.0282,0.33,,,1.08,1,5990,0.061,704.438,297.4653351,42.8828517
KELT-8 b,KELT-8,Transit,2015,KELT,1,1,209.7678,18.15858,3.24406,0.0455,0.04,1675,0.81,1.46,5754,0.26483,197.572,283.3054489,24.1272483
WASP-174 b,WASP-174,Transit,2018,SuperWASP-South,1,1,104.8833743,16.10730527,4.2337005,0.05503,0,1528,1.24,1.347,6399,0.43616,410.149,195.7940145,-41.3848617
Kepler-139 e,Kepler-139,Radial Velocity,2023,W. M. Keck Observatory,1,5,378,13.7,2047.635373,3.23579639,0.013121,,1.078,1.045,5622,0.01598,391.038,282.3919451,43.8894167
HD 134606 b,HD 134606,Radial Velocity,2024,Multiple Observatories,1,5,9.09,2.97,12.089,0.1046,0.092,,1.046,1.158,5576,0.06483,26.7909,228.8103897,-70.5203328
HIP 66074 b,HIP 66074,Astrometry,2023,European Space Agency (ESA) Gaia Satellite,1,1,1589.142035,12.9,310.9,0.799,0.948,,0.705,0.69,4300,-0.81816,35.4438,203.1635632,75.0071038
HD 134606 c,HD 134606,Radial Velocity,2024,Multiple Observatories,1,5,11.31,3.37,58.883,0.3007,0.055,,1.046,1.158,5576,0.06483,26.7909,228.8103897,-70.5203328
HD 134606 d,HD 134606,Radial Velocity,2024,Multiple Observatories,1,5,44.8,7.59,966.5,1.941,0.092,,1.046,1.158,5576,0.06483,26.7909,228.8103897,-70.5203328
KMT-2021-BLG-1150L b,KMT-2021-BLG-1150L,Microlensing,2023,KMTNet,1,1,279.6889982,13.9,,4.5,,,0.73,,,,3800,268.790125,-31.3133306
Luhman 16 b,Luhman 16 A,Imaging,2017,Multiple Observatories,1,1,9344.155166,11.9,9697,3.52,0.344,,0.0338,,,-4.66,,162.3282594,-53.3193715
HD 99492 c,HD 99492,Radial Velocity,2023,Roque de los Muchachos Observatory,2,2,17.9,4.42,95.233,,0.063,,0.85,0.822539,4929,-0.4749,18.2038,171.689687,3.0071331
Kepler-1513 c,Kepler-1513,Transit Timing Variations,2023,Multiple Observatories,1,2,84.54235626,11,841.4,,0.125,,0.943,0.95,5491,-0.12901,349.247,289.7917561,39.2852655
HD 134606 e,HD 134606,Radial Velocity,2024,Multiple Observatories,1,5,2.34,1.33,4.3203,0.0527,0.2,,1.046,1.158,5576,0.06483,26.7909,228.8103897,-70.5203328
Kepler-849 b,Kepler-849,Transit,2016,Kepler,1,1,298.7587026,8.08167508,394.62508,1.137,0.078,362.7,1.259,1.822,5950,0.57287,822.134,290.8517961,48.5213243
18 Del b,18 Del,Radial Velocity,2008,Okayama Astrophysical Observatory,2,1,2926.246143,12.5,982.85,2.476,0.024,,2.1,8.8,4980,1.63367,76.222,314.6078375,10.8391378
6 Lyn b,6 Lyn,Radial Velocity,2008,Okayama Astrophysical Observatory,1,1,597.8352336,13.4,919.86,2.028,0.042,,1.32,4.94,4941,1.1186,54.6599,97.6960311,58.1611753
GJ 724 b,GJ 724,Radial Velocity,2023,Calar Alto Observatory,1,1,10.75,3.27,5.101284,0.04685,0.577,611,0.5271,0.52226,3799,-1.2909,16.9658,280.238365,-13.3824997
KMT-2018-BLG-0885L b,KMT-2018-BLG-0885L,Microlensing,2023,KMTNet,1,1,9217.023803,11.9,,1.07,,,0.29,,,,6890,268.9663333,-28.5133611
81 Cet b,81 Cet,Radial Velocity,2008,Okayama Astrophysical Observatory,1,1,1051.058542,13.1,1005.57,2.104,0.037,,1.23,11.21,4734,1.76027,101.26,39.4243555,-3.3963607
HD 104985 b,HD 104985,Radial Velocity,2003,Okayama Astrophysical Observatory,1,1,1766.808115,12.8,199.68,0.715,0.047,,1.22,11.12,4738,1.76989,100.576,181.3157854,76.9053359
GJ 3988 b,GJ 3988,Radial Velocity,2023,Calar Alto Observatory,1,1,3.69,1.74,6.9442,0.0405,0,348,0.1842,0.19734,3273,-2.39513,9.9105,255.8503747,51.4089795
KMT-2019-BLG-0335L b,KMT-2019-BLG-0335L,Microlensing,2023,KMTNet,1,1,6674.396547,12.1,,1.64,,,0.32,,,,7710,262.840125,-29.5906889
M62H b,M62H,Pulsar Timing,2024,South African Radio Astronomy Observatory (SARAO),1,1,785.0361653,,0.132935028,,,,1.4,,,,,255.3074504,-30.1069833
HD 145457 b,HD 145457,Radial Velocity,2010,Subaru Telescope,1,1,888.0125692,13.2,176.13,0.762,0.111,,1.9,9.9,4757,1.65514,135.292,242.5162215,26.7429068
HD 167042 b,HD 167042,Radial Velocity,2007,Lick Observatory,1,1,444.0062846,13.6,417.67,1.22,0.01,,1.39,4.63,4919,1.0569,49.6633,272.6326268,54.2876184
WASP-74 b,WASP-74,Transit,2015,SuperWASP,1,1,228.8376,15.24424,2.13775,0.03443,0,1865,0.98,1.42,5990,0.39971,149.216,304.538843,-1.0760033
CI Tau c,CI Tau,Radial Velocity,2024,Multiple Observatories,1,1,1144.182265,13,25.2,0.17,0.58,,0.9,1.880857,3807,-0.25458,157.998,68.4667685,22.8416192
Kepler-257 b,Kepler-257,Transit,2014,Kepler,1,3,7.32,2.61,2.382667,0.034,0,1237,0.916,1.037,5180,-0.37756,780.256,297.3159994,46.0232642
HD 81688 b,HD 81688,Radial Velocity,2007,Okayama Astrophysical Observatory,1,1,525.6881852,13.5,183.93,0.648,0.04,,1.07,11.13,4797,1.78032,85.7183,142.1665753,45.6009241
WASP-82 b,WASP-82,Transit,2015,SuperWASP,1,1,371.8611,18.15858,2.70579,0.0447,0,2190,1.48,2.1,6480,0.79422,275.664,72.6605916,1.8938365
KMT-2022-BLG-0371L b,KMT-2022-BLG-0371L,Microlensing,2023,KMTNet,1,1,82.63538582,10.9,,3.02,,,0.63,,,,7140,265.3619167,-34.6986694
kap CrB b,kap CrB,Radial Velocity,2007,Lick Observatory,1,1,591.1638,13.4,1253.68,2.5,0.04,,1.33,4.68,4840,1.03583,30.0651,237.8080012,35.6558818
GJ 9404 b,GJ 9404,Radial Velocity,2023,Roque de los Muchachos Observatory,1,1,11.9,3.48,13.4586,0.0943,0.49,,0.62,0.626041,3811,-1,23.8839,184.8472095,28.3827126
HD 100777 b,HD 100777,Radial Velocity,2007,La Silla Observatory,1,1,390.9289406,13.7,383,1.06,0.38,,1.08,1.04,5533,0.02119,49.5336,173.9646303,-4.7555425
HD 180314 b,HD 180314,Radial Velocity,2010,Subaru Telescope,1,1,7216.929638,12,394.73,1.448,0.247,,2.6,9.2,4917,1.64345,122.362,288.7094401,31.8604391
nu Oph b,nu Oph,Radial Velocity,2012,Okayama Astrophysical Observatory,1,2,7057.73298,12,529.93,1.765,0.126,,2.61,12.24,4887,1.89476,46.2107,269.7566013,-9.7741342
TOI-1249 b,TOI-1249,Transit,2024,Transiting Exoplanet Survey Satellite (TESS),1,1,11.9,3.2710301,13.079151,0.109,0,726.89,1.0062,0.9785,5497,-0.10127,139.49,200.5615762,66.3085331
NGC 2682 Sand 1429 b,NGC 2682 Sand 1429,Radial Velocity,2024,Multiple Observatories,1,1,572.0911326,13.4,77.48,0.384,0,683,1.26,2.13,6000,0.73989,852.793,133.0147781,11.6899626
nu Oph c,nu Oph,Radial Velocity,2012,Okayama Astrophysical Observatory,1,2,7838.32346,12,3180.6,5.829,0.179,,2.61,12.24,4887,1.89476,46.2107,269.7566013,-9.7741342
HD 5608 b,HD 5608,Radial Velocity,2012,Okayama Astrophysical Observatory,2,1,371.2235794,13.7,768.7,1.79,0.11,,1.29,5.43,4807,1.15473,58.1105,14.5594349,33.9505774
75 Cet b,75 Cet,Radial Velocity,2012,Okayama Astrophysical Observatory,2,2,787.896621,13.3,696.62,1.912,0.093,,1.92,10.38,4809,1.7145,82.9613,38.0391598,-1.0350269
HD 28254 b,HD 28254,Radial Velocity,2010,La Silla Observatory,2,1,1207.747947,13,1333,2.45,0.95,,1.1,1.48,5664,0.34,55.2884,66.2108141,-50.6228081
omi UMa b,omi UMa,Radial Velocity,2012,Okayama Astrophysical Observatory,2,1,1160.391514,13,1569.81,3.691,0.149,,2.72,13.84,5075,2.06266,54.9149,127.5649503,60.7177048
TOI-6330 b,TOI-6330,Transit,2025,Transiting Exoplanet Survey Satellite (TESS),1,1,3179,10.89,6.8500246,0.05763,0.34,495,0.531,0.49,3539,-1.43168,139.042,22.1679816,53.6860778
Teegarden's Star b,Teegarden's Star,Radial Velocity,2019,Calar Alto Observatory,1,3,1.16,1.05,4.90634,0.0259,0.03,277,0.097,0.12,3034,-3.14146,3.83078,43.2691449,16.8649024
Teegarden's Star c,Teegarden's Star,Radial Velocity,2019,Calar Alto Observatory,1,3,1.05,1.02,11.416,0.0455,0.04,209,0.097,0.12,3034,-3.14146,3.83078,43.2691449,16.8649024
ome Ser b,ome Ser,Radial Velocity,2013,Okayama Astrophysical Observatory,2,1,233.9217076,14,278.59,0.838,0.18,,1.01,10.99,4724,1.73384,76.7556,237.5732422,2.196304
HD 112570 b,HD 112570,Radial Velocity,2023,Multiple Observatories,1,1,1086.973152,13.1,2615,3.9,0.2,,1.15,9.85,4750,1.6466,101.166,194.2824262,46.1765638
Teegarden's Star d,Teegarden's Star,Radial Velocity,2024,Multiple Observatories,1,3,0.82,0.954,26.13,0.0791,0.07,159,0.097,0.12,3034,-3.14146,3.83078,43.2691449,16.8649024
HD 73256 c,HD 73256,Radial Velocity,2023,La Silla Observatory,1,1,5085.254512,12.2,2690,3.8,0.16,,1,0.944723,5570,-0.13198,36.708,129.0949961,-30.0373339
HD 14067 b,HD 14067,Radial Velocity,2014,Okayama Astrophysical Observatory,1,1,4862.774627,12.2,2744,5.15,0.65,,2.4,12.4,4815,1.898,142.024,34.293348,23.7676546
HD 120084 b,HD 120084,Radial Velocity,2013,Okayama Astrophysical Observatory,1,1,2034.101805,12.7,2142,4.21,0.483,,2.16,10.37,4879,1.73783,103.044,205.661989,78.0646376
gam Lib b,gam Lib,Radial Velocity,2018,Okayama Astrophysical Observatory,1,2,357.8747863,13.7,414.88,1.319,0.16,,1.78,12.38,4879,1.8973,47.4017,233.8818636,-14.789502
HD 154391 b,HD 154391,Radial Velocity,2023,Multiple Observatories,1,1,2892.238504,12.5,5163,7.46,0.2,,2.07,8.56,4909,1.58115,100.947,255.3201345,60.6489226
TOI-969 c,TOI-969,Radial Velocity,2022,Multiple Observatories,1,2,3591.460999,12.4,1700,2.52,0.628,96.4,0.734,0.671,4435,-0.70042,77.2554,115.1366858,2.0985879
Kepler-23 c,Kepler-23,Transit,2011,Kepler,1,3,7.81,3.005,10.74,0.09501,0.021,1008,1.078,1.548,5828,0.39783,835.756,294.2189131,49.4792536
WASP-163 b,WASP-163,Transit,2018,SuperWASP-South,1,1,594.3421,13.473218,1.6096884,0.0266,,1638,0.97,1.015,5500,-0.07572,261.386,256.5375549,-10.4130071
WASP-150 b,WASP-150,Transit,2020,SuperWASP-North,1,1,2688.8418,11.99363,5.644207,0.0694,0.3775,1460,1.394,1.651,6218,0.55826,527.995,264.2630197,53.0212751
TOI-907.01,TOI-907,Transit,2024,Transiting Exoplanet Survey Satellite (TESS),1,1,67,9.6158851,4.5849129,0.055225481,,1846.6,1.069357,2.059789,6272,0.75862,312.529,262.1834072,-62.840383
Kepler-57 c,Kepler-57,Transit,2012,Kepler,1,2,6.86,2.196,11.6,0.09588,0.0725,671,0.859,0.826,5187.9,-0.34241,644.14,293.6413146,44.6570692
Kepler-305 d,Kepler-305,Transit,2014,Kepler,1,4,6.2,2.76,16.74,0.12091,0,576,0.827,0.792,5090,-0.42318,868.477,299.2242557,40.343167
TOI-2084 b,TOI-2084,Transit,2023,Transiting Exoplanet Survey Satellite (TESS),2,1,6.66,2.47,6.0784247,0.05006,,527,0.453,0.475,3551,-1.49214,114.549,259.2545389,72.7470231
Kepler-28 b,Kepler-28,Transit,2011,Kepler,1,2,1.63,1.959,5.91,0.05687,0,585,0.684,0.664,4499.3,-0.74494,438.359,292.1370409,42.4294835
TOI-2525 c,TOI-2525,Transit,2023,Transiting Exoplanet Survey Satellite (TESS),1,2,208.8132634,10.13291855,49.2519,0.249,0.157,399.96,0.849,0.785,5096,-0.44009,395.398,86.8509737,-60.5213081
TOI-3321 b,TOI-3321,Transit,2024,Transiting Exoplanet Survey Satellite (TESS),1,1,176.0769375,15.55806521,3.6525145,0.047,0.054,1616,1.041,1.549,5850,0.40483,285.895,265.7603351,-65.0082516
TOI-1136 b,TOI-1136,Transit,2022,Transiting Exoplanet Survey Satellite (TESS),1,6,3.5,1.9,4.1727,0.05106,0.027,1216,1.022,0.968,5770,-0.02687,84.5362,192.1848981,64.8552755
Kepler-28 c,Kepler-28,Transit,2011,Kepler,1,2,2.06,1.857,8.99,0.07519,0.017,509,0.684,0.664,4499.3,-0.74494,438.359,292.1370409,42.4294835
HD 332231 b,HD 332231,Transit,2020,Transiting Exoplanet Survey Satellite (TESS),1,1,74.1,9.07303305,18.712024,0.145,0,798.3,1.1642,1.266,6128,0.30792,80.6665,306.741134,33.7443882
TOI-1807 b,TOI-1807,Transit,2021,Transiting Exoplanet Survey Satellite (TESS),1,1,2.44,1.49681583,0.54937097,0.0122,0,1694.1,0.8048,0.746,4914,-0.53313,42.5775,201.2826259,38.9223671
NGTS-26 b,NGTS-26,Transit,2024,Next-Generation Transit Survey (NGTS),1,1,92.80589484,14.88552637,4.5199279,0.049,0,1331,0.96,1.16,5550,0.10106,1093.69,217.6832961,-31.7324526
TOI-1630.01,TOI-1630,Transit,2024,Transiting Exoplanet Survey Satellite (TESS),1,1,6.42,2.417,12.05573473,0.101151,,584,0.95,0.83,5504,-0.26764,66.0929,352.0166759,75.5526069
TOI-1659.01,TOI-1659,Transit,2024,Transiting Exoplanet Survey Satellite (TESS),1,1,5.71,2.255,5.877556328,0.065757,,1031.14,1.1,1.006,5977,0.06555,122.494,277.9251938,82.3059487
TOI-2095 c,TOI-2095,Transit,2023,Transiting Exoplanet Survey Satellite (TESS),1,2,7.4,1.33,28.17232,0.137,0,297,0.44,0.44,3759,-1.45892,41.9176,285.6365235,75.4185135
TOI-5789 c,TOI-5789,Transit,,Transiting Exoplanet Survey Satellite (TESS),1,4,5,2.86,12.927748,0.1009,0.067,718,0.821,0.833,5185,-0.32883,20.4581,302.7734475,16.1897138
TOI-5789 b,TOI-5789,Radial Velocity,2026,Multiple Observatories,1,4,2.12,1.26,2.76369,0.03608,0,1201,0.821,0.833,5185,-0.32883,20.4581,302.7734475,16.1897138
2MASS J11550485-7919108 b,2MASS J11550485-7919108,Imaging,2024,European Space Agency (ESA) Gaia Satellite,1,1,6356.56814,12.1,,587,,2506,0.58846,0.600455,3021,-1.56774,100.862,178.7691634,-79.3197558
TOI-6016 b,TOI-6016,Transit,2024,Transiting Exoplanet Survey Satellite (TESS),1,1,371.8592362,13.67495645,4.023687,0.055,0,1890,1.31,1.51,6110,0.4609,364.715,4.5239602,59.7661983
HAT-P-52 b,HAT-P-52,Transit,2015,HATNet,1,1,259.98494,11.309881,2.7535953,0.03694,0.047,1218,0.887,0.893,5131,-0.30452,361.155,42.7217412,29.0222492
G 196-3 b,G 196-3,Imaging,2024,European Space Agency (ESA) Gaia Satellite,1,1,8263.538582,12,,350,,1670,0.519782,0.522432,3517,-1.42456,21.7912,151.0884754,50.3861806
TIC 365102760 b,TIC 365102760,Transit,2024,Transiting Exoplanet Survey Satellite (TESS),1,1,19.2,6.21,4.21285367,0.0622,0.406,,1.17,3.13,4900,0.707,555.546,305.8398236,54.3943194
OGLE-2023-BLG-0836L b,OGLE-2023-BLG-0836L,Microlensing,2024,OGLE,2,1,1385.731855,12.9,,3.7,,,0.71,,,,5120,267.186875,-23.7415194
WD 1856+534 b,WD 1856+534,Transit,2020,Transiting Exoplanet Survey Satellite (TESS),3,1,4386.054,10.4,1.4079405,0.0204,0,163,0.518,0.0131,4710,-4.12,24.7359,284.415675,53.5090244
HAT-P-60 b,HAT-P-60,Transit,2021,HATNet,1,1,182.4335056,18.28184752,4.7947813,0.06277,0.25,1772,1.435,2.197,6212,0.80889,233.22,28.2825719,52.0539209
HD 48265 c,HD 48265,Radial Velocity,2026,Las Campanas Observatory,1,2,1414.336411,12.9,10418,10.4,0.41,,1.38,2.05,5805,0.58433,90.5446,100.0073683,-48.5418284
TOI-1294 b,TOI-1294,Transit,2024,Transiting Exoplanet Survey Satellite (TESS),1,2,63.9,10.12369881,3.915292,0.051,0,1392.74,1.1578,1.5566,5718,0.36847,332.648,223.0926408,70.4765573
TOI-1669 c,TOI-1669,Transit,2024,Transiting Exoplanet Survey Satellite (TESS),1,2,13,2.2963977,2.6800535,0.0376,0,1285.16,0.9867,1.0561,5497,-0.03574,111.276,45.9564744,83.5874273
TOI-1811 b,TOI-1811,Transit,2023,Transiting Exoplanet Survey Satellite (TESS),1,1,308.9292116,11.14172682,3.7130765,0.04389,0.052,962.2,0.817,0.769,4766,-0.56019,128.23,188.9223576,27.2143766
TOI-1823 b,TOI-1823,Transit,2024,Transiting Exoplanet Survey Satellite (TESS),1,1,67.4,7.5406241,38.8,0.212,0,423.63,0.8414,0.8049,4927,-0.46092,71.6456,196.2197201,63.753261
TIC 139270665 c,TIC 139270665,Radial Velocity,2024,Lick Observatory,1,2,1554.18091,12.9,1010,2,0.566,200,1.035,1.016,5844,0.03222,189.875,124.0338967,33.2914532
TIC 139270665 b,TIC 139270665,Transit,2024,Transiting Exoplanet Survey Satellite (TESS),1,2,147.1545524,7.22979255,23.624,0.163,0.105,703,1.035,1.016,5844,0.03222,189.875,124.0338967,33.2914532
Kepler-43 b,Kepler-43,Transit,2011,Kepler,1,1,1026.5909,13.663771,3.0240949,0.046,0.017,1620,1.32,1.42,6041,0.326,1005.84,285.2408288,46.6682411
TOI-3364 b,TOI-3364,Transit,2023,Transiting Exoplanet Survey Satellite (TESS),1,1,530.7734397,12.22899794,5.8768918,0.0675,0,1264,1.186,1.419,5706,0.28556,277.899,144.5377709,-49.3352226
TOI-6029 b,TOI-6029,Transit,2024,Transiting Exoplanet Survey Satellite (TESS),1,1,519.6494454,14.39233122,5.7987,,0.091,1484,1.548,2.338,6223,0.79934,603.119,8.3862555,61.8607659
HAT-P-69 b,HAT-P-69,Transit,2019,HATNet,1,1,1137.8314,18.786284,4.7869491,0.06555,0,1930,1.648,1.926,7394,1,341.263,130.5056385,3.7105662
TOI-1266 c,TOI-1266,Transit,2020,Transiting Exoplanet Survey Satellite (TESS),1,3,3.17,1.98,18.8027,0.105,0.071,346,0.437,0.4232,3563,-1.58021,36.0118,197.9965833,65.8336973
HD 48948 c,HD 48948,Radial Velocity,2024,Roque de los Muchachos Observatory,1,3,7.27,2.6,38.06,0.1951,0.55,553,0.686,0.679,4593,-0.78885,16.9043,102.489811,60.3373133
TOI-1346 b,TOI-1346,Transit,2025,Transiting Exoplanet Survey Satellite (TESS),1,2,6.3,2.39,1.7622538,,,1324,0.82,0.78,5099,-0.47288,115.45,256.6226752,68.8433031
KMT-2023-BLG-0416L b,KMT-2023-BLG-0416L,Microlensing,2024,KMTNet,1,1,13.03096469,3.67,,2.96,,,0.63,,,,5900,266.3240417,-25.0794889
GJ 900 b,GJ 900 A,Imaging,2024,Multiple Observatories,3,1,3496.112477,12.4,,12000,,,1.08,0.716187,3976,-0.921,20.8065,353.7526177,1.6055211
TOI-2580 b,TOI-2580,Transit,2024,Transiting Exoplanet Survey Satellite (TESS),1,1,200.2318964,17.37392009,3.39775,0.048,0.08,2410,1.33,1.81,6120,0.61595,379.253,62.1992072,67.1165264
TOI-3464 b,TOI-3464,Transit,2025,Transiting Exoplanet Survey Satellite (TESS),1,1,397.2855088,13.7646283,3.6515568,0.0515,0.25,1693,1.363,1.56,6370,0.55871,597.774,234.4830357,-44.7899772
HD 76920 b,HD 76920,Radial Velocity,2017,Multiple Observatories,1,1,994.8029139,13.1,415.891,1.091,0.8782,,1,8.33,4664,1.46982,184.031,133.820353,-67.2653621
KMT-2023-BLG-1454L b,KMT-2023-BLG-1454L,Microlensing,2024,KMTNet,1,1,200.2318964,14.1,,1.18,,,0.17,,,,7220,267.6200833,-29.62275
Kepler-448 c,KOI-12,Transit Timing Variations,2017,Kepler,1,2,6992.26,12,2500,4.2,0.65,,1.5,1.4,6635,0.62645,399.398,297.4537402,41.0110188
HIP 39017 b,HIP 39017,Imaging,2024,Multiple Observatories,1,1,7500.750405,12,31000,22.1,0.55,,1.52,1.51987,7201,0.74788,66.3217,119.7665756,-4.3326006
HIP 54515 b,HIP 54515,Imaging,2026,Subaru Telescope,1,1,5625.562804,12.2,33000,24.8,0.42,,1.9,1.64915,8100,1.02101,82.8101,167.3066308,-1.3332838
HD 72659 c,HD 72659,Radial Velocity,2022,Multiple Observatories,1,2,6165.871096,12.1,35500,21.5,0.114,,1.033,1.36,5929,0.37397,51.8949,128.5128072,-1.5686323
TOI-1410.01,TOI-1410,Transit,2024,Transiting Exoplanet Survey Satellite (TESS),1,2,12.5,3.10083009,1.21687,0.0207,0,1236.7,0.7941,0.7558,4635,-0.6216,72.7512,334.8828486,42.5603141
Kepler-24 c,Kepler-24,Transit,2011,Kepler,1,4,9.99,2.514,12.33,0.10612,0.014,915,1.06,1.099,6028,0.064,1156.81,290.4132621,38.3437283
TOI-1846 b,TOI-1846,Transit,2025,Transiting Exoplanet Survey Satellite (TESS),1,1,3.87,1.792,3.9306737,0.03646,,568.1,0.418,0.397,3568,-1.63714,47.2496,257.9549645,54.5278483
TOI-3523 A b,TOI-3523 A,Transit,2025,Transiting Exoplanet Survey Satellite (TESS),3,1,435.4249176,15.9727975,2.30458952,0.03559,0.047,1984,1.131,1.448,6450,0.51455,645.294,304.2834581,42.9065338
Kepler-24 b,Kepler-24,Transit,2011,Kepler,1,4,11.14,2.348,8.14,0.08045,0.023,1050,1.06,1.099,6028,0.064,1156.81,290.4132621,38.3437283
TOI-6041 b,TOI-6041,Transit,2025,Transiting Exoplanet Survey Satellite (TESS),1,2,28.9,4.55,26.04945,0.1651,,605.6,0.885,0.879,5445,-0.21254,72.4731,46.0610334,43.5576668
MOA-2022-BLG-563L b,MOA-2022-BLG-563L,Microlensing,2024,MOA,1,1,127.1313628,14,,2.15,,,0.48,,,,6530,270.3002083,-27.8358306
2MASS J0249-0557 c,2MASS J0249-0557 A,Imaging,2018,Mauna Kea Observatory,2,1,3686.809521,12.4,,1950,,,0.046,0.315959,2859,-2.59,66.0613,42.4851627,-5.9599921
KMT-2016-BLG-2321L b,KMT-2016-BLG-2321L,Microlensing,2024,KMTNet,1,1,301.9369867,13.8,,3.58,,,0.73,,,,3580,264.0579167,-25.5248806
K2-203 b,K2-203,Transit,2018,K2,1,1,2.14,1.26549392,9.6952,0.0824,0.23,738.4,0.793,0.765,5026,-0.47237,166.147,12.7736909,-1.1958844
TOI-1742 b,TOI-1742,Transit,2024,Transiting Exoplanet Survey Satellite (TESS),1,1,9.7,2.36507598,21.269084,0.154,0.3,694.09,1.0861,1.131,5815,0.12123,72.8871,257.3288678,71.8766724
Gaia22dkvL b,Gaia22dkvL,Microlensing,2024,European Space Agency (ESA) Gaia Satellite,1,1,187.8365885,14.1,,1.4,,,1.145,,,,1270,151.769,-66.1808889
TOI-2134 b,TOI-2134,Transit,2023,Transiting Exoplanet Survey Satellite (TESS),1,2,9.13,2.69,9.2292005,0.078,0.06,666,0.744,0.709,4580,-0.7167,22.6202,271.9355015,39.0729269
TOI-2120 b,TOI-2120,Transit,2024,Transiting Exoplanet Survey Satellite (TESS),1,1,6.8,2.122,5.7998164,0.0377,0.32,384,0.211,0.245,3131,-2.28651,32.1755,23.507315,65.5139877
K2-208 b,K2-208,Transit,2018,K2,1,1,3.45,1.67462172,4.19097,0.04878,0.37,1122,0.881,0.872,5500,-0.20135,256.887,20.7789809,0.8890076
K2-225 b,K2-225,Transit,2018,K2,1,1,12.7,3.60929179,15.8723,0.1409,0.23,923,1.482,1.7,5520,0.38202,357.778,186.5410958,-9.6248232
TOI-6054.01,TOI-6054,Transit,2024,Transiting Exoplanet Survey Satellite (TESS),1,2,12.5,2.64,7.501428,0.0763,0.164,1360,1.107,1.662,6047,0.52244,79.407,56.337007,60.350917
WASP-168 b,WASP-168,Transit,2018,SuperWASP-South,2,1,133.4886,16.8135,4.153658,0.0519,0,1340,1.08,1.12,6000,0.15518,303.941,96.7446427,-46.8213635
WASP-126 c,WASP-126,Transit Timing Variations,2019,Transiting Exoplanet Survey Satellite (TESS),1,2,64.2,9.38,7.63,,0.05,,1.12,1.27,5800,0.15879,216.526,63.374706,-69.2265926
TOI-220 b,TOI-220,Transit,2021,Transiting Exoplanet Survey Satellite (TESS),1,1,13.8,3.03,10.695264,0.08911,0.032,805,0.825,0.858,5298,-0.26668,90.7402,91.7996988,-61.9972098
NGTS-12 b,NGTS-12,Transit,2020,Next-Generation Transit Survey (NGTS),1,1,66.10864,11.747032,7.532806,0.0757,0,1257,1.021,1.589,5690,0.33843,446.442,176.2499418,-35.640563
K2-7 b,K2-7,Transit,2015,K2,1,1,15.3,4.03523305,28.6781,0.1867,0.24,786,1.056,1.533,5700,0.35025,738.553,167.0937488,-1.065855
K2-226 b,K2-226,Transit,2018,K2,1,1,2.98,1.53899305,3.27109,0.04095,0.22,1187,0.856,0.889,5288,-0.25337,211.265,183.6456643,-9.5626286
eps Ind A b,eps Ind A,Radial Velocity,2019,La Silla Observatory,3,1,2005.497248,12.7,16510,28.4,0.4,275,0.76,0.679,4760,-0.6216,3.63857,330.8714021,-56.7969023
TOI-2382 b,TOI-2382,Transit,2025,Transiting Exoplanet Survey Satellite (TESS),1,1,235.1930212,12.25141591,4.6612061,0.059,0.18,1426,1.26,1.417,6033,0.37967,434.92,356.3751852,-16.114124
NGTS-31 b,NGTS-31,Transit,2025,Transiting Exoplanet Survey Satellite (TESS),1,1,355.9678158,18.04645893,4.162734,0.064,0,1410,0.96,1.7,5710,0.443,497.376,80.4212533,-38.656827
WASP-173 A b,WASP-173 A,Transit,2018,SuperWASP-South,2,1,1172.7927,13.4508,1.38665318,0.0248,0,1880,1.05,1.11,5800,0.08279,232.98,354.1686959,-34.6113042
LP 890-9 c,LP 890-9,Transit,2022,SPECULOOS Southern Observatory,1,2,25.3,1.367,8.457463,0.03984,,272,0.118,0.1556,2850,-2.84134,32.4298,64.1309096,-28.3157909
TOI-1203.01,TOI-1203,Transit,2021,Transiting Exoplanet Survey Satellite (TESS),1,4,7.39,2.918,25.502672,0.1632,0.032,743.6,0.886,1.179,5737,0.12977,64.9943,168.2267358,-34.4069371
TOI-837 b,TOI-837,Transit,2020,Transiting Exoplanet Survey Satellite (TESS),1,1,120.4569663,9.16894621,8.3249113,0.0888,0,995.3,1.142,1.052,5995,0.1271,142.488,157.0372806,-64.5052107
WASP-47 b,WASP-47,Transit,2012,SuperWASP,1,4,374,12.86,4.159151,0.052,0.0006,1275,1.058,1.156,5565,0.03167,264.78,331.203092,-12.019067
OGLE-2017-BLG-0448L b,OGLE-2017-BLG-0448L,Microlensing,2024,OGLE,1,1,15.6,4.08,,5.75,,,0.5,,,,7530,268.668625,-31.0319167
BD-17 63 b,BD-17 63,Radial Velocity,2008,La Silla Observatory,1,1,1639.99458,12.8,655.57,1.34,0.5439,,0.741,0.74,4714,-0.678,34.4603,7.1413494,-16.2273254
TOI-1859 b,TOI-1859,Transit,2023,Transiting Exoplanet Survey Satellite (TESS),1,1,68.6,9.75181321,63.48347,0.337,0.57,615,1.287,1.36,6341,0.47671,224.385,279.8317644,69.5228726
TIC 4672985 b,TIC 4672985,Transit,2024,Transiting Exoplanet Survey Satellite (TESS),1,1,4049.133905,11.5004142,69.048,0.33,0.018,517.2,1.01,1.15,5757,0.11394,253.385,38.4706782,-10.6573827
TOI-2803 A b,TOI-2803 A,Transit,2023,Transiting Exoplanet Survey Satellite (TESS),2,1,309.8826968,18.11371281,1.96229325,0.03185,0,1893,1.118,1.245,6280,0.33646,494.818,93.1147397,-23.4924956
K2-57 b,K2-57,Transit,2016,K2,1,1,5.94,2.30905002,9.0073,0.0752,0.25,635.8,0.699,0.671,4413,-0.8122,264.213,342.6918241,-14.0700007
CoRoT-12 b,CoRoT-12,Transit,2010,CoRoT,1,1,291.438,16.14,2.828042,0.04016,0.07,1442,1.078,1.116,5675,0.07,1126.37,100.7656871,-1.2964437
WASP-160 B b,WASP-160 B,Transit,2018,SuperWASP-South,2,1,88.35674,12.21781,3.7684952,0.0452,0,1119,0.87,0.868,5298,-0.31796,288.326,87.679561,-27.6233218
TOI-132 b,TOI-132,Transit,2020,Transiting Exoplanet Survey Satellite (TESS),1,1,22.4,3.42,2.1097019,0.026,0.059,1395,0.97,0.9,5397,-0.22185,163.678,338.3996623,-43.436872
TOI-700 d,TOI-700,Transit,2020,Transiting Exoplanet Survey Satellite (TESS),1,4,1.25,1.073,37.42396,0.1633,0.042,268.8,0.415,0.421,3459,-1.64016,31.1265,97.0957165,-65.5786149
TOI-892 b,TOI-892,Transit,2020,Transiting Exoplanet Survey Satellite (TESS),1,1,301.9385,11.99363,10.62656,0.092,0.125,1397,1.28,1.39,6261,0.43136,340.543,86.738228,-11.2353401
TOI-1272 c,TOI-1272,Radial Velocity,2022,W. M. Keck Observatory,1,2,21.7,4.95,8.6811,0.079,0.12,697,0.8772,0.7934,5065,-0.42597,137.572,199.1962036,49.8610591
K2-19 b,K2-19,Transit,2015,K2,1,3,30.8,6.59,7.922806,0.07487,0.043,857,0.892,0.824,5350,-0.29196,289.827,174.9602543,0.603596
K2-19 c,K2-19,Transit,2015,K2,1,3,11.12,3.88,11.8977,0.0982,0.067,749,0.892,0.824,5350,-0.29196,289.827,174.9602543,0.603596
TOI-2169 A b,TOI-2169 A,Transit,2025,Transiting Exoplanet Survey Satellite (TESS),2,1,329.5880581,12.50922246,8.2148282,0.0896,0.045,1364,1.42,1.82,6270,0.66558,351.487,279.1701117,23.2586193
TOI-2407 b,TOI-2407,Transit,2025,Transiting Exoplanet Survey Satellite (TESS),1,1,16.8,4.26,2.702969,0.033,0.08,705,0.548,0.567,3530,-1.34872,92.4366,49.746545,-46.458025
TOI-2876 b,TOI-2876,Transit,2025,Transiting Exoplanet Survey Satellite (TESS),1,1,54.03082919,9.6397234,6.2996431,0.0654,0.13,929,0.939,0.873,5271,-0.27654,225.744,110.2473528,-21.1146384
TOI-2886 b,TOI-2886,Transit,2025,Transiting Exoplanet Survey Satellite (TESS),1,1,444.9597698,18.6405349,1.60200105,0.02871,0.11,1978,1.229,1.241,6240,0.32222,413.673,110.0076569,-10.5698414
WASP-155 b,WASP-155,Transit,2025,SuperWASP,1,1,276.8285425,13.45077684,3.110413,0.043,0,1468,1.09,1.24,5660,0.14142,399.63,347.979723,33.0476125
LHS 1815 b,LHS 1815,Transit,2020,Transiting Exoplanet Survey Satellite (TESS),1,1,1.58,1.088,3.814334,0.0404,0,617,0.502,0.501,3643,-1.38722,29.8424,91.0899861,-55.3115376
HD 75898 c,HD 75898,Radial Velocity,2024,Multiple Observatories,1,2,2698.363175,12.6,6717,7.39,0.08,,1.295,1.55,6122,0.46,78.0505,133.4611999,33.0566885
Kepler-963 c,Kepler-963,Transit,2024,Kepler,1,2,0.156,0.6,0.919783,,,,0.821,0.928,5169.47,-0.22463,771.494,296.7529742,45.0411049
TOI-654.01,TOI-654,Transit,2024,Transiting Exoplanet Survey Satellite (TESS),1,1,8.71,2.378,1.527561,0.01944,0,794,0.419,0.43,3521,-1.60906,57.7553,164.7245509,-5.5475446
TOI-1937 A b,TOI-1937 A,Transit,2023,Transiting Exoplanet Survey Satellite (TESS),2,1,638.8350981,13.97759893,0.94667944,0.01932,0,2097,1.072,1.08,5814,0.0799,415.135,116.3707214,-52.3832587
Kepler-1489 c,Kepler-1489,Transit,2024,Kepler,1,2,0.087,0.51,0.680741,,,,0.977,0.957,5565.53,0.19764,1283.05,281.2957984,44.4654063
HD 86728 b,HD 86728,Radial Velocity,2025,Multiple Observatories,1,1,9.43,3.03,31.1515,0.1916,0.067,,0.967,1.237,5610,0.13513,14.9202,150.250054,31.9218216
KMT-2022-BLG-0303L b,KMT-2022-BLG-0303L,Microlensing,2024,KMTNet,1,1,163.0459728,14.2,,4.81,,,0.368,,,,6570,268.033125,-22.6890806
TOI-5076 b,TOI-5076,Transit,2024,Transiting Exoplanet Survey Satellite (TESS),2,1,16.14568308,3.48935569,23.443162,0.1481,0,550,0.789,0.844,4780,-0.47366,82.857,50.5104166,17.2392094
TOI-5398 c,TOI-5398,Transit,2023,Transiting Exoplanet Survey Satellite (TESS),1,2,11.8,3.52,4.77271,0.057,0.14,1242,1.146,1.051,6000,0.11725,130.855,161.8795569,36.3294345
XO-2 N b,XO-2 N,Transit,2007,XO,2,3,179.89178,11.130537,2.61586178,0.0368,0.028,1328,0.971,0.99,5340,-0.08823,154.273,117.0267691,50.2251472
KELT-6 b,KELT-6,Transit,2014,KELT,1,2,165.2716,14.5717,7.8457,0.07939,0.22,1313,1.42,1.73,6102,0.493,240.726,195.9818362,30.640145
Kepler-485 b,Kepler-485,Transit,2016,Kepler,1,1,,14.41,3.243259796,0.04401,0,1243,1.07,1.09,5958,0.07908,1140.95,294.9963415,50.4700458
CoRoT-19 b,CoRoT-19,Transit,2011,CoRoT,1,1,352.78,14.46,3.89713,0.0518,0.047,2000,1.21,1.65,6090,0.544,790.663,97.0335983,-0.1707293
Kepler-222 d,Kepler-222,Transit,2014,Kepler,1,3,13.2,3.69,28.081912,0.18,0,522,0.933,0.869,5433,-0.33784,758.854,287.9060885,46.9377479
TOI-1899 b,TOI-1899,Transit,2020,Transiting Exoplanet Survey Satellite (TESS),1,1,212.9450327,11.09689089,29.090312,0.1525,0.044,378,0.632,0.607,3926,-1.05685,128.438,299.4268472,40.1433462
HIP 67522 b,HIP 67522,Transit,2020,Transiting Exoplanet Survey Satellite (TESS),1,2,71.4,9.9872018,6.9594731,0.0748,0.064,1175,1.22,1.38,5675,0.24304,127.28,207.526001,-40.8358961
TOI-122 b,TOI-122,Transit,2020,Transiting Exoplanet Survey Satellite (TESS),1,1,7.85,2.72,5.07803,0.0392,0,471,0.312,0.334,3403,-1.85387,62.118,332.9482355,-58.946085
TOI-2005 b,TOI-2005,Transit,2025,Transiting Exoplanet Survey Satellite (TESS),1,1,2034.101805,11.99360935,17.305904,0.16,0.597,1221.39,1.59,2.02,7130,0.96237,328.475,164.031654,-43.3766967
TOI-2236 b,TOI-2236,Transit,2022,Transiting Exoplanet Survey Satellite (TESS),1,1,502.1688831,14.36991326,3.5315902,0.05009,0,1688,1.343,1.573,6248,0.53275,355.59,20.1660113,-86.979965
TOI-2969 b,TOI-2969,Transit,2025,Transiting Exoplanet Survey Satellite (TESS),1,1,368.6809521,12.32987877,1.8237146,0.0261,0,1186,0.71,0.7,4738,-0.58503,163.996,150.0626247,-47.4452436
OGLE-2016-BLG-1598L b,OGLE-2016-BLG-1598L,Microlensing,2024,OGLE,1,1,120.7747947,13.6,,2.5,,,0.55,,,,5910,270.19075,-29.1754389
OGLE-2016-BLG-1800L b,OGLE-2016-BLG-1800L,Microlensing,2024,OGLE,1,1,823.1755741,13.2,,1.88,,,0.41,,,,6480,269.9032083,-30.8653611
HAT-P-40 b,HAT-P-40,Transit,2012,HATNet,1,1,152.5584,17.03768,4.45724,0.0608,0,1770,1.03,1.94,6080,0.778,464.469,335.5129199,45.4573423
Gaia-5 b,Gaia-5,Astrometry,2025,European Space Agency (ESA) Gaia Satellite,1,1,6633.078854,12.1,358.62,,0.6423,,0.339,0.345,3447,-1.82594,41.1813,302.0408173,41.9415455
GJ 1289 b,GJ 1289,Radial Velocity,2024,Multiple Observatories,1,1,6.27,2.38,111.74,0.27,0,150,0.21,0.245012,3296,-2.25995,8.35147,355.7813464,36.5363314
TOI-1199 b,TOI-1199,Transit,2024,Transiting Exoplanet Survey Satellite (TESS),1,1,75.96098927,10.5140239,3.671463,0.04988,0.03,1486,1.23,1.45,5710,0.30428,248.427,166.8806581,61.3525723
HD 87816 c,HD 87816,Radial Velocity,2025,La Silla Observatory,1,2,3877.506565,12.4,7596,10.14,0.19,,2.41,9,4989,1.65514,133.233,151.5296524,-52.1878679
HD 94890 b,HD 94890,Radial Velocity,2025,La Silla Observatory,1,2,676.9745069,13.3,824.61,2.07,0.22,,1.74,10.71,4867,1.7635,61.7012,164.1797804,-37.1383035
TOI-2010 b,TOI-2010,Transit,2023,Transiting Exoplanet Survey Satellite (TESS),1,1,408.7273314,11.81426566,141.834025,0.5516,0.212,400.2,1.112,1.079,5929,0.11361,109.19,292.1669417,53.4873694
HD 94890 c,HD 94890,Radial Velocity,2025,La Silla Observatory,1,2,2831.851106,12.5,2492.19,4.33,0.05,,1.74,10.71,4867,1.7635,61.7012,164.1797804,-37.1383035
TIC 434398831 b,TIC 434398831,Transit,2025,Transiting Exoplanet Survey Satellite (TESS),1,2,12.1,3.51,3.685504,0.04641,0.04,1250,0.992,0.909,5638,-0.14351,217.011,93.9592639,16.0238459
TIC 434398831 c,TIC 434398831,Transit,2025,Transiting Exoplanet Survey Satellite (TESS),1,2,27,5.63,6.210291,0.06572,0.013,1050,0.992,0.909,5638,-0.14351,217.011,93.9592639,16.0238459
K2-360 c,EPIC 201595106,Radial Velocity,2024,Multiple Observatories,1,2,15.23,4.02,9.79692,0.0883,0.11,912,0.958,0.98,5679,-0.04915,232.1,183.7203635,1.9681688
EPIC 201595106 b,EPIC 201595106,Transit,2021,K2,1,2,7.67,1.565,0.87724,0.0177,0,2038,0.958,0.98,5679,-0.04915,232.1,183.7203635,1.9681688
TOI-2322 c,TOI-2322,Transit,2025,Transiting Exoplanet Survey Satellite (TESS),1,2,18.1,1.874,20.225528,0.1362,0,496.8,0.703,0.662,4664,-0.74232,59.861,116.9731027,-71.0019671
KMT-2017-BLG-2197L b,KMT-2017-BLG-2197L,Microlensing,2025,KMTNet,1,1,2809.603118,12.5,,15.91,,,0.36,,,,7800,262.6113333,-30.1593111
GJ 581 e,GJ 581,Radial Velocity,2009,La Silla Observatory,1,3,2.48,1.38,3.1481,0.02799,0.012,,0.295,0.302,3500,-1.90781,6.2981,229.8564725,-7.7226935
Kepler-279 e,Kepler-279,Transit,2025,Kepler,1,4,56,4.13,98.3531,0.439,0,552,1.164,1.43,6689.45,0.5188,1037.4,287.391295,42.194822
KMT-2022-BLG-2076L b,KMT-2022-BLG-2076L,Microlensing,2025,KMTNet,1,1,279.6889982,13.9,,5.67,,,0.67,,,,5570,268.051125,-29.0279306
nu Oct A b,nu Oct A,Radial Velocity,2016,University of Canterbury Mt John Observatory,2,1,696.0442113,13.3,402.4,1.24,0.195,,1.57,5.04,4910,1.12057,21.1999,325.3702792,-77.3910853
LHS 1478 b,LHS 1478,Transit,2021,Transiting Exoplanet Survey Satellite (TESS),1,1,2.33,1.242,1.9495378,0.01848,,595,0.236,0.246,3381,-2.14569,18.2276,44.3388743,76.5514045
TOI-782 b,TOI-782,Transit,2024,Transiting Exoplanet Survey Satellite (TESS),1,1,19.1,2.734,8.0240015,0.0578,0.19,435,0.397,0.413,3370,-1.70246,52.5122,183.9203614,-18.9103377
HIP 9618 c,HIP 9618,Transit,2023,Transiting Exoplanet Survey Satellite (TESS),1,2,7,3.42855926,52.56363,0.269,0,470.31,0.942,0.9593,5649,-0.0716,67.5478,30.9050061,21.2813274
KOBE-1 b,KOBE-1,Radial Velocity,2025,Calar Alto Observatory,1,2,8.8,2.91,8.5399,0.07006,0,594.4,0.629,0.619,4135,-0.99576,23.9718,19.1660378,25.3310358
Gl 725 A b,Gl 725 A,Radial Velocity,2025,Multiple Observatories,2,1,2.78,1.48,11.2201,0.068,0,,0.33,0.351,3433,-1.809,3.5214,280.6834312,59.638109
KOBE-1 c,KOBE-1,Radial Velocity,2025,Calar Alto Observatory,1,2,12.4,3.56,29.671,0.16071,0,392.5,0.629,0.619,4135,-0.99576,23.9718,19.1660378,25.3310358
G 261-6 b,G 261-6,Radial Velocity,2025,Calar Alto Observatory,1,1,1.37,1.1,5.4536,0.02971,0,322.3,0.118,0.153162,2907,-2.82122,10.6267,291.07432,75.5558405
G 192-15 b,G 192-15,Radial Velocity,2025,Calar Alto Observatory,1,2,1.03,1.02,2.27476,0.01723,0,453.6,0.132,0.170718,2999,-2.67285,9.53114,90.6220931,49.861939
TOI-5817 b,TOI-5817,Transit,2025,Transiting Exoplanet Survey Satellite (TESS),2,1,10.3,3.08,15.61031,0.1223,0.2,950,0.97,1.427,5770,0.31175,80.7542,322.3777987,21.474527
TOI-6324 b,TOI-6324,Transit,2025,Transiting Exoplanet Survey Satellite (TESS),1,1,1.17,1.059,0.279221,,0,1216,0.269,0.293,3247,-1.99802,20.5488,330.844543,67.4986773
WASP-22 b,WASP-22,Transit,2010,SuperWASP,1,1,212.9461,13.78707,3.53269,0.047,0.02,1502,1.46,1.24,6000,0.245,317.652,52.8180374,-23.8197924
OGLE-2016-BLG-0007L b,OGLE-2016-BLG-0007L,Microlensing,2025,OGLE,1,1,1.32,1.09,14200,10.1,,,0.59,,,,4300,268.3560417,-29.64225
K2-371 b,K2-371,Transit,2022,K2,1,1,,13.024,3.114905,,,956.83,0.958,0.736,4925,-0.51657,442.813,128.0670932,11.6307099
KMT-2023-BLG-0949L b,KMT-2023-BLG-0949L,Microlensing,2025,KMTNet,1,1,1900.613874,12.8,,2.03,,,0.48,,,,6060,263.4194167,-28.0914611
GJ 3998 c,GJ 3998,Radial Velocity,2016,Roque de los Muchachos Observatory,1,3,6.82,2.5,13.727,0.09,0,,0.52,0.5,3726,-1.358,18.1459,259.0020507,11.0561751
Kepler-105 b,Kepler-105,Transit,2013,Kepler,1,2,10.8,2.53,5.4122034,0.06016,0.02,1418,0.991,1.026,5933,0.09657,459.223,287.8872376,46.2761224
Kepler-105 c,Kepler-105,Transit,2014,Kepler,1,2,5.6,1.44,7.12592,0.07229,0.02,997,0.991,1.026,5933,0.09657,459.223,287.8872376,46.2761224
NGTS-35 b,NGTS-35,Transit,2025,Transiting Exoplanet Survey Satellite (TESS),1,1,152,10.9,25.241192,0.16,0.192,451,0.789,0.753,4717,-0.59688,183.078,170.276336,-26.0666162
TOI-1294 c,TOI-1294,Radial Velocity,2024,W. M. Keck Observatory,1,2,147,14.3,159.9,0.61,0,,1.1578,1.5566,5718,0.36847,332.648,223.0926408,70.4765573
KMT-2023-BLG-0830L b,KMT-2023-BLG-0830L,Microlensing,2025,KMTNet,1,1,17.79839079,4.41,,1.7,,,0.22,,,,7250,271.6579583,-28.3323111
Kepler-1656 b,Kepler-1656,Transit,2018,Kepler,1,2,47.8,4.574,31.562,0.1974,0.838,651,1.03,1.1,5569,0.02083,185.875,284.4722473,39.911889
KMT-2024-BLG-1281L b,KMT-2024-BLG-1281L,Microlensing,2025,KMTNet,1,1,19.06970442,4.59,,1.96,,,0.32,,,,7180,165.169375,-32.71425
KMT-2017-BLG-0849L b,KMT-2017-BLG-0849L,Microlensing,2024,KMTNet,1,1,6.39,2.41,,2.73,,,0.19,,,,7220,265.3594583,-25.2812194
ZTF J1828+2308 b,ZTF J1828+2308,Transit,2025,Zwicky Transient Facility,1,1,6356.56814,11.13051784,0.1120067,,,,0.61,0.0131,15900,-2,201.827,277.2031946,23.1439121
KMT-2017-BLG-2331L b,KMT-2017-BLG-2331L,Microlensing,2024,KMTNet,1,1,171,14.2,,2.14,,,0.4,,,,8030,264.4072083,-29.4612111
KMT-2023-BLG-1743L b,KMT-2023-BLG-1743L,Microlensing,2024,KMTNet,1,1,6356.56814,12.1,,1.16,,,0.11,,,,7130,269.16525,-28.8549194
TOI-406 c,TOI-406,Transit,2024,Transiting Exoplanet Survey Satellite (TESS),1,2,2.08,1.32,3.307441,0.0322,0.032,584,0.408,0.41,3392,-1.71444,31.0597,49.2626428,-42.2441492
KMT-2019-BLG-0578L b,KMT-2019-BLG-0578L,Microlensing,2025,KMTNet,1,1,381.3940884,13.7,,2,,,0.28,,,,7300,269.4846667,-27.7948611
Barnard d,Barnard's star,Radial Velocity,2025,Gemini Observatory,1,4,0.263,0.694,2.3402,0.0188,0.04,483,0.162,0.185,3195,-2.44977,1.82655,269.4486144,4.7379808
K2-271 b,K2-271,Transit,2018,K2,1,1,41.8,7.28,8.562421,0.077,,893,0.83,0.99,5644,-0.04982,564.454,125.2239144,16.0907958
MOA-2022-BLG-091L b,MOA-2022-BLG-091L,Microlensing,2025,MOA,1,1,1141.003981,13,,3.44,,,0.75,,,,4250,268.9422083,-32.3414389
KMT-2024-BLG-1209L b,KMT-2024-BLG-1209L,Microlensing,2025,KMTNet,1,1,839.0669945,13.2,,2.51,,,0.77,,,,3930,261.6129583,-28.1205611
K2-214 b,K2-214,Transit,2018,K2,1,1,6.85,2.51,8.59656,0.0834,,1001,1.03,1.236,5875,0.19579,300.64,14.8759777,4.2277722
Kepler-391 c,Kepler-391,Transit,2014,Kepler,1,2,450,2.88,20.501,0.164,0.27,662,1.27,2.879,5038,0.66276,869.236,290.6218844,51.0573453
TOI-238 b,TOI-238,Transit,2024,Transiting Exoplanet Survey Satellite (TESS),1,2,3.37,1.559,1.273099,0.0212,0.18,1378,0.781,0.756,5059,-0.47083,80.5407,349.2310814,-18.6066463
K2-220 b,K2-220,Transit,2018,K2,1,1,6.21,2.37,13.68186,0.1104,,761,0.91,1.026,5612,-0.06106,233.514,12.7700071,9.5167694
TOI-4562 c,TOI-4562,Transit Timing Variations,2024,Multiple Observatories,1,2,1833.869908,12.8,3990,5.219,0.122,,1.192,1.152,6096,0.25285,339.605,112.0100593,-63.5177788
Kepler-450 b,Kepler-450,Transit,2015,Kepler,1,3,19.4,6.14,28.454851,0.20092,0.02,769,1.19,1.64162,6197.21,0.55403,455.982,295.4865821,51.0135237
Kepler-407 b,Kepler-407,Transit,2014,Kepler,1,2,1.93,1.19,0.6693124,0.01531,0,1983,0.99,1.04,5487,-0.10791,338.368,286.0363025,49.6145027
BEBOP-3 b,BEBOP-3,Radial Velocity,2025,Haute-Provence Observatory,2,1,177.3482511,14.2,547,1.444,0.247,,1.083,1.414,6033,0.38321,119.052,110.902655,79.1323952
K2-37 c,K2-37,Transit,2016,K2,1,3,6.39,2.41,6.42966,0.06534,,839,0.84,0.809,5352,-0.40798,179.943,243.4509662,-24.7870527
Kepler-134 b,Kepler-134,Transit,2014,Kepler,1,2,4.66,2,5.317429,0.06,0,1105,0.956,1.176,5983,0.06051,334.797,284.7391156,49.5984448
K2-37 d,K2-37,Transit,2016,K2,1,3,12.5,2.31,14.09229,0.1102,,646,0.84,0.809,5352,-0.40798,179.943,243.4509662,-24.7870527
WASP-85 A b,WASP-85 A,Transit,2016,K2,2,1,402.05495,13.89916,2.6556777,0.039,0,1452,1.09,0.935,6112,-0.07144,141.887,175.9080328,6.5637842
TOI-1227 b,TOI-1227,Transit,2022,Transiting Exoplanet Survey Satellite (TESS),1,1,66.5,9.57246952,27.36397,0.0886,,243.77,0.17,0.56,3072,-2.60033,100.641,186.7673635,-72.4518501
HD 207496 b,HD 207496,Transit,2023,Transiting Exoplanet Survey Satellite (TESS),1,1,6.1,2.25,6.441008,0.0629,0.231,743,0.8,0.769,4819,-0.50858,23.606,328.7181708,-77.3388025
GJ 806 b,GJ 806,Transit,2023,Transiting Exoplanet Survey Satellite (TESS),1,2,1.9,1.331,0.9263237,0.01406,,940,0.413,0.4144,3600,-1.58528,12.0445,311.2697002,44.5002351
HD 73344 c,HD 73344,Radial Velocity,2025,Multiple Observatories,1,3,118.5499958,13.5,65.94,0.3388,0.124,,1.19,1.22,6148,0.26184,35.26,129.6894456,23.6852651
GJ 317 b,GJ 317,Radial Velocity,2007,W. M. Keck Observatory,1,2,794.5,13.3,695.69,1.138,0.0826,,0.402,0.403,3496,-1.68663,15.1968,130.2445254,-23.452809
GJ 463 b,GJ 463,Radial Velocity,2022,Multiple Observatories,1,1,1080.616584,13.1,3459,3.53,0.146,,0.486,0.483,3563,-1.52293,18.3554,185.7440496,64.0324311
GJ 9773 b,GJ 9773,Radial Velocity,2025,Calar Alto Observatory,1,1,172.580825,14.2,2965,2.921,0.218,,0.358,0.362,3528,-1.73666,15.9211,333.1502333,8.5503355
Kepler-228 c,Kepler-228,Transit,2014,Kepler,1,3,7.75,2.7,4.134444,0.052,0,1160,1.006,1.014,6043,0.11115,1644.61,296.2860853,48.2246328
HD 15906 c,HD 15906,Transit,2023,Transiting Exoplanet Survey Satellite (TESS),1,2,8.91,2.93,21.583298,0.141,0.04,532,0.79,0.762,4757,-0.56864,45.5621,38.2712534,-10.352178
Kepler-725 b,Kepler-725,Transit,2016,Kepler,1,2,81.6,10.8,39.64372,0.2238,0.231,514,0.95,0.88,5395,-0.31304,758.469,283.9774949,44.8115613
MOA-2022-BLG-033L b,MOA-2022-BLG-033L,Microlensing,2025,MOA,1,1,12.15,3.52,,2.15,,,0.51,,,,1840,272.8756667,-25.0530806
KMT-2023-BLG-0119L b,KMT-2023-BLG-0119L,Microlensing,2025,KMTNet,1,1,83.7,11,,3.14,,,0.71,,,,5410,266.8150417,-34.5721889
K2-233 c,K2-233,Transit,2018,K2,1,3,4.6,1.272,7.06024,0.0664,0,794,0.79,0.71,4796,-0.52288,67.5062,230.4799011,-20.2317975
WISPIT 1 c,WISPIT 1,Imaging,2025,Paranal Observatory,2,2,1684.490557,12.8,,840,,,0.72,1.1161,4670,-0.32014,230.007,117.798555,-50.1376852
KOI-134 c,KOI-134,Transit Timing Variations,2025,Kepler,1,2,69.92224954,9.86,33.95,0.2305,0.24,,1.407,1.667,6160,0.62325,1159.21,295.586598,45.3649371
TOI-4600 c,TOI-4600,Transit,2023,Transiting Exoplanet Survey Satellite (TESS),1,2,2946.269333,9.42,482.8191,1.152,0.21,191,0.89,0.81,5170,-0.37675,216.056,258.4503674,64.5661727
Kepler-103 c,Kepler-103,Transit,2014,Kepler,1,2,58.47,5.4539,179.60978,0.6679,0.103,434,1.212,1.492,6047,0.42431,494.832,288.9845512,40.0644857
TOI-1472 c,TOI-1472,Radial Velocity,2025,Multiple Observatories,1,2,21.13,3.334,15.5381747,0.116,0.172,662,0.87,0.84,5100,-0.35556,121.84,14.1142611,48.6375168
Kepler-495 c,Kepler-495,Transit,2021,Kepler,1,2,1.98,1.21936414,5.896609783,0.0614,0,1000,0.888,1.087,5392,-0.2375,658.924,285.9307362,39.0981201
Kepler-103 b,Kepler-103,Transit,2014,Kepler,1,2,11.67,3.4857,15.9653287,0.133,0.171,973,1.212,1.492,6047,0.42431,494.832,288.9845512,40.0644857
Kepler-278 b,Kepler-278,Transit,2014,Kepler,1,2,56,3.955,30.1556,0.202,0.696,586,1.227,2.861,4965,0.64933,443.03,290.1072124,38.7022694
HD 224018 b,HD 224018,Radial Velocity,2025,Roque de los Muchachos Observatory,1,3,4.1,0.91,10.6413,0.0952,0.06,968,1.013,1.147,5784,0.12385,105.48,358.6390056,-4.7233362
Kepler-391 b,Kepler-391,Transit,2014,Kepler,1,2,1100,2.5,7.4175,0.083,0.46,930,1.27,2.879,5038,0.66276,869.236,290.6218844,51.0573453
HD 93963 A b,HD 93963 A,Transit,2022,Transiting Exoplanet Survey Satellite (TESS),2,2,2.8,1.46954368,1.0376109,0.02061,0,1842.23,1.0844,1.0311,5908,0.06781,82.3432,162.7766969,25.641065
KOI-351 h,KOI-351,Transit,2013,Kepler,1,8,203,11.252,331.60296,0.97062,0.0276,294,1.242,1.185,6031.13,0.26853,848.254,284.4334642,49.3051239
K2-406 b,K2-406,Transit,2022,K2,1,1,19.2,4.602,22.549406,,,,0.798,0.961,5784,-0.05965,85.3751,230.8872242,-25.3706149
TOI-6695 c,TOI-6695,Radial Velocity,2025,Multiple Observatories,1,2,460.8511902,13.6,242.4,0.838,0.022,415,1.338,1.517,6400,0.54033,282.536,129.5720221,-23.550217
Kepler-93 b,Kepler-93,Transit,2014,Kepler,1,2,4.66,1.478,4.72673978,0.05343,0,1133,0.911,0.919,5669,-0.10565,95.9115,291.4181275,38.6723124
Kepler-166 d,Kepler-166,Transit,2016,Kepler,1,3,3.64,1.73,1.554003928,0.02449,0,1313,0.88,0.83,5350,-0.38508,603.53,293.1600977,48.8812074
Kepler-1732 b,Kepler-1732,Transit,2021,Kepler,1,1,15.7,4.09903273,32.31240082,0.2015,0,699,1.043,1.494,5821,0.29575,1289.41,292.2910129,37.5807686
Kepler-1026 b,Kepler-1026,Transit,2016,Kepler,1,1,5.52,2.21,36.5156053,0.1977,0,425,0.79,0.75,4948,-0.61688,351.239,283.6053012,39.9979286
K2-175 b,K2-175,Transit,2018,K2,1,1,4.81,2.03803688,9.525988,,,,1.094693,1.420038,5909,0.41926,247.266,52.5035514,17.5841081
GJ 1061 b,GJ 1061,Radial Velocity,2020,La Silla Observatory,1,3,1.11,1.04,3.2073,0.021,0.05,,0.12,0.156,2953,-2.76955,3.67278,54.0032486,-44.5143104
ups And d,ups And,Radial Velocity,1999,Multiple Observatories,2,3,3257.741172,12.5,1276.46,2.51329,0.2987,,1.3,1.56,6156.77,0.52541,13.4054,24.1983534,41.4038147
K2-176 b,K2-176,Transit,2018,K2,1,1,2.83,1.49090097,5.329439,,,,0.938545,0.86416,5428,-0.34794,247.302,58.2691796,17.9069486
K2-177 b,K2-177,Transit,2018,K2,1,1,5.13,2.1162048,14.155185,,,,1.210525,1.213565,6063,0.34158,492.167,55.2296156,20.7360891
Kepler-9 d,Kepler-9,Transit,2010,Kepler,1,3,8.41466053,1.64,1.592851,0.0273,0,2026,1.07,1.02,5777,-0.038,628.257,285.5739904,38.4008192
SWEEPS-4 b,SWEEPS-4,Transit,2006,Hubble Space Telescope,1,1,1207.7,9.079,4.2,0.055,,,1.24,1.18,,,8500,269.7246667,-29.1890556
K2-183 b,K2-183,Transit,2018,K2,1,3,1.37,1.1,0.469285,,,,0.942219,0.87,5482,-0.13179,329.041,125.007177,14.0194586
K2-341 b,K2-341,Transit,2021,K2,1,1,10.4,3.21,36.552551,,,598,0.98,1.16,5817,0.12566,421.408,130.4971951,19.9166357
K2-187 e,K2-187,Transit,2018,K2,1,4,4.27,1.9,13.606629,0.1106,,698,0.966999,0.83,5438,-0.19607,330.916,132.5235618,23.1924709
K2-189 b,K2-189,Transit,2018,K2,1,2,2.55,1.403,2.58812,0.0361,,1203,0.85,0.879,5442,-0.21855,242.113,203.6214411,-15.0365158
Kepler-257 d,Kepler-257,Transit,2014,Kepler,1,3,21.7,4.95,24.664551,0.16,0,567,0.916,1.037,5180,-0.37756,780.256,297.3159994,46.0232642
Kepler-42 b,Kepler-42,Transit,2011,Kepler,1,3,0.705944,0.78,1.2137672,0.0116,0.04,519,0.13,0.17,3068,-2.62,40.0595,292.2196,44.6173667
K2-381 c,K2-381,Transit,2022,K2,1,3,4.66,2,16.034656,,,,0.754,0.675,4473,-0.73923,145.701,288.0267612,-21.0075789
K2-199 b,K2-199,Transit,2018,K2,1,2,6.9,1.73,3.2253993,0.0382,0.02,913,0.711,0.682,4491,-0.73283,107.518,208.9014508,-6.1360833
K2-151 b,K2-151,Transit,2018,K2,2,1,2.83,1.49,3.835476,0.0373,,566,0.47,0.45,3695,-1.55284,69.4798,19.3047733,9.5012663
Kepler-197 b,Kepler-197,Transit,2014,Kepler,2,4,1.04,1.02,5.599308,0.06,0.02,1142,0.857,1.12,6004,0.22187,330.575,295.2264739,50.5592348
K2-157 b,K2-157,Transit,2018,K2,1,3,1.14,0.935,0.3652575,0.00962,,2432,0.89,0.86,5334,-0.2102,298.373,183.7514959,-5.7820178
eps Tau b,eps Tau,Radial Velocity,2006,Okayama Astrophysical Observatory,1,1,2285.186246,12.7,585.82,1.878,0.076,,2.57,12.35,4877,1.89271,47.52852,67.1546573,19.1802782
HD 109749 b,HD 109749,Radial Velocity,2005,W. M. Keck Observatory,2,1,85.8141,11.1,5.239891,0.0615,0,,1.13,1.22,5824,0.19,63.0821,189.3173489,-40.8121458
gam Cep b,gam Cep,Radial Velocity,2003,Multiple Observatories,2,1,2097.667486,12.7,913,2.13,0.15,,1.27,4.74,4775,1.073,14.1024,354.8358233,77.6331009
TOI-128.01,TOI-128,Transit,2024,Transiting Exoplanet Survey Satellite (TESS),1,1,5.56,2.21898,4.9404681,0.05381019,,1344.51,0.851969,1.13,6086,0.18874,68.4727,79.5209381,-80.964384
HD 111232 b,HD 111232,Radial Velocity,2003,La Silla Observatory,1,2,2531.503262,12.6,1169.13202,2.148,0.214,,0.96,0.9,5512,-0.161,28.9571,192.2159553,-68.4246679
51 Peg b,51 Peg,Radial Velocity,1995,Haute-Provence Observatory,1,1,146.2018,14.3,4.230785,0.0527,0.013,,1.03,1.17561,5758,0.13631,15.4614,344.3675399,20.7690958
4 UMa b,4 UMa,Radial Velocity,2006,Thueringer Landessternwarte Tautenburg,1,1,2511.480072,12.6,270.27,0.877,0.453,,1.234,18.11,4415,2.06236,73.4603,130.0528099,64.3280504
GJ 433 b,GJ 433,Radial Velocity,2011,La Silla Observatory,1,3,6.043,2.33,7.3705,0.062,0.04,,0.48,0.5,3461,-1.69897,9.06456,173.8619194,-32.5436302
Kepler-65 c,Kepler-65,Transit,2012,Kepler,1,4,5.4,2.58,5.859944,0.068,0.02,1246,1.25,1.41,6211,0.4674,303.728,288.6887221,41.1511076
Kepler-7 b,Kepler-7,Transit,2009,Kepler,1,1,140.16303,18.180998,4.8854892,0.06067,0,1630,1.359,1.966,5933,0.69639,922.562,288.5814928,41.0897335
KOI-12 b,KOI-12,Transit,2015,Kepler,1,2,349.613,13.78707,17.855182,0.154,0.34,911,1.5,1.4,6635,0.62645,399.398,297.4537402,41.0110188
HD 116029 b,HD 116029,Radial Velocity,2011,W. M. Keck Observatory,2,2,444.962,13.6,670,1.65,0,,0.83,4.89,4819,1.05308,123.245,200.1646905,24.6484725
GJ 676 A b,GJ 676 A,Radial Velocity,2010,La Silla Observatory,2,4,1840.862133,12.8,1051.44521,1.735,0.319,,0.626,0.69,3734,-1.04251,16.0272,262.5448903,-51.6377777
HD 117618 b,HD 117618,Radial Velocity,2004,Anglo-Australian Telescope,1,1,55.30242,8.59,25.8,0.18,0.15,,1.077,1.2,5990,0.21304,37.7781,203.1066418,-47.2719049
7 CMa b,7 CMa,Radial Velocity,2011,Anglo-Australian Telescope,1,2,587.9855,13.4,735.1,1.758,0.06,,1.34,4.87,4826,1.06258,19.8101,99.171276,-19.2561808
HD 125612 d,HD 125612,Radial Velocity,2009,La Silla Observatory,2,3,2281.372305,12.7,2822.72698,3.982,0.115,,1.05,1.07,5900,0.06,57.6207,215.2227183,-17.4818147
AB Pic b,AB Pic,Imaging,2005,Paranal Observatory,1,1,4290.5,12.3,,260,,,0.9,0.999394,5285,-0.22631,50.0475,94.8039208,-58.0541184
GJ 581 b,GJ 581,Radial Velocity,2005,La Silla Observatory,1,3,20.5,4.79,5.3686,0.0399,0.0342,,0.295,0.302,3500,-1.90781,6.2981,229.8564725,-7.7226935
HD 11977 b,HD 11977,Radial Velocity,2005,La Silla Observatory,1,1,2080,12.7,711,1.93,0.4,,1.91,10.09,4970,1.83858,67.9331,28.7347403,-67.6469871
BD-10 3166 b,BD-10 3166,Radial Velocity,2000,W. M. Keck Observatory,1,1,187.5197,14.1,3.48777,0.04,0.02,,1.47,0.91,5393,-0.1912,84.4069,164.6191243,-10.7704227
GJ 581 c,GJ 581,Radial Velocity,2007,La Silla Observatory,1,3,6.81,2.5,12.9211,0.0718,0.032,,0.295,0.302,3500,-1.90781,6.2981,229.8564725,-7.7226935
BD+14 4559 b,BD+14 4559,Radial Velocity,2009,McDonald Observatory,1,1,330.5432,13.8,268.94,0.78,0.29,,0.49,0.86,4864,-0.32,49.352,318.4010002,14.6893834
GJ 876 c,GJ 876,Radial Velocity,2000,Multiple Observatories,1,4,226.9846,14,30.0881,0.12959,0.25591,,0.32,0.3,3293.74,-1.90658,4.67517,343.3239737,-14.2665958
HD 101930 b,HD 101930,Radial Velocity,2005,La Silla Observatory,2,1,79.4575,10.6,70.46,0.3,0.11,,0.57,0.86,5108,-0.3098,30.0274,175.875608,-58.0053798
BD+20 2457 c,BD+20 2457,Radial Velocity,2009,McDonald Observatory,1,2,3963.17,12.4,621.99,2.01,0.18,,2.8,49,4137,3.17,1539.71,154.186782,19.8912626
Kepler-40 b,Kepler-40,Transit,2010,Kepler,1,1,699.2,13.11,6.87349,0.08,0,1620,1.48,2.13,6510,0.81889,2305.01,296.8136883,47.5265446
GSC 06214-00210 b,GSC 06214-00210,Imaging,2010,Palomar Observatory,1,1,5000,20.1762,,320,,2300,0.9,0.90484,4200,-0.42,108.5,245.4776921,-20.7193398
Kepler-123 b,Kepler-123,Transit,2014,Kepler,1,2,55.3,2.94,17.232366,0.135,0,817,1.079,1.264,6089,0.40952,1021.66,296.9985853,42.7819633
CoRoT-7 c,CoRoT-7,Radial Velocity,2009,CoRoT,1,3,8.4,2.83,3.698,0.046,0,,0.899,0.864273,5256,-0.28938,159.906,100.9561682,-1.0630076
HD 108147 b,HD 108147,Radial Velocity,2002,La Silla Observatory,1,1,82.95,10.9,10.8985,0.102,0.53,890,1.22,1.20664,6255.73,0.30297,38.92,186.4409852,-64.0223492
HD 108874 b,HD 108874,Radial Velocity,2002,W. M. Keck Observatory,1,2,451.3186,13.6,394.48123,1.04,0.13,,1.1,1.05,5600,-0.00072,59.5175,187.6126029,22.8794399
K2-383 b,K2-383,Transit,2022,K2,1,1,3.07,1.564,1.865962,,,,1.061,0.804,5129,-0.39685,203.788,282.008765,-18.3795798
CT Cha b,CT Cha,Imaging,2007,Paranal Observatory,1,1,5403,24.66,,440,,2600,,1.679694,4403,-0.10177,190.72,166.0375038,-76.4553693
Kepler-6 b,Kepler-6,Transit,2009,Kepler,1,1,212.31044,14.616536,3.2346996,0.04852,0,1460,1.209,1.391,5647,0.18916,587.039,296.8372475,48.2399695
HD 136418 b,HD 136418,Radial Velocity,2009,W. M. Keck Observatory,1,1,680.1562,13.3,464.29999,1.29,0.25,,1.48,3.78,4989,0.83251,105.168,229.7756438,41.732423
HD 69830 b,HD 69830,Radial Velocity,2006,La Silla Observatory,1,3,10.2,3.17,8.667,0.0785,0.1,,0.86,0.886947,5385,-0.22,12.5591,124.6010091,-12.6364246
HD 164509 b,HD 164509,Radial Velocity,2010,W. M. Keck Observatory,2,1,140.79869,14.3,280.17,0.87,0.238,,1.12,1.11,5859,0.12,53.1119,270.3800811,0.1044685
TOI-2134 c,TOI-2134,Transit,2023,Transiting Exoplanet Survey Satellite (TESS),1,2,41.89,7.27,95.5,0.371,0.67,306,0.744,0.709,4580,-0.7167,22.6202,271.9355015,39.0729269
Kepler-267 b,Kepler-267,Transit,2014,Kepler,1,3,37.9,1.98,3.353728,0.037,0,615,0.541571,0.555,4258,-1.22915,264.993,299.8305655,47.1575741
HD 192699 b,HD 192699,Radial Velocity,2007,Lick Observatory,1,1,666.17168,13.4,340.94,1.063,0.082,,1.38,4.41,5041,1.009,71.8627,304.0248392,4.5805708
HD 145377 b,HD 145377,Radial Velocity,2008,La Silla Observatory,1,1,1913.3366,12.8,103.95,0.45,0.31,,1.2,1.05,6014,0.19312,53.4884,242.9019658,-27.0781199
HD 196050 b,HD 196050,Radial Velocity,2002,Anglo-Australian Telescope,3,1,1493.793513,12.9,1392,2.65,0.2,,1.27,1.42,5879,0.26,50.6742,309.4637796,-60.6347649
HD 147018 b,HD 147018,Radial Velocity,2009,La Silla Observatory,1,2,674,13.4,44.236,0.2388,0.4686,,0.927,0.937948,5441,-0.14757,40.4256,245.7490012,-61.6901291
HD 20003 b,HD 20003,Radial Velocity,2019,La Silla Observatory,1,2,11.66,3.43,11.8482,0.0974,0.36,,0.875,0.921637,5494,-0.14267,41.8316,46.9090081,-72.3219221
Kepler-1713 b,Kepler-1713,Transit,2021,Kepler,1,1,3.59,1.71673535,18.01160049,0.14185,0,900,1.3,1.459,6477,0.48598,295.293,287.3456737,43.3783894
HD 196885 A b,HD 196885 A,Radial Velocity,2007,Haute-Provence Observatory,2,1,819.97,13.2,1333,2.37,0.48,,1.28,1.31,6254,0.38,34.1692,309.9664609,11.2500236
HD 149143 b,HD 149143,Radial Velocity,2005,Haute-Provence Observatory,1,1,422.7139,13.6,4.07182,0.053,0.0167,,1.2,1.44,5856,0.35,73.2801,248.2126715,2.0844547
HD 126614 b,HD 126614,Radial Velocity,2009,W. M. Keck Observatory,3,1,107.74383,12.7,1257.25303,2.249,0.548,,0.96,1.369794,5568,0.08279,73.0961,216.7005171,-5.1784093
HD 152581 b,HD 152581,Radial Velocity,2011,W. M. Keck Observatory,1,1,594.02427,13.4,686.5,1.66,0.04,,1.3,5.14,5027,1.17319,165.76,253.4316451,11.9736828
HD 177830 b,HD 177830,Radial Velocity,1999,W. M. Keck Observatory,2,2,537.1327,13.5,410.10001,1.14,0.1,,1.7,3.26,4901,0.68502,62.7674,286.3363574,25.9204327
HD 128311 c,HD 128311,Radial Velocity,2005,W. M. Keck Observatory,1,2,1204.25787,13,921.538,1.74,0.159,,0.828,0.76,4965,-0.5116,16.3292,219.0032292,9.7454368
HD 154672 b,HD 154672,Radial Velocity,2008,Las Campanas Observatory,1,1,1706.7471,12.8,163.94,0.6,0.61,,1.18,1.32,5743,0.25722,63.0484,257.520697,-56.4498041
HD 178911 B b,HD 178911 B,Radial Velocity,2001,W. M. Keck Observatory,3,1,2552.1749,12.6,71.484,0.34,0.11,,1.24,1.08,5588,-0.04317,40.9727,287.2632091,34.6006972
HD 155358 b,HD 155358,Radial Velocity,2007,McDonald Observatory,1,2,314.6517,13.8,194.3,0.63,0.17,,1.15,1.38,5905,0.29949,43.6197,257.3930947,33.3549277
HD 13189 b,HD 13189,Radial Velocity,2005,Thueringer Landessternwarte Tautenburg,1,1,3480.2385,12.4,471.60001,1.25,0.27,,2.24,38.41,4175,2.63638,497.823,32.4173964,32.3164548
HD 131496 b,HD 131496,Radial Velocity,2011,W. M. Keck Observatory,1,1,572.094,13.4,896,2.01,0.181,,1.34,4.44,4846,0.99123,131.849,223.3461495,18.2352618
HD 156668 b,HD 156668,Radial Velocity,2010,W. M. Keck Observatory,1,2,4.15,1.87,4.6455,0.05,0,,0.772,0.72,4850,0.23,24.3323,259.4183491,29.228161
HD 134060 c,HD 134060,Radial Velocity,2019,La Silla Observatory,1,2,29.29,5.91,1291.5646,2.3928,0.11,,1.095,1.164285,5966,0.15836,24.0125,227.6847587,-61.4223747
HD 158038 b,HD 158038,Radial Velocity,2011,W. M. Keck Observatory,1,1,486.2799,13.5,521,1.5,0.29,,1.3,4.5,4860,1.07555,94.8625,261.4395312,27.3030721
HD 187085 b,HD 187085,Radial Velocity,2006,Anglo-Australian Telescope,1,1,265.70588,13.9,1019.74,2.1,0.251,,1.189,1.27,6117,2.13,45.8993,297.3915731,-37.7809929
24 Sex b,24 Sex,Radial Velocity,2010,Lick Observatory,1,2,632.46,13.4,452.8,1.333,0.09,,1.54,4.9,5098,1.164,72.0691,155.8684866,-0.9023998
HD 206610 b,HD 206610,Radial Velocity,2009,W. M. Keck Observatory,1,1,647.10188,13.4,673.2,1.74,0.1,,1.55,6.12,4842,1.27646,147.192,325.8537599,-7.4082451
HD 63454 b,HD 63454,Radial Velocity,2005,La Silla Observatory,1,1,79.4575,12.31,2.81805,0.04,0,,0.42,0.77,4812,-0.592,37.6894,114.8406393,-78.2791464
HD 62509 b,HD 62509,Radial Velocity,2006,Multiple Observatories,1,1,731,13.3,589.64,1.64,0.02,,2,8.9,4892.63,1.612,10.34,116.328824,28.026127
K2-27 b,K2-27,Transit,2016,K2,3,1,30.2,4.74,6.771347,0.06702,0.251,836,0.88,0.876,5246,-0.26971,249.645,171.5151874,1.2306237
HD 20781 c,HD 20781,Radial Velocity,2019,La Silla Observatory,2,5,5.33,2.17,13.8905,0.1004,0.09,,0.7,0.833609,5256,-0.3098,35.9715,50.0139757,-28.7841175
HD 285968 b,HD 285968,Radial Velocity,2008,La Silla Observatory,1,1,8.4,2.83,8.7836,0.066,0,450,0.5,0.478214,3703.49,-1.658,9.47045,70.7353853,18.953358
HD 69830 d,HD 69830,Radial Velocity,2006,La Silla Observatory,1,3,18.1,4.45,197,0.63,0.07,,0.86,0.886947,5385,-0.22,12.5591,124.6010091,-12.6364246
HD 63765 b,HD 63765,Radial Velocity,2009,La Silla Observatory,1,1,168.4499,14.2,358,0.94,0.24,,0.65,0.83,5449,-0.25647,32.5376,116.9582617,-54.265345
HD 28678 b,HD 28678,Radial Velocity,2011,W. M. Keck Observatory,1,1,490.09386,13.5,380.2,1.18,0.149,,1.53,6.48,4972,1.35984,189.908,67.8560643,4.5752495
HD 70642 b,HD 70642,Radial Velocity,2003,Anglo-Australian Telescope,1,1,1239.530787,13,2124.54,3.318,0.175,,1.078,0.984,5732,0.01204,29.276,125.3661079,-39.7044432
HD 30562 b,HD 30562,Radial Velocity,2009,Lick Observatory,1,1,467.2077583,13.6,1157,2.34,0.76,,1.12,1.61,5882,0.45,26.1597,72.1529519,-5.6751152
HD 73267 b,HD 73267,Radial Velocity,2008,La Silla Observatory,1,2,1321.530516,13,1257.99159,2.229,0.261,,0.93,0.909,5387,-0.106,50.4093,129.0735123,-34.4594469
HD 210702 b,HD 210702,Radial Velocity,2007,Lick Observatory,1,1,481.5100366,13.6,355.5,1.079,0.071,,1.33,4.54,4912,1.03543,54.1963,332.9638643,16.0404806
HD 212771 b,HD 212771,Radial Velocity,2009,W. M. Keck Observatory,1,1,759.6137,13.3,380.7,1.19,0.076,,1.56,5.27,5003,1.18752,111.155,336.762413,-17.2641046
HD 31527 c,HD 31527,Radial Velocity,2019,La Silla Observatory,1,3,14.16,3.85,51.2053,0.2663,0.04,,0.96,1.073694,5898,0.07918,38.4473,73.9096193,-23.2413163
HD 31527 d,HD 31527,Radial Velocity,2019,La Silla Observatory,1,3,11.82,3.46,271.6737,0.8098,0.24,,0.96,1.073694,5898,0.07918,38.4473,73.9096193,-23.2413163
HD 31527 b,HD 31527,Radial Velocity,2019,La Silla Observatory,1,3,10.47,3.22,16.5535,0.1254,0.1,,0.96,1.073694,5898,0.07918,38.4473,73.9096193,-23.2413163
HIP 111909 b,HIP 111909,Radial Velocity,2025,Multiple Observatories,1,2,384.5723725,13.7,487.08,1.32,,,1.28,4.53,4891,1.02,88.077,340.0304354,-49.5985391
HD 32518 b,HD 32518,Radial Velocity,2009,Thueringer Landessternwarte Tautenburg,1,1,905.4931315,13.2,157.35,0.594,0.028,,1.13,10.22,4580,1.66577,122.115,77.4037569,69.6391355
HD 216435 b,HD 216435,Radial Velocity,2002,Anglo-Australian Telescope,1,1,400.4,13.7,1311,2.56,0.07,,1.3,1.800029,5999,0.55689,32.9834,343.4094703,-48.5986332
HD 216437 b,HD 216437,Radial Velocity,2002,Anglo-Australian Telescope,1,1,1334.879309,13,1359,2.57,0.31,,1.22,1.394,5909,0.35,26.6902,343.6639631,-70.0733957
HD 82886 b,HD 82886,Radial Velocity,2011,W. M. Keck Observatory,1,1,740.5439,13.3,705,1.58,0.07,,2.53,5.26,4953,1.14301,127.061,143.9383526,34.7805902
HD 8574 b,HD 8574,Radial Velocity,2002,Haute-Provence Observatory,1,1,645.1949,13.4,227,0.76,0.3,,1.34,1.38,6064,0.37649,44.8264,21.3033807,28.5660169
HD 86081 b,HD 86081,Radial Velocity,2006,W. M. Keck Observatory,2,1,470.3884,13.6,2.1378431,0.0346,0.0119,,1.21,1.46,5939,0.38,103.936,149.0243714,-3.8083543
HD 37124 d,HD 37124,Radial Velocity,2005,W. M. Keck Observatory,1,3,221.20968,14,1862,2.807,0.16,,0.85,0.949168,5698.64,-0.11224,31.6634,84.2599947,20.7289784
HD 9446 c,HD 9446,Radial Velocity,2009,Haute-Provence Observatory,1,2,578.426,13.4,192.9,0.654,0.06,,1,1,5793,0.04139,50.3503,23.3350424,29.2649187
HD 96063 b,HD 96063,Radial Velocity,2011,W. M. Keck Observatory,1,1,403.6441,13.7,362.5,1.11,0.17,,1.37,4.75,5020,1.1038,140.065,166.1853484,-2.5132966
HD 8673 b,HD 8673,Radial Velocity,2009,Thueringer Landessternwarte Tautenburg,2,1,4210.590736,12.3,1644.69097,2.97,0.73,,1.28,1.50225,6389.05,0.52992,37.8619,21.5378455,34.5793389
Kepler-263 b,Kepler-263,Transit,2014,Kepler,1,2,7.61,2.67,16.568087,0.12,0,548,0.793,0.785,5265,-0.45614,754.747,292.4698022,37.5677941
HD 219828 b,HD 219828,Radial Velocity,2007,La Silla Observatory,1,2,19.06970442,4.59,3.83483,0.049,0.091,,1.04,1.56,5891,0.42,73.114,349.6947029,18.6457524
HD 38529 b,HD 38529,Radial Velocity,2000,Multiple Observatories,2,2,206.5884646,14.1,14.3099,0.115,0.256,,0.98,2.857838,5697,0.8342,42.3538,86.6451363,1.1675866
HD 99492 b,HD 99492,Radial Velocity,2004,W. M. Keck Observatory,2,2,25.5,5.44,17.0503,0.12,0.034,,0.85,0.822539,4929,-0.4749,18.2038,171.689687,3.0071331
HD 99706 b,HD 99706,Radial Velocity,2011,W. M. Keck Observatory,1,2,390.9309,13.7,841,1.98,0.25,,1.46,5.52,4862,1.18752,146.6,172.1261621,43.9662025
HIP 14810 d,HIP 14810,Radial Velocity,2009,W. M. Keck Observatory,1,3,187.5197,14.1,981.8,1.94,0.185,,1.01,1.07,5544,-0.01,50.48,47.809275,21.0971302
Kepler-746 b,Kepler-746,Transit,2016,Kepler,1,1,1.41,1.11,3.48159251,0.0435,0,1156,0.91,0.93,5418,-0.172,450,290.6822097,37.3551593
55 Cnc f,55 Cnc,Radial Velocity,2007,Multiple Observatories,2,7,44.812,7.59,260.58,0.802,0.063,,1.015,0.98,5198,-0.19695,12.5855,133.1468373,28.3298154
K2-384 d,K2-384,Transit,2022,K2,1,5,2.52,1.392,6.679582,,,,0.33,0.348,3623,-1.86986,82.6603,20.4998403,0.7509701
HD 40307 b,HD 40307,Radial Velocity,2009,La Silla Observatory,1,5,1188.996071,,4.3123,0.0468,0.2,910,0.77,0.716684,4956,-0.639,12.9363,88.5172191,-60.0237289
HATS-1 b,HATS-1,Transit,2012,HATSouth,1,1,589.55,14.594,3.446459,0.0444,0.12,1359,0.986,1.038,5870,0.04139,283.971,175.5252399,-23.3548451
HD 40979 b,HD 40979,Radial Velocity,2002,Multiple Observatories,3,1,1484.2661,12.9,264.14999,0.85,0.25,,1.45,1.21,6165,0.29056,34.0883,91.1253346,44.2597855
xi Aql b,xi Aql,Radial Velocity,2007,Okayama Astrophysical Observatory,1,1,616.904938,13.4,136.97,0.625,0.059,,1.74,10.86,4841,1.76745,56.1858,298.5624491,8.4611051
OGLE-TR-132 b,OGLE-TR-132,Transit,2004,OGLE,1,1,375.02,13.45,1.689868,0.03035,0.6,2013,1.305,1.32,6210,0.371,2012.62,162.6440933,-61.9572476
K2-385 b,K2-385,Transit,2022,K2,1,1,2.98,1.539,2.380867,,,,0.927,0.761,4844,-0.51852,420.819,12.6140752,5.8712567
HD 23079 b,HD 23079,Radial Velocity,2001,Anglo-Australian Telescope,1,2,845.4235626,13.2,735.74,1.6,0.07348,,1.16,1.08,5994,0.13033,33.4591,54.9281897,-52.9162344
HD 4203 b,HD 4203,Radial Velocity,2001,W. M. Keck Observatory,1,2,708.7609,13.3,431.88,1.17,0.52,,1.25,1.42,5596,0.29285,81.3795,11.1722288,20.4483925
HD 43691 b,HD 43691,Radial Velocity,2007,Haute-Provence Observatory,3,1,810.4665,13.2,36.9987,0.238,0.0796,,1.32,1.6,6093,0.5,85.6009,94.8946124,41.0920773
HD 41004 B b,HD 41004 B,Radial Velocity,2003,La Silla Observatory,2,2,5838.29,12.1,1.3283,,0.081,,0.4,1.04137,5036,-0.20175,41.5504,89.9565956,-48.2394114
tau Boo b,tau Boo,Radial Velocity,1996,Lick Observatory,2,1,1891,12.8,3.3124568,0.049,0.011,,1.32,1.42588,6466.27,0.50548,15.6521,206.8134593,17.4571647
K2-386 b,K2-386,Transit,2022,K2,1,1,5.99,2.32,7.473223,,,,0.911,0.97,5749,-0.01919,428.785,18.2999964,7.0130302
HD 231701 b,HD 231701,Radial Velocity,2007,W. M. Keck Observatory,1,1,359.1479,13.7,141.63,0.567,0.13,,1.21,1.53,6101,0.47,108.877,293.017622,16.4743566
HD 204313 b,HD 204313,Radial Velocity,2010,La Silla Observatory,1,3,1466.778098,12.9,2041.11539,3.185,0.1,,1.03,1.1,5767,0.09981,47.7945,322.0510568,-21.7274194
Kepler-1738 b,Kepler-1738,Transit,2021,Kepler,1,1,8.37,2.82472883,7.674630165,0.0781,0,957,1.079,1.001,6063,-0.00542,1302.87,296.1313474,47.4388098
HD 5319 b,HD 5319,Radial Velocity,2007,W. M. Keck Observatory,1,2,494.54348,13.5,637.1,1.57,0.092,,1.27,4.06,4871,0.908,121.405,13.7558096,0.7893425
Pr0201 b,Pr0201,Radial Velocity,2012,Fred Lawrence Whipple Observatory,1,1,171.6282,14.2,4.4264,0.06,0,,1.24,1.15,6174,0.24469,180.64,130.4324005,20.2268164
K2-368 d,K2-368,Transit,2022,K2,1,3,4.45,1.948,20.201085,,,,0.746,0.663,4663,-0.69293,206.608,332.6357627,-11.1661157
Pr0211 b,Pr0211,Radial Velocity,2012,Fred Lawrence Whipple Observatory,2,2,597.5204,13.4,2.1461,0.03176,0.011,,0.935,0.827,5300,-0.33603,182.714,130.547744,19.276957
bet Cnc b,bet Cnc,Radial Velocity,2014,Bohyunsan Optical Astronomical Observatory,2,1,2479,12.6,605.2,1.7,0.08,,1.7,47.2,4092.1,2.9,89.0472,124.1286379,9.1853306
bet UMi b,bet UMi,Radial Velocity,2014,Bohyunsan Optical Astronomical Observatory,1,1,1938.7,12.7,522.3,1.4,0.19,,1.4,38.3,4126,2.73,38.77472,222.676495,74.155548
Kapteyn c,Kapteyn,Radial Velocity,2014,Multiple Observatories,1,1,7,2.54,121.54,0.311,0.23,,0.281,0.291,3550,-1.79289,3.93305,77.9586613,-45.0430198
Kepler-754 b,Kepler-754,Transit,2016,Kepler,1,1,4.7,2.01,14.5596237,0.116,0,758,1.06,1.08,5935,0.41554,1770.27,293.2541121,37.8461519
HD 207832 c,HD 207832,Radial Velocity,2012,W. M. Keck Observatory,3,2,232.0159,14,1155.7,2.112,0.27,,0.94,0.901,5710,-0.112,58.9291,328.1517893,-26.0271749
CoRoT-24 b,CoRoT-24,Transit,2014,CoRoT,1,2,5.7,3.7,5.1134,0.056,0,1070,0.91,0.86,4950,-0.60148,591.555,101.922543,-3.7192892
CoRoT-24 c,CoRoT-24,Transit,2014,CoRoT,1,2,28,5,11.759,0.098,0,850,0.91,0.86,4950,-0.60148,591.555,101.922543,-3.7192892
HIP 105854 b,HIP 105854,Radial Velocity,2014,Multiple Observatories,1,1,2606.1,12.6,184.2,0.81,0.02,,2.1,10.305119,4780,1.67,78.6381,321.5962275,-37.8294782
K2-138 c,K2-138,Transit,2017,K2,1,6,6.31,2.299,3.56004,0.04461,0.045,1012,0.935,0.863,5356.3,-0.28654,202.585,348.9490311,-10.8497391
HATS-63 b,HATS-63,Transit,2018,HATSouth,1,1,305.1168,13.529263,3.0566527,0.04026,0.136,1398.3,0.931,1.07,5627,0.01199,623.232,67.418582,-28.1972149
CoRoT-22 b,CoRoT-22,Transit,2014,CoRoT,1,1,12.2,4.88,9.75598,0.092,0.077,885,1.099,1.136,5939,0.01352,627.158,280.6671392,6.2191669
TYC 1422-614-1 b,TYC 1422-614-1,Radial Velocity,2014,Multiple Observatories,1,2,794.5,13.3,198.4,0.69,0.06,,1.15,6.85,4806,1.35,672.41,154.2777769,19.5584068
TYC 1422-614-1 c,TYC 1422-614-1,Radial Velocity,2014,Multiple Observatories,1,2,3178,12.5,559.3,1.37,0.048,,1.15,6.85,4806,1.35,672.41,154.2777769,19.5584068
BD-11 4672 b,BD-11 4672,Radial Velocity,2014,La Silla Observatory,1,2,206.5895,14.1,1634,2.36,0.05,,0.651,0.639,4550,-0.8041,27.1665,278.3688659,-11.6370481
BD+49 828 b,BD+49 828,Radial Velocity,2015,McDonald Observatory,1,1,508.5,13.5,2590,4.2,0.35,,1.52,7.6,4943,1.47,442.042,45.6406187,49.7299481
HD 1666 b,HD 1666,Radial Velocity,2015,Multiple Observatories,1,1,2040,12.7,270,0.94,0.63,,1.5,1.93,6317,0.73,117.908,5.2180424,-19.9314823
HD 67087 c,HD 67087,Radial Velocity,2015,Multiple Observatories,1,2,1540,12.9,2374,3.86,0.76,,1.36,1.55,6330,0.54,76.5217,121.9155672,31.5511553
Kepler-268 b,Kepler-268,Transit,2014,Kepler,1,2,7.04,2.55,25.934138,0.18,0,695,1.109,1.274,6081,0.31808,851.87,291.9761559,38.0550327
HATS-11 b,HATS-11,Transit,2016,HATSouth,1,1,263.7989,18.03,3.619188,0.0507,0.34,1596,1.33,1.54,6563,0.40312,944.603,289.4007603,-22.3900092
Kepler-47 c,Kepler-47,Transit,2012,Kepler,2,3,3.17,4.65,303.227,0.9638,0.044,,0.957,0.936,5636,-0.076,1025.02,295.2978883,46.9204303
K2-4 b,K2-4,Transit,2015,K2,1,1,5.06,2.1,10.003417,0.078,0.08,563,0.635026,0.569359,4014.73,-0.91516,231.828,174.7455392,-3.9055746
HD 175607 b,HD 175607,Radial Velocity,2015,La Silla Observatory,1,1,2456.177929,,29.01,,0.11,,0.71,0.7,5392,-0.27097,40.3303,285.2742901,-66.1943379
Kepler-772 b,Kepler-772,Transit,2016,Kepler,1,1,3.97,1.82,12.99207337,0.11153,0,866,0.98,1.11,5714,0.47515,1130.21,291.423582,38.2165603
K2-384 f,K2-384,Transit,2022,K2,1,5,5.57,2.222,13.62749,,,,0.33,0.348,3623,-1.86986,82.6603,20.4998403,0.7509701
HD 27631 b,HD 27631,Radial Velocity,2012,La Silla Observatory,1,1,495.8123149,13.5,2198.14,3.242,0.141,,0.944,0.923,5737,-0.056,50.2862,64.9392168,-41.9606604
HD 24064 b,HD 24064,Radial Velocity,2015,Bohyunsan Optical Astronomical Observatory,1,1,4096.8287,12.3,535.59998,1.29,0.35,,1.61,40,4052,2.54628,300.247,59.1510071,74.0800789
K2-21 c,K2-21,Transit,2015,K2,1,2,6.76,2.49,15.50192,0.107,0.21,420,0.676023,0.646783,4222.06,-0.98492,83.6448,340.3037846,-14.4893256
K2-268 d,K2-268,Transit,2021,K2,1,5,2.83,1.49,4.528598,,,888,0.84,0.78,5106,-0.42942,327.783,133.7094899,11.8482712
HD 98649 b,HD 98649,Radial Velocity,2012,La Silla Observatory,1,1,3082.935548,12.5,5384,5.97,0.852,,0.97,1.01,5759,-0.01412,42.1727,170.2147665,-23.2181063
K2-9 b,K2-9,Transit,2015,K2,1,1,5.69,2.25,18.4498,0.091,,314,0.3,0.31,3390,-1.92082,82.9631,176.263724,0.0054085
CoRoT-29 b,CoRoT-29,Transit,2015,CoRoT,1,1,270.1555,10.0881,2.85057,0.0386,0.082,,0.97,0.9,5260,-0.09414,806.507,278.9020691,6.4795703
K2-268 e,K2-268,Transit,2021,K2,1,5,2.33,1.33,6.131243,,,801,0.84,0.78,5106,-0.42942,327.783,133.7094899,11.8482712
HATS-39 b,HATS-39,Transit,2018,HATSouth,1,1,200.2329,17.59813,4.5776348,0.06007,0.275,1645,1.379,1.621,6572,0.64048,878.521,112.4192251,-29.9379163
LkCa 15 b,LkCa 15,Imaging,2015,Large Binocular Telescope Observatory,1,2,,,,14.7,,,,1.60711,4194,-0.19164,158.152,69.8241791,22.3508662
HU Aqr AB c,HU Aqr,Eclipse Timing Variations,2011,Yunnan Astronomical Observatory,2,2,1430.235,12.9,4368,5.4,0.51,,0.88,,5952,,192.1980787,316.9921976,-5.2948694
HD 164595 b,HD 164595,Radial Velocity,2015,Haute-Provence Observatory,2,1,16.14,4.16,40,0.23,0.088,,0.99,1.023606,5790,0.01725,28.254,270.1613723,29.5726698
K2-8 b,K2-8,Transit,2015,K2,1,2,12.5,3.58,10.35239,0.0856,,631,0.78,0.74,4870,-0.55319,403.513,169.7935178,-0.2844389
kap And b,kap And,Imaging,2012,Subaru Telescope,1,1,4327.36,12.3,,55,,1900,2.6,2.31229,10900,1.83,50.0177,355.1025974,44.3338511
PH1 b,PH1,Transit,2012,Kepler,4,1,169,6.18,138.317,0.652,0.0702,481,1.528,1.734,6407,0.66,1033.16,298.2150641,39.9550863
GJ 676 A e,GJ 676 A,Radial Velocity,2012,La Silla Observatory,2,4,6.67439655,2.47,35.47358,0.181,0.152,,0.626,0.69,3734,-1.04251,16.0272,262.5448903,-51.6377777
BD+15 2940 b,BD+15 2940,Radial Velocity,2013,McDonald Observatory,1,1,352.78,13.7,137.48,0.539,0.26,,1.1,14.7,4796,2.01,426.42,240.09564,15.5467507
HD 2952 b,HD 2952,Radial Velocity,2013,Okayama Astrophysical Observatory,1,1,284.7742527,13.9,312.08,1.117,0.269,,1.91,10.9,4853,1.76782,110.103,8.2938367,54.8948177
SR 12 AB c,SR 12 AB,Imaging,2010,Infrared Survey Facility,2,1,4131.62,12.3,,,,,,1.103075,3828.93,-0.62778,112.3172158,246.8312363,-24.6946687
GJ 667 C e,GJ 667 C,Radial Velocity,2013,La Silla Observatory,3,5,2.7,1.45,62.24,0.213,0.02,,0.33,,3350,-1.863,7.24396,259.7510609,-34.9977651
tau Gem b,tau Gem,Radial Velocity,2013,Lick Observatory,1,1,6547,12.1,305.5,1.17,0.031,,2.3,26.8,4388,2.51895,112.537,107.7847232,30.2449545
GJ 667 C g,GJ 667 C,Radial Velocity,2013,La Silla Observatory,3,5,4.6,1.99,256.2,0.549,0.08,,0.33,,3350,-1.863,7.24396,259.7510609,-34.9977651
GJ 504 b,GJ 504,Imaging,2013,Subaru Telescope,1,1,1271.3,12.10569916,,43.5,,510,1.22,1.26,6234,0.332,17.5299,199.192348,9.4249781
HD 159243 c,HD 159243,Radial Velocity,2013,Haute-Provence Observatory,1,2,603.9,13.4,248.4,0.8,0.075,,1.125,1.12,6123,0.114,73.3055,263.3395365,5.7008254
ROXs 12 b,ROXs 12,Imaging,2013,W. M. Keck Observatory,2,1,5085,12.2,,210,0.83,,0.87,1.06627,3850,-0.79013,136.65,246.6167993,-25.446695
NGTS-14 A b,NGTS-14 A,Transit,2021,Next-Generation Transit Survey (NGTS),2,1,29.24036,4.976796,3.5357173,0.0403,0,1143,0.898,0.842,5187,-0.31088,322.148,328.5174799,-38.3774193
Kepler-36 b,Kepler-36,Transit,2012,Kepler,1,2,3.83,1.498,13.86825,0.11419,0,978,1.034,1.634,5979,0.51005,527.956,291.2501859,49.2318073
Kepler-48 e,Kepler-48,Radial Velocity,2014,W. M. Keck Observatory,1,5,657,13.4,982,1.898274748,0.003142,,0.88,0.89,5194,-0.28926,306.738,299.1393094,40.948939
LHS 1678 b,LHS 1678,Transit,2021,Transiting Exoplanet Survey Satellite (TESS),2,3,0.35,0.685,0.8602325,0.01239,0.033,830.44,0.345,0.329,3490,-1.83863,19.8782,68.1789866,-39.7908744
HD 4203 c,HD 4203,Radial Velocity,2014,W. M. Keck Observatory,1,2,689.66,13.3,6700,6.95,0.24,,0.99,1.49795,5582,0.29285,81.3795,11.1722288,20.4483925
KOI-984 b,KOI-984,Transit,2022,Kepler,1,2,17.1,4.3,4.2881785,0.0504,0.12,1022,0.928,0.818,5295,-0.324,252.667,291.0489438,36.8400772
NGC 2682 YBP 401 b,NGC 2682 YBP 401,Radial Velocity,2016,La Silla Observatory,1,1,146.2018,14.3,4.087,,0.15,,1.14,1.215821,6165,0.28942,830.822,132.8293081,11.6710271
GJ 3998 b,GJ 3998,Radial Velocity,2016,Roque de los Muchachos Observatory,1,3,2.5,1.39,2.65033,0.03,0,,0.52,0.5,3726,-1.358,18.1459,259.0020507,11.0561751
HD 47366 b,HD 47366,Radial Velocity,2016,Okayama Astrophysical Observatory,1,2,661.7187434,13.4,360.08,1.207,0.071,,1.81,7.3,4866,1.41664,84.3552,99.4200181,-12.9856593
K2-239 b,K2-239,Transit,2018,K2,1,3,1.37,1.1,5.24,0.0441,,502,0.4,0.36,3420,-1.79588,31.0849,160.5941265,4.4413751
K2-233 d,K2-233,Transit,2018,K2,1,3,10.3,2.363,24.3681,0.1516,0.18,525,0.79,0.71,4796,-0.52288,67.5062,230.4799011,-20.2317975
HD 110082 b,HD 110082,Transit,2021,Transiting Exoplanet Survey Satellite (TESS),2,1,10.3,3.2,10.18271,0.113,0.2,957.2,1.21,1.19,6200,0.28103,105.096,192.5892855,-88.1211107
TOI-558 b,TOI-558,Transit,2021,Transiting Exoplanet Survey Satellite (TESS),1,1,1147.360549,12.17295304,14.574071,0.1291,0.298,1061,1.349,1.496,6466,0.54654,402.63,42.2915093,-58.0246828
K2-243 b,K2-243,Transit,2018,K2,1,2,5.35,2.17,11.54182,0.1087,,1035,1.29,1.39,6570,0.42675,266.864,181.1211419,-4.8991358
K2-255 b,K2-255,Transit,2018,K2,1,1,8.75,2.9,1.96417,0.0274,,1034,0.71,0.69,4676,-0.79022,191.608,189.9128532,-3.3705631
K2-264 c,K2-264,Transit,2018,K2,1,2,7.6,2.668,19.660302,0.11283,0.45,331,0.496,0.473,3660,-1.48149,185.605,131.3583524,19.698401
HD 211810 b,HD 211810,Radial Velocity,2018,W. M. Keck Observatory,1,1,212.9461,14,1558,2.656,0.68,,1.03,1.13,5652,0.07,64.6353,334.5286724,61.1349912
Kepler-262 c,Kepler-262,Transit,2014,Kepler,1,2,3.33,1.64,21.853722,0.152,0,618,0.816,0.881,5841,-0.13988,613.129,290.7287168,37.2526575
47 UMa d,47 UMa,Radial Velocity,2009,Lick Observatory,1,3,521.22,13.5,14002,11.6,0.16,,1.06,1.21334,5872,0.1978,13.7967,164.8647611,40.4304931
HD 111998 b,HD 111998,Radial Velocity,2016,La Silla Observatory,1,1,1525.576354,12.9,810,1.91,0.13,,1.4,1.45,6557,0.51231,33.2237,193.2953521,-3.5531133
GJ 9827 b,GJ 9827,Transit,2017,K2,1,3,4.28,1.44,1.208974,0.0189,0,1035.01,0.62,0.58,4236,-1.00436,29.661,351.7717763,-1.2853435
HD 95089 c,HD 95089,Radial Velocity,2018,W. M. Keck Observatory,1,2,1096.5135,13.1,1785,3.33,0.284,,1.54,5.08,4918,1.13033,136.957,164.698748,1.7290087
K2-368 c,K2-368,Transit,2022,K2,1,3,2.42,1.361,9.660186,,,,0.746,0.663,4663,-0.69293,206.608,332.6357627,-11.1661157
HD 72892 b,HD 72892,Radial Velocity,2016,Multiple Observatories,1,1,1737.885729,12.8,39.44603,0.228,0.419,,1.01,1.22,5688,0.14613,69.7311,128.7195554,-14.4574311
HD 128356 b,HD 128356,Radial Velocity,2016,Multiple Observatories,1,1,282.8687,13.9,298.2,0.87,0.57,,0.65,0.85,4875,-0.4437,26.1548,219.2702793,-25.8031728
HD 165155 b,HD 165155,Radial Velocity,2016,Multiple Observatories,1,1,918.5287,13.2,434.5,1.13,0.2,,1.02,0.95,5426,-0.1549,63.3574,271.4893395,-29.9172536
Kepler-761 b,Kepler-761,Transit,2016,Kepler,1,1,4.78,2.03,10.12804789,0.0874,0,767,0.95,0.93,5706,-0.11728,830.707,290.503599,44.1436249
2MASS J22362452+4751425 b,2MASS J22362452+4751425,Imaging,2016,W. M. Keck Observatory,1,1,3972.875,12.3,,230,,,0.6,0.641152,4045,-1.02143,69.5737,339.1025931,47.861683
CoRoT-21 b,CoRoT-21,Transit,2012,CoRoT,1,1,718.2958,14.5717,2.72474,0.0417,0,,1.29,1.95,6200,0.705,1398.834197,101.0526207,-0.2991544
HD 13167 b,HD 13167,Radial Velocity,2018,W. M. Keck Observatory,1,1,1052.0173,13.1,2613,4.1,0.563,,1.35,2.39,5671,0.96025,148.934,32.057635,-24.695575
WASP-177 b,WASP-177,Transit,2019,SuperWASP,1,1,161.45764,17.71022,3.071722,0.03957,,1142,0.876,0.885,5017,-0.41167,176.818,334.7969885,-1.8344301
K2-339 b,K2-339,Transit,2021,K2,1,1,4.35,1.92,19.507428,,,508,0.74,0.72,4857,-0.65173,360.36,130.082542,18.6929046
K2-288 B b,K2-288 B,Transit,2018,K2,2,1,4.27,1.9,31.393463,0.164,,226.36,0.33,0.32,3341,-1.93,65.6138,55.4442857,18.2684913
TOI-640 b,TOI-640,Transit,2021,Transiting Exoplanet Survey Satellite (TESS),1,1,181.162192,19.2794468,5.003777,0.06608,0.013,1816,1.536,2.082,6460,0.83442,341.997,99.7345935,-36.64613
Gl 378 b,Gl 378,Radial Velocity,2019,Haute-Provence Observatory,1,1,13.02,3.66,3.822,0.039435,0.109,830,0.56,0.56,3879,-1.22185,14.9545,150.5865513,48.0824515
Kepler-766 b,Kepler-766,Transit,2016,Kepler,1,1,11.4,3.39,6.10027804,0.066,0,990,1.1,1.15,5992,0.45132,2297.62,293.1845144,37.9698357
K2-107 b,K2-107,Transit,2017,K2,1,1,266.9772,15.98,3.313959,0.0475,0,1649,1.3,1.81,6061,0.46446,685.2,284.985355,-22.2934206
Kepler-780 b,Kepler-780,Transit,2016,Kepler,1,1,0.64,0.89,0.677375164,0.015,0,2099,1.01,1.02,5769,0.0169,557.652,281.7663511,44.2924898
HD 39855 b,HD 39855,Radial Velocity,2019,Las Campanas Observatory,1,1,8.5,2.85,3.2498,0.041,0.14,,0.87,0.744665,5576,-0.31625,23.2599,88.6260731,-19.7044472
HD 92788 c,HD 92788,Radial Velocity,2019,La Silla Observatory,1,2,1166.4361,13,11611.2975,10.5,0.46,,1.15,1.14,5744,0.02,34.6538,160.7021351,-2.1847173
K2-224 b,K2-224,Transit,2018,K2,1,2,3.05,1.56,4.47904,0.0516,,1002,0.91,0.84,5620,-0.24102,275.255,189.7041426,-10.0605942
EPIC 205950854 c,K2-168,Transit,2019,K2,1,2,2.27,1.31,8.050722,,,960.6,0.877,0.83,5502.7,-0.17649,243.935,333.1100738,-16.3418863
EPIC 206032309 b,EPIC 206032309,Transit,2019,K2,1,1,1.01,1.01,2.87814,,,,0.221,0.37344,3489,-1.73006,161.365,341.2404563,-13.9011223
K2-228 b,K2-228,Transit,2018,K2,1,1,1.92,1.21,2.69828,0.0338,,914,0.71,0.65,4715,-0.84881,129.46,187.2947047,-6.8342028
K2-229 b,K2-229,Transit,2018,K2,1,2,2.55,1,0.584216,0.0131,0,1818,0.87,0.79,5315,-0.38869,102.564,186.8729195,-6.7218474
TYC 4282-00605-1 b,TYC 4282-00605-1,Radial Velocity,2017,Roque de los Muchachos Observatory,1,1,3426.2074,12.4,101.54,0.422,0.28,,0.97,16.21,4300,1.91,464.128,343.8721029,62.2391907
HD 206255 b,HD 206255,Radial Velocity,2019,Las Campanas Observatory,1,1,34.2,6.47,96.045,0.461,0.23,,1.42,2.221489,5635,0.65156,75.2363,325.5917768,-50.0935884
Kepler-411 e,Kepler-411,Transit Timing Variations,2018,Kepler,2,4,10.8,3.28,31.509728,0.186,0.016,503,0.87,0.82,4974,-0.57899,153.676,287.6057027,49.5233937
Kepler-454 c,Kepler-454,Radial Velocity,2015,Multiple Facilities,2,3,1433.406116,12.9,524.19,1.287,0.0053,,1.03,1.066,5687,0.05259,230.869,287.4786474,38.2290751
psi1 Dra B b,psi1 Dra B,Radial Velocity,2015,McDonald Observatory,3,1,486.2799,13.5,3117,4.43,0.4,,1.19,1.255735,6212,0.32579,22.7188,265.4925754,72.1557114
Kepler-758 b,Kepler-758,Transit,2016,Kepler,1,4,6.71,2.48,12.1097104,0.10754,0,1005,1.16,1.42,6228,0.56281,1502.32,293.0846115,41.1354049
HD 208897 b,HD 208897,Radial Velocity,2017,Multiple Observatories,1,1,379.487118,13.7,358.27,1.063,0.02,,1.25,4.98,4860,1.09,67.4872,329.7490639,19.0201591
K2-128 b,K2-128,Transit,2017,K2,1,1,2.6,1.42,5.675819,0.056,0.23,,0.711248,0.777569,4469.51,-0.82159,114.637,204.4376666,-8.5970858
K2-129 b,K2-129,Transit,2017,K2,1,1,1.12,1.04,8.239493,0.057,0.13,,0.360031,0.36001,3459.09,-1.82842,27.7957,289.1485491,-25.6463233
GJ 625 b,GJ 625,Radial Velocity,2017,Multiple Observatories,1,1,2.82,1.49,14.628,0.078361,0.13,,0.3,0.31,3499,-1.894,6.47249,246.3557854,54.3033625
HATS-76 b,HATS-76,Transit,2021,HATSouth,1,1,835.570882,12.09449018,1.9416423,0.02658,0.062,939.8,0.662,0.6259,4016,-1.0381,385.689,70.3397665,-32.3204175
HATS-77 b,HATS-77,Transit,2021,HATSouth,1,1,436.6962312,13.05846252,3.0876262,0.03607,0.045,828.3,0.655,0.6428,4071,-0.99183,436.176,149.8236672,-27.3928174
Wolf 1061 d,Wolf 1061,Radial Velocity,2015,La Silla Observatory,1,3,7.7,2.69,217.21,0.47,0.55,,0.294,0.307,3342,-1.9914,4.30592,247.5748276,-12.6676866
Wolf 1061 b,Wolf 1061,Radial Velocity,2015,La Silla Observatory,1,3,1.91,1.21,4.8869,0.0375,0.15,,0.294,0.307,3342,-1.9914,4.30592,247.5748276,-12.6676866
HD 34445 d,HD 34445,Radial Velocity,2017,Multiple Observatories,1,6,30.7,6.07,117.87,0.4817,0.027,,1.07,1.38,5836,0.3032,46.0907,79.4207483,7.3527156
K2-343 c,K2-343,Transit,2021,K2,1,2,4.74,2.02,7.676972,,,465,0.49,0.46,3804,-1.43852,166.169,134.2021746,21.5026882
HD 33844 b,HD 33844,Radial Velocity,2015,Anglo-Australian Telescope,1,2,638.8383,13.4,551.40002,1.6,0.15,,1.84,5.39,4861,1.17,105.779,78.1505649,-14.9509775
KELT-17 b,KELT-17,Transit,2016,KELT,1,1,416.3573,17.093725,3.0801716,0.04881,,2087,1.635,1.645,7454,0.87564,226.5,125.617407,13.7353093
HD 113996 b,HD 113996,Radial Velocity,2017,Bohyunsan Optical Astronomical Observatory,2,1,2002.329,12.7,610.2,1.6,0.28,,1.49,25.11,4181,2.46389,116.334,196.794874,27.6244384
HD 147379 b,HD 147379,Radial Velocity,2017,Calar Alto Observatory,2,1,21.6,4.94,86.58,0.3193,0.063,,0.58,0.628304,4090,-1.09691,10.7643,244.1725686,67.2392041
HD 143105 b,HD 143105,Radial Velocity,2016,Haute-Provence Observatory,1,1,384.5743,13.7,2.1974,0.0379,0.07,,1.51,1.647304,6380,0.55557,46.7789,238.4023547,68.7199779
HD 35759 b,HD 35759,Radial Velocity,2016,Haute-Provence Observatory,1,1,1195.0408,13,82.467,0.389,0.389,,1.15,1.759974,6060,0.53724,71.2423,82.8886636,64.3183753
Pr0211 c,Pr0211,Radial Velocity,2016,Roque de los Muchachos Observatory,2,2,2475.8957,12.6,4850,5.5,0.71,,0.935,0.827,5300,-0.33603,182.714,130.547744,19.276957
Kepler-65 e,Kepler-65,Radial Velocity,2019,W. M. Keck Observatory,1,4,260,13.9,258.8,0.853930754,0.283,,1.248,1.437,6220,0.4674,303.728,288.6887221,41.1511076
K2-352 c,K2-352,Transit,2021,K2,1,3,4.35,1.92,8.234885,,,885,0.98,0.95,5791,-0.06326,176.051,140.4451478,18.469628
TOI-2109 b,TOI-2109,Transit,2021,Transiting Exoplanet Survey Satellite (TESS),1,1,1595.498603,15.098497,0.67247414,0.01791,,3646,1.453,1.698,6540,0.67302,262.041,253.1862971,16.5799153
HD 191806 b,HD 191806,Radial Velocity,2016,Haute-Provence Observatory,1,1,2966.610351,12.5,1603.38923,2.749,0.213,,1.07,1.40223,6010,0.3483,65.6668,302.368758,52.2767265
BD+48 740 b,BD+48 740,Radial Velocity,2018,Multiple Observatories,1,1,540.311,13.5,733,1.7,0.76,,1.09,10.33,4534,1.64,666.589,40.7425426,48.9300579
K2-148 c,K2-148,Transit,2018,K2,2,3,3.64,1.73,6.9226,0.0616,,,0.65,0.632,4079,-0.99568,124.458,14.5176494,-0.193258
K2-149 b,K2-149,Transit,2018,K2,1,1,3.33,1.64,11.332,0.083,,,0.595,0.568,3745,-1.3098,123.676,9.8217519,7.2769939
KPS-1 b,KPS-1,Transit,2018,Acton Sky Portal Observatory,1,1,346.4347,11.54527,1.706291,0.0269,0,1459,0.892,0.907,5165,-0.35281,262.706,165.167198,64.9638452
V830 Tau b,V830 Tau,Radial Velocity,2016,Multiple Observatories,1,1,222.481,14,4.927,0.057,0,,1,2,4250,0.08,130.111,68.2918259,24.5619241
K2-233 b,K2-233,Transit,2018,K2,1,3,2.4,1.315,2.467583,0.03293,0,1127,0.79,0.71,4796,-0.52288,67.5062,230.4799011,-20.2317975
K2-211 b,K2-211,Transit,2018,K2,1,1,2.33,1.33162691,0.669561,0.01419,0.19,1873,0.851,0.818,5117,-0.383,272.297,21.1061587,1.7049101
K2-221 b,K2-221,Transit,2018,K2,1,1,3.46,1.67890272,2.399094,,,,1.010842,0.947599,5716,-0.06367,318.81,16.6550286,10.1897385
K2-215 b,K2-215,Transit,2018,K2,1,1,5.16,2.12381238,8.269648,,,,0.999987,0.974398,5704,-0.02639,403.964,18.4700795,6.1238647
K2-217 b,K2-217,Transit,2018,K2,1,1,12.5,3.57854073,14.074524,,,,1.102661,1.333718,5967,0.23239,381.878,11.2983678,6.4815879
K2-183 d,K2-183,Transit,2018,K2,1,3,5.9,2.3,22.620344,0.1527,,615,0.942219,0.87,5482,-0.13179,329.041,125.007177,14.0194586
K2-163 b,K2-163,Transit,2018,K2,1,1,6.65,2.46610713,6.673117,,,,0.826112,0.762201,4937,-0.54141,208.529,182.3292517,-0.5393421
K2-162 b,K2-162,Transit,2018,K2,1,1,2.67,1.44,9.45889,0.0795,,631,0.75,0.69,4842,-0.65691,124.433,186.0383865,-1.111479
HD 206893 b,HD 206893,Imaging,2021,Gemini Observatory,1,2,8899.195396,14.01122587,9350,9.6,0.14,1429.2,1.32,1.31116,6500,0.4561,40.7583,326.3416874,-12.7833522
K2-205 b,K2-205,Transit,2018,K2,1,1,4.64,1.99552771,26.672263,,,,0.951027,1.077574,5890,0.19406,405.301,15.2175909,0.425966
K2-204 b,K2-204,Transit,2018,K2,1,1,10.2,3.17214154,7.055908,0.0738,0.28,1148,1.076,1.253,5783,0.19866,577.235,17.3825067,-0.5177539
K2-381 d,K2-381,Transit,2022,K2,1,3,3.5,1.689,26.803023,,,,0.754,0.675,4473,-0.73923,145.701,288.0267612,-21.0075789
CoRoT-7 d,CoRoT-7,Radial Velocity,2022,La Silla Observatory,1,3,17.142,4.31,8.966,,,,0.915,0.8389,5250,-0.28938,159.906,100.9561682,-1.0630076
Kepler-281 c,Kepler-281,Transit,2014,Kepler,1,3,161.124,5.31,36.337373,0.215,0,513,0.95,0.899,5723,0.14638,1745.45,294.1081465,44.7706524
TYC 2187-512-1 b,TYC 2187-512-1,Radial Velocity,2022,Calar Alto Observatory,1,1,104.8833743,12.5,691.9,1.22,0.05,,0.498,0.495,3734,-1.38091,15.4744,320.5266829,22.9319351
Kepler-451 c,2MASS J19383260+4603591,Eclipse Timing Variations,2022,Multiple Observatories,2,3,511.7037353,13.5,1460,,0.29,,0.48,0.203,29564,1.45,396.332,294.6359173,46.0664076
CoRoT-36 b,CoRoT-36,Transit,2022,CoRoT,1,1,216.1233168,15.80466279,5.616531,0.066,0,1567,1.32,1.52,6730,0.81257,925.958,277.7510149,7.1833465
Gl 49 b,Gl 49,Radial Velocity,2019,Multiple Observatories,2,1,5.63,2.24,13.8508,0.0905,0.363,,0.515,0.511,3805,-1.30645,9.8528,15.6687321,62.3454386
Kepler-805 b,Kepler-805,Transit,2016,Kepler,1,1,8.7,2.89,30.8638931,0.19852,0,743,1.19,1.65,6112,0.5408,638.49,293.2300178,45.053364
TOI-561 d,TOI-561,Transit,2020,Transiting Exoplanet Survey Satellite (TESS),1,4,13.33,2.615,25.71268,0.1587,0.111,600,0.806,0.843,5342,-0.28233,85.799,148.1851516,6.216103
HD 110113 b,HD 110113,Transit,2021,Transiting Exoplanet Survey Satellite (TESS),1,2,4.55,2.05,2.541,0.035,0.093,1371,0.997,0.968,5732,-0.03235,106.307,190.0365636,-44.3120777
Kepler-504 b,Kepler-504,Transit,2016,Kepler,2,1,3.15,1.59,9.549275422,0.0646,0,374,0.33,0.33,3519,-1.57681,99.0688,284.9219608,45.9723265
Kepler-277 b,Kepler-277,Transit,2013,Kepler,1,2,87.3,2.92,17.324,0.14168,0,964,1.12,1.69,5946,0.56791,976.643,286.5831894,39.0772582
TOI-544 b,TOI-544,Transit,2022,Transiting Exoplanet Survey Satellite (TESS),1,2,2.89,2.018,1.548352,0.0225,0,999,0.631,0.623,4169,-0.90049,41.1166,82.2900716,-0.3428983
HD 105779 b,HD 105779,Radial Velocity,2022,La Silla Observatory,1,1,203.4101805,14.1,2412,3.38,0,,0.89,0.94,5792,-0.10791,55.2411,182.6612053,-16.9564908
Kepler-814 b,Kepler-814,Transit,2016,Kepler,1,1,5.14,2.12,6.1469851,0.0695,0,1164,1.15,1.22,6162,0.66937,2055.77,284.9105256,48.4315896
Kepler-798 b,Kepler-798,Transit,2016,Kepler,1,1,6.3,2.39,13.71933369,0.1174,0,864,1.19,1.29,6224,0.22222,972.274,292.4782785,42.1422821
HD 69123 b,HD 69123,Radial Velocity,2022,La Silla Observatory,1,1,982.0897776,13.1,1193.3,2.482,0.19,,1.68,7.72,4842,1.46997,75.116,123.55499,-35.4899246
TOI-1203 c,TOI-1203,Radial Velocity,2025,La Silla Observatory,1,4,5.46,2.2,13.0766,,0.092,,0.886,1.179,5737,0.12977,64.9943,168.2267358,-34.4069371
TOI-1478 b,TOI-1478,Transit,2021,Transiting Exoplanet Survey Satellite (TESS),1,1,279.6889982,11.99360935,10.1802117,0.0818,0.055,918,0.947,1.048,5597,-0.01278,152.892,126.4337428,-13.5595485
Kepler-280 b,Kepler-280,Transit,2014,Kepler,1,2,2.7,1.45,2.139542,0.032,0,1425,0.962,0.886,5744,-0.06437,780.361,291.3905325,42.1804735
WASP-93 b,WASP-93,Transit,2016,SuperWASP,1,1,467.2101,17.900773,2.7325321,0.04211,0,1942,1.334,1.524,6700,0.61784,370.284,9.4587443,51.288778
TOI-5678 b,TOI-5678,Transit,2023,Transiting Exoplanet Survey Satellite (TESS),1,1,20,4.91,47.73022,0.249,0.14,513,0.905,0.938,5485,-0.13069,165.393,47.3841872,-34.1984808
LP 261-75 b,LP 261-75 A,Imaging,2006,Apache Point Observatory,1,1,6674.396547,12.1,,450,,1500,0.22,0.308,3138,-2.08618,33.928,147.7685281,35.9685562
TOI-771 c,TOI-771,Radial Velocity,2025,Paranal Observatory,1,2,2.87,1.5,7.61,0.046,0.065,365,0.22,0.232,3370,-2.20343,25.2788,164.1138903,-72.9851736
TOI-1203 b,TOI-1203,Radial Velocity,2025,La Silla Observatory,1,4,3.51,1.52,4.1572888,0.04869,0.067,1361.2,0.886,1.179,5737,0.12977,64.9943,168.2267358,-34.4069371
HIP 29442 d,TOI-469,Radial Velocity,2023,Paranal Observatory,1,3,5.14,1.538,6.429575,0.0673,,920,0.901,0.98,5289,-0.14921,68.192,93.0578446,-14.6493167
HD 93385 d,HD 93385,Radial Velocity,2021,La Silla Observatory,1,3,8.7,2.89,45.85,0.2565,0.09,,1.04,1.18484,5977,0.20683,43.3475,161.5627065,-41.464604
Kepler-279 c,Kepler-279,Transit,2013,Kepler,1,4,49.4,4.3,35.736,0.2236,0,774,1.1,1.07,6689.45,0.5188,1037.4,287.391295,42.194822
HD 154088 b,HD 154088,Radial Velocity,2021,La Silla Observatory,1,1,6.6,2.46,18.56,0.134,0.344,,0.91,0.95,5374,-0.13077,18.2692,256.1164214,-28.5838342
Kepler-286 b,Kepler-286,Transit,2014,Kepler,1,4,2.07,1.24,1.796302,0.027,0,1367,0.83,0.863,5580,-0.11623,1226.85,290.6761874,48.2942362
TOI-4214 b,TOI-4214,Transit,2025,Transiting Exoplanet Survey Satellite (TESS),1,1,165.2707716,10.68215861,3.4913885,0.05018,0.17,1642,1.382,1.434,6370,0.48287,346.881,110.2495104,-13.9262649
HD 19615 b,HD 19615,Radial Velocity,2022,Bohyunsan Optical Astronomical Observatory,1,1,2701.54146,12.6,402,1.1,0.2,,1.1,32.3,4263,2.51455,265.155,48.7813299,73.868015
Kepler-809 b,Kepler-809,Transit,2016,Kepler,1,1,9.32,3.01,55.63934,0.2901,0,478,0.99,0.98,5734,0.00145,961.405,289.0836324,48.0180689
HD 29399 b,HD 29399,Radial Velocity,2022,La Silla Observatory,1,1,498.990599,13.5,892.7,1.913,0.05,,1.17,4.5,4845,1.00173,44.1518,68.3903471,-62.8237576
2M0437 b,2MASS J04372171+2651014,Imaging,2021,Subaru Telescope,1,1,1271.313628,13,,118,,1450,0.17,0.84,3100,-1.16368,128.484,69.3405531,26.8502997
Kepler-788 b,Kepler-788,Transit,2016,Kepler,1,1,7.04,2.55,8.39846269,0.0835,0,984,1.16,1.23,6159,0.33615,1775.8,290.0004154,38.5398551
TOI-4551 b,TOI-4551,Transit,2023,Transiting Exoplanet Survey Satellite (TESS),1,1,473.5643264,11.85910158,9.95581,0.0994,0.101,1655,1.31,3.55,4896,0.80277,215.986,184.9787579,-25.8278531
TOI-4559 b,TOI-4559,Transit,2024,Transiting Exoplanet Survey Satellite (TESS),1,1,2.59,1.415,3.965991,0.0359,,554.16,0.392,0.374,3558,-1.6925,31.6354,211.0135378,-30.0141252
TOI-4734 b,TOI-4734,Transit,2025,Transiting Exoplanet Survey Satellite (TESS),1,1,61.65871096,10.9175472,6.235633,0.074,0.12,1468,1.391,1.857,6070,0.62428,563.068,90.3581219,12.5478825
TOI-5713 b,TOI-5713,Transit,2024,Transiting Exoplanet Survey Satellite (TESS),1,1,3.78,1.77,10.441989,0.06008,0.24,347.2,0.2653,0.2992,3225,-2.05849,40.8668,208.4587323,52.6027628
K2-389 b,K2-389,Transit,2022,K2,1,2,6.04,2.33,8.58289,,,932,0.99,1.094,5773,0.10644,259.208,355.6304152,-9.7135814
Kepler-818 b,Kepler-818,Transit,2016,Kepler,1,1,22.9,5.11,10.03538581,0.0886,0,786,0.94,0.92,5638,-0.124,925.037,296.2351072,39.3702865
Kepler-463 b,Kepler-463,Transit,2016,Kepler,1,1,9.53,3.05,8.981016833,0.07925,0,880,0.87,0.9,5661,0.07904,394.804,298.9368228,44.8578644
Kepler-799 b,Kepler-799,Transit,2016,Kepler,1,2,37.9,6.88,133.4605235,0.5167,0,433,0.95,0.93,5681,-0.09,1509.084,287.1748966,44.8784754
HD 224018 c,HD 224018,Transit,2025,K2,1,3,10.4,2.42,36.57669,0.217,0.02,641,1.013,1.147,5784,0.12385,105.48,358.6390056,-4.7233362
TOI-3877 b,TOI-3877,Transit,2025,Transiting Exoplanet Survey Satellite (TESS),1,1,99.7981198,11.67975789,4.123596,0.0529,0.22,1445,1.16,1.445,5731,0.3075,493.77,170.4544727,33.9913822
Barnard b,Barnard's star,Radial Velocity,2024,Paranal Observatory,1,4,0.299,0.72,3.1542,0.0229,0.03,438,0.162,0.185,3195,-2.44977,1.82655,269.4486144,4.7379808
Kepler-65 b,Kepler-65,Transit,2012,Kepler,1,4,2.4,1.42,2.15491,0.035,0.028,1740,1.25,1.41,6211,0.4674,303.728,288.6887221,41.1511076
HD 208487 b,HD 208487,Radial Velocity,2004,Anglo-Australian Telescope,1,1,146.2010672,14.3,129.36,0.53,0.37,,1.15,1.16,6134,0.233,45.147,329.3332489,-37.7641354
Kepler-158 d,Kepler-158,Transit,2024,Kepler,1,3,0.0472,0.43,0.645088,,,,0.656,0.668,4895.97,-0.75667,315.177,284.0323723,39.7815365
Kepler-80 e,Kepler-80,Transit,2014,Kepler,1,6,4.13,1.6,4.64489,0.0491,0.0035,629,0.73,0.678,4540,-0.76955,369.451,296.1125759,39.9787451
Kepler-1672 b,Kepler-1672,Transit,2020,Kepler,1,1,9.11,2.97022762,150.878,0.55374,0,423,1.16,1.08841,6131.95,0.17867,391.181,297.9400971,40.2785566
Kepler-82 d,Kepler-82,Transit,2014,Kepler,1,5,885.098,1.77,2.382961,0.034,0,1253,0.946,0.945,5428,-0.18507,904.326,292.8733696,42.9661583
Kepler-20 b,Kepler-20,Transit,2011,Kepler,2,6,9.7,1.773,3.6961049,0.04565,0.083,1187,0.929,0.9164,5495,-0.16451,282.563,287.6979913,42.3385782
TIC 88785435 b,TIC 88785435,Transit,2025,Transiting Exoplanet Survey Satellite (TESS),1,1,22.3,5.03,10.508843,0.08432,0.131,635,0.724,0.911,3998,-0.69596,122.386,224.2838576,-30.8800273
Kepler-1229 b,Kepler-1229,Transit,2016,Kepler,1,1,2.54,1.4,86.828989,0.3006,0,212,0.54,0.51,3784,-1.533,265.482,297.4868347,46.9966782
Kepler-1837 b,Kepler-1837,Transit,2021,Kepler,1,1,4.92,2.06673842,5.906089783,0.065,0,1012,1.049,0.961,5966,-0.06826,1229.18,288.2076012,45.6834463
Kepler-406 b,Kepler-406,Transit,2014,Kepler,1,2,6.35,1.43,2.42629,0.03599,0,1302,1.07,1.07,5538,0.0482,364.03,291.8481764,44.9682807
Kepler-1855 b,Kepler-1855,Transit,2021,Kepler,1,1,1.96,1.216205,0.727330983,0.0115,0,849,0.385,0.356,3460,-1.2949,,283.4018628,41.5161554
Kepler-446 b,Kepler-446,Transit,2015,Kepler,1,3,2.86,1.5,1.565409,0.0182,0,648,0.22,0.24,3359,-2.24766,96.339,282.2501047,44.921002
Kepler-231 b,Kepler-231,Transit,2014,Kepler,1,2,35.4,1.73,10.065275,0.074,0,488,0.58,0.49,3767,-1.03621,316.618,293.9733913,50.531846
Kepler-1232 b,Kepler-1232,Transit,2016,Kepler,1,1,4.38,1.93,26.7839183,0.16545,0,523,0.92,0.89,5471,-0.35931,632.865,296.5500966,49.102307
Kepler-1168 b,Kepler-1168,Transit,2016,Kepler,1,1,6.8,2.5,55.8226539,0.2663,0,379,0.87,0.82,5157,-0.5302,752.666,287.2977834,47.455488
Kepler-1680 b,Kepler-1680,Transit,2020,Kepler,1,1,2.42,1.35954736,8.77424,0.07642,0,771,0.834,0.723259,5021,-0.52356,310.315,297.0746571,39.9338893
Kepler-1831 b,Kepler-1831,Transit,2021,Kepler,1,1,4.54,1.97019818,5.78387022,0.0655,0,1051,1.117,1.012,6063,-0.0455,1053.49,295.3024604,49.5890456
Kepler-201 c,Kepler-201,Transit,2014,Kepler,1,2,8.5,2.85,151.884058,0.573,0,378,1.098,1.229,6065,0.34816,636.445,293.626059,41.2728004
HD 224018 d,HD 224018,Transit,2025,K2,1,3,4.2,2.4,138.0731,0.53,0.04,411,1.013,1.147,5784,0.12385,105.48,358.6390056,-4.7233362
Kepler-1785 b,Kepler-1785,Transit,2021,Kepler,1,1,7.77,2.70422447,19.58550072,0.13917,0,666,0.911,0.996,5618,0.00308,745.74,295.7921797,47.6000699
Kepler-1152 b,Kepler-1152,Transit,2016,Kepler,1,1,0.59,0.87,1.646801908,0.0223,0,806,0.55,0.53,3964,-1.09668,215.233,290.4341483,44.1077802
Kepler-175 c,Kepler-175,Transit,2014,Kepler,1,2,9.8,3.1,34.035257,0.213,0,583,0.969,1.01,6064,0.19402,1312.34,289.553232,43.876116
Kepler-1296 b,Kepler-1296,Transit,2016,Kepler,1,1,0.693,0.91,8.3839865,0.0896,0,1285,0.87,0.83,5359,0.48615,1551.54,292.1251038,41.4077928
Kepler-1345 b,Kepler-1345,Transit,2016,Kepler,1,1,6.17,2.36,44.6169557,0.26412,0,693,1.32,1.55,6449,0.69266,1355.02,292.4779428,46.022821
Kepler-1798 b,Kepler-1798,Transit,2021,Kepler,1,1,5.94,2.30911251,16.85589981,0.1082,0,408,0.593,0.587,3967,-0.95681,395.196,291.7262251,37.528968
Kepler-1187 b,Kepler-1187,Transit,2016,Kepler,1,1,7.32,2.61,18.87064068,0.1401,0,701,1.06,1.09,5975,0.13585,1020.53,286.8919996,38.3185034
Kepler-430 b,Kepler-430,Transit,2015,Kepler,1,2,10.6,3.25,35.968,0.2244,0,667,1.166,1.485,5884,0.31207,917.477,292.8085984,49.5794242
Kepler-385 c,Kepler-385,Transit,2014,Kepler,1,3,13.2,3.04,15.163161,0.127,0,829,0.992,1.126,6326,0.14374,1432.61,294.3385109,50.3365178
Kepler-1716 b,Kepler-1716,Transit,2021,Kepler,1,1,6.46,2.4247685,35.58100128,0.18836,0,408,0.753,0.684,4894,-0.62363,195.439,297.2717207,43.3330644
Kepler-1113 b,Kepler-1113,Transit,2016,Kepler,1,1,8.3,2.81,42.3004954,0.2415,0,558,1.12,1.17,5931,0.07994,1073.88,289.4066969,39.338813
Kepler-60 b,Kepler-60,Transit,2012,Kepler,1,3,4.19,1.71,7.1334,0.07255,0,1102,1.041,1.257,5905,0.36906,1025.1,288.9612535,42.2650472
Kepler-104 d,Kepler-104,Transit,2014,Kepler,2,3,5.54022107,3.58,51.755394,0.257,0,515,0.818,1.349,5711,0.08926,400.785,287.6046621,42.1665104
Kepler-100 b,Kepler-100,Transit,2014,Kepler,1,4,4.01,1.34,6.88734,0.07309,0.13,1155,1.13,1.51,5837,0.39445,304.645,291.3861294,41.9901394
Kepler-1190 b,Kepler-1190,Transit,2016,Kepler,1,1,2.33,1.33,10.45843441,0.0845,0,609,0.76,0.72,4730,-0.7272,342.509,284.9996582,49.4799506
Kepler-1823 b,Kepler-1823,Transit,2021,Kepler,1,1,5,2.0861268,21.10339928,0.15332,0,718,1.068,1.126,6000,0.28744,724.971,283.754777,45.335125
Kepler-1833 b,Kepler-1833,Transit,2021,Kepler,1,1,2.24,1.30027362,6.892129898,0.07545,0,1177,1.286,1.446,6164,0.4374,591.602,290.8714239,45.4102813
Kepler-1211 b,Kepler-1211,Transit,2016,Kepler,1,1,7.04,2.55,11.01816836,0.09763,0,840,0.96,0.94,5705,0.13445,1826.53,285.7207618,40.8569116
Kepler-1685 b,Kepler-1685,Transit,2020,Kepler,1,1,7.16,2.57673985,20.4905,0.1485,0,625,0.96,0.835451,5484,-0.24507,1141.89,296.1882618,43.9368118
Kepler-182 b,Kepler-182,Transit,2014,Kepler,1,2,7.18,2.58,9.825792,0.096,0,935,1.114,1.146,6250,0.34366,1549.09,289.8301128,50.5862025
Kepler-514 b,Kepler-514,Transit,2016,Kepler,2,1,3.61,1.72,5.65179605,0.06559,0,1248,1.28,1.44,6106,0.35265,455.336,286.2471739,50.2423694
Kepler-515 b,Kepler-515,Transit,2016,Kepler,2,1,2.73,1.46,19.96371318,0.1333,0,564,0.9,0.83,5293,-0.312,255,290.493913,52.055611
Kepler-1143 b,Kepler-1143,Transit,2016,Kepler,1,2,3.43,1.67,2.888904849,0.0371,0,976,0.81,0.77,5053,-0.62275,555.189,287.302772,39.2896399
Kepler-110 c,Kepler-110,Transit,2014,Kepler,1,2,5.52,2.21,31.719775,0.198,0,743,0.989,1.149,5960,0.27598,586.531,292.9291693,48.6028303
Kepler-1088 b,Kepler-1088,Transit,2016,Kepler,1,1,2.6,1.42,23.12748644,0.16163,0,667,1.08,1.08,5975,0.09007,280.629,281.5614578,42.4504087
Kepler-1859 b,Kepler-1859,Transit,2021,Kepler,1,2,3.13,1.58313575,2.729599953,0.0394,0,1455,1.09,1.235,5887,0.15429,1331.25,293.9886751,46.7179996
Kepler-362 c,Kepler-362,Transit,2014,Kepler,1,2,2.7,1.45,37.866281,0.207,0,543,0.904,0.722,5788,0.20872,1090.51,291.771603,47.5299192
Kepler-1145 b,Kepler-1145,Transit,2016,Kepler,1,1,2.54,1.4,3.97076766,0.0443,0,958,0.79,0.75,5064,-0.49839,691.961,295.3081524,43.0444026
Kepler-1242 b,Kepler-1242,Transit,2016,Kepler,1,1,5.73,2.26,13.62798432,0.1039,0,639,0.77,0.74,4895,-0.51639,687.615,284.6062174,41.196344
KOI-2513.01,KOI-2513,Transit,2023,Kepler,1,1,7310.053361,2.80224517,19.00547,0.5,0.36,758,0.91,1.2,5900,0.197,1369.87,293.6688776,46.3792321
Kepler-1302 b,Kepler-1302,Transit,2016,Kepler,1,1,2.63,1.43,8.83922659,0.0795,0,778,0.86,0.82,5236,-0.46714,634.58,290.9892462,50.308064
Kepler-401 b,Kepler-401,Transit,2014,Kepler,1,3,3.57,1.71,14.383035,0.122,0,889,1.173,1.333,6117,0.56611,965.56,290.0827494,50.8634361
Kepler-1876 b,Kepler-1876,Transit,2021,Kepler,1,1,2.4,0.853,6.99205,0.0758,0.098,1299,1.187,1.477,6104,0.42894,259.935,299.1604859,41.1437964
Kepler-1691 b,Kepler-1691,Transit,2020,Kepler,1,1,4.02,1.83470985,3.8482,0.0495,0,1283,1.11,1.13152,6000,0.17462,1267.67,286.2543962,41.0218373
Kepler-1193 b,Kepler-1193,Transit,2016,Kepler,1,1,2.3,1.32,2.832652134,0.04004,0,1453,1.08,1.21,5908,0.35069,802.116,288.1447323,51.2756446
Kepler-144 c,Kepler-144,Transit,2014,Kepler,1,2,2.39,1.35,10.104665,0.094,0,1046,1.154,1.235,6075,0.28203,384.917,281.9156128,42.7755535
Kepler-519 b,Kepler-519,Transit,2016,Kepler,2,1,5.06,2.1,24.3078946,0.15932,0,532,0.89,0.8,5260,-0.33467,246.61,299.3196708,41.3847447
Kepler-167 d,Kepler-167,Transit,2016,Kepler,2,4,2.06,1.238,21.80379,0.1404,0,538,0.777,0.749,4884,-0.5391,341.908,292.6585253,38.3455558
Kepler-395 c,Kepler-395,Transit,2014,Kepler,1,2,2.3,1.32,34.989262,0.177,0,341,0.622827,0.556,4262,-1.194,421.382,293.5111889,45.1366252
Kepler-206 b,Kepler-206,Transit,2014,Kepler,1,3,1.87,1.2,7.781987,0.078,0,983,0.957,1.185,5764,0.08357,594.447,291.6346564,41.8338415
Kepler-1091 b,Kepler-1091,Transit,2016,Kepler,1,1,2.73,1.46,1.434741564,0.0252,0,1664,1.01,1.03,5851,0.07961,914.299,299.7854426,43.6707235
Kepler-380 b,Kepler-380,Transit,2014,Kepler,1,2,1.81,1.19,3.930821,0.05,0,1317,0.99,1.224,6045,0.2776,813.713,282.3947017,48.7591334
Kepler-1267 b,Kepler-1267,Transit,2016,Kepler,1,1,9.32,3.01,13.0313945,0.1057,0,774,1.15,1.2,6096,0.0025,1379.43,299.1695093,43.4410533
Kepler-1282 b,Kepler-1282,Transit,2016,Kepler,1,1,3.02,1.55,2.131946513,0.0335,0,1418,0.92,0.89,5504,-0.18287,1103.29,290.1761688,46.6983036
Kepler-1353 b,Kepler-1353,Transit,2016,Kepler,1,1,3.89,1.8,24.7543966,0.153,0,491,0.76,0.72,4776,-0.6146,593.384,295.7353911,42.5762317
Kepler-116 c,Kepler-116,Transit,2014,Kepler,1,2,5.9,2.3,13.07163,0.116,0,964,1.198,1.454,6142,0.42073,955.168,294.7420605,43.5367842
Kepler-145 b,Kepler-145,Transit,2013,Kepler,1,2,37.1,2.65,22.951,0.17308,0.43,873,1.32,1.85,6022,0.69164,566.85,291.3877397,44.5290465
Kepler-619 d,Kepler-619,Transit,2023,Kepler,1,3,16.2,4.17,11.67894236,0.1021,0,830,1.041,0.964,6122,-0.04002,900.678,290.8490899,48.4159782
Kepler-403 b,Kepler-403,Transit,2014,Kepler,1,3,2.1,1.25,7.031462,0.076,0,1194,1.299,1.329,6090,0.64405,840.269,289.9214256,46.7445267
Kepler-957 b,Kepler-957,Transit,2016,Kepler,1,1,25.9,5.5,5.907413537,0.0559,0,769,0.81,0.75,4963,-0.46836,824.688,290.1563633,48.818971
Kepler-85 b,Kepler-85,Transit,2012,Kepler,1,4,1.84,1.778,8.3,0.07885,0.02,809,0.928,0.875,5505.2,-0.2123,765.025,290.9734395,45.2902761
Kepler-36 c,Kepler-36,Transit,2012,Kepler,1,2,7.13,3.679,16.21865,0.12692,0,928,1.034,1.634,5979,0.51005,527.956,291.2501859,49.2318073
Kepler-510 b,Kepler-510,Transit,2016,Kepler,1,1,6.66,2.47,19.55659418,0.1352,0,797,0.91,1.41,5746,0.33243,386.177,287.6550196,39.2441716
Kepler-1250 b,Kepler-1250,Transit,2016,Kepler,1,1,4.35,1.92,2.607543834,0.0393,0,1431,0.99,0.98,5717,0.34255,2126.85,287.7938184,45.9802492
Kepler-285 c,Kepler-285,Transit,2014,Kepler,1,2,1.46,1.12,6.186676,0.064,0,851,0.915,0.808,5411,-0.27923,824.31,291.3908469,48.0655392
Kepler-161 c,Kepler-161,Transit,2014,Kepler,1,2,3.61,2.05,7.06424,0.068,0,769,0.853,0.806,5078,-0.44679,434.632,290.5164698,43.0838642
KOI-134 b,KOI-134,Transit,2025,Kepler,1,2,346.4329636,12.03844527,67.1277,0.363,0.16,659,1.407,1.667,6160,0.62325,1159.21,295.586598,45.3649371
Kepler-187 b,Kepler-187,Transit,2014,Kepler,1,2,2.57,1.41,4.938864,0.059,0,1244,1.081,1.287,6105,0.49267,1143,299.7964955,44.0892448
Kepler-1880 b,Kepler-1880,Transit,2021,Kepler,1,1,5.13,2.11686218,6.309219837,0.054,0,606,0.524,0.53,4380,-0.76168,611.041,287.8264561,40.6965988
Kepler-367 b,Kepler-367,Transit,2014,Kepler,1,2,2.24,1.3,37.815724,0.201,0,401,0.768,0.695,4710,-0.61671,188.027,297.292558,49.9817499
Kepler-384 b,Kepler-384,Transit,2014,Kepler,1,2,1.46,1.12,22.597053,0.148,0,670,0.882,0.882,5577,0.39588,895.678,286.0261113,44.7828571
Kepler-1842 b,Kepler-1842,Transit,2021,Kepler,1,1,6.14,2.35388681,14.02639961,0.116,0,822,1.057,1.131,5970,-0.02604,923.551,286.2516039,42.3784353
Kepler-172 d,Kepler-172,Transit,2014,Kepler,1,4,5.69,2.25,14.627119,0.118,0,736,1.081,1.085,5526,-0.03187,828.592,283.3684093,41.821839
Kepler-1272 b,Kepler-1272,Transit,2016,Kepler,1,1,6.21,2.37,51.1309704,0.2705,0,542,1.06,1.09,5926,0.37031,1206.37,285.2197605,38.8058393
Kepler-1994 b,Kepler-1994,Transit,2023,Kepler,1,1,0.087,0.51,4.61225043,0.053,0,1032,0.932,0.961,5495,-0.04165,241.991,297.1487941,46.2969247
Kepler-1312 b,Kepler-1312,Transit,2016,Kepler,1,2,5.06,2.1,5.448325286,0.06053,0,978,0.99,0.92,5719,-0.09874,299.104,292.9712801,41.0357494
Kepler-1336 b,Kepler-1336,Transit,2016,Kepler,1,2,4.58,1.98,23.198681,0.15845,0,793,0.94,1.3,5512,0.42052,1126.64,296.2776587,46.8998006
Kepler-1829 b,Kepler-1829,Transit,2021,Kepler,1,1,6.71,2.47887001,5.186719894,0.0559,0,860,0.873,0.777,5230,-0.39395,679.921,288.664484,51.4983798
Kepler-1313 b,Kepler-1313,Transit,2016,Kepler,1,1,3.75,1.76,3.833091178,0.04619,0,1012,0.92,0.85,5453,-0.3248,174.234,292.388582,42.2332767
Kepler-114 d,Kepler-114,Transit,2013,Kepler,1,3,3.9,2.53,11.776,0.08358,0,446,0.56,0.54,4660,-0.6853,259.533,294.121482,48.3497977
Kepler-293 c,Kepler-293,Transit,2014,Kepler,1,2,14,3.83,54.155743,0.286,0,466,0.934,0.957,5804,-0.23265,974.633,286.3580611,42.4064917
Kepler-370 c,Kepler-370,Transit,2014,Kepler,1,2,4.31,1.91,19.02293,0.14,0,647,0.982,0.9,5852,0.00609,1167.94,292.1710683,40.9162381
Kepler-1142 b,Kepler-1142,Transit,2016,Kepler,1,1,2.76,1.47,18.3027248,0.1343,0,902,0.97,0.96,5685,0.43724,1273.51,292.7144796,44.0822816
Kepler-1808 b,Kepler-1808,Transit,2021,Kepler,1,1,9.4,3.02511302,23.3404007,0.1467,0,601,0.773,0.892,5530,-0.06242,1022.01,287.2924737,39.3832039
Kepler-1682 b,Kepler-1682,Transit,2020,Kepler,1,1,8.7,2.88940836,14.8334,0.1134,0,694,0.99,0.842301,5619.12,-0.1957,1159.85,293.9835827,39.5728474
Kepler-1811 b,Kepler-1811,Transit,2021,Kepler,1,1,14.1,3.84829873,76.42230225,0.3462,0,455,0.946,1.19,5561,0.1541,1390.56,289.9793241,40.1427848
Kepler-1885 b,Kepler-1885,Transit,2021,Kepler,1,1,2.89,1.51110555,2.522559881,0.036,0,1205,0.977,0.86,5591,-0.17642,818.482,288.7507112,47.4909206
Kepler-349 c,Kepler-349,Transit,2014,Kepler,1,2,4.5,1.96,12.247629,0.105,0,763,1.083,0.927,5956,-0.0073,940.724,293.6764689,44.6155972
Kepler-1155 b,Kepler-1155,Transit,2016,Kepler,1,1,4.78,2.03,33.469743,0.2006,0,609,1.03,1.03,5842,0.0472,1128.72,288.8206058,39.5228712
Kepler-481 b,Kepler-481,Transit,2016,Kepler,1,1,6.8,2.5,10.06082567,0.08926,0,899,1.01,1.09,5802,0.20725,813.724,291.9069862,49.262076
Kepler-1162 b,Kepler-1162,Transit,2016,Kepler,1,2,5.52,2.21,32.5637069,0.19,0,490,0.89,0.84,5390,-0.32228,940.211,283.2920273,45.4339813
Kepler-1163 b,Kepler-1163,Transit,2016,Kepler,1,1,1.08,1.03,6.11786898,0.06868,0,1211,1.22,1.35,6302,0.39636,478.647,290.235863,50.0300654
Kepler-530 b,Kepler-530,Transit,2016,Kepler,2,1,9.32,3.01,39.30941904,0.21491,0,488,0.97,0.89,5697,-0.13247,457.709,283.3402948,48.549062
Kepler-292 b,Kepler-292,Transit,2014,Kepler,1,5,2.3,1.32,2.580827,0.035,0,1130,0.865,0.826,5299,-0.33691,1056.48,295.7661979,42.4242822
Kepler-1816 b,Kepler-1816,Transit,2021,Kepler,1,1,4.53,1.9679397,91.50099945,0.35647,0,310,0.786,0.706,5051,-0.53145,437.823,296.8509823,50.6987736
Kepler-1819 b,Kepler-1819,Transit,2021,Kepler,1,1,14.5,3.90351256,16.48690033,0.1337,0,760,1.173,1.071,6090,0.0865,1363.19,296.5600307,46.8574644
Kepler-85 d,Kepler-85,Transit,2014,Kepler,1,4,8.69679,1.2,17.91323,0.13,0,626,0.947,0.893,5436,-0.2123,765.025,290.9734395,45.2902761
TOI-3984 A b,TOI-3984 A,Transit,2023,Transiting Exoplanet Survey Satellite (TESS),2,1,44,7.9,4.353326,0.041,0.23,563,0.49,0.47,3476,-1.57408,108.883,226.3371468,36.7869747
TOI-4562 b,TOI-4562,Transit,2023,Transiting Exoplanet Survey Satellite (TESS),1,2,732,12.53,225.1064,0.768,0.76,318,1.192,1.152,6096,0.25285,339.605,112.0100593,-63.5177788
Kepler-100 e,Kepler-100,Radial Velocity,2023,W. M. Keck Observatory,1,4,24.14271827,5.27,60.888588,0.312391586,0.026437,,1.097,1.5,5884,0.39445,304.645,291.3861294,41.9901394
Kepler-357 d,Kepler-357,Transit,2014,Kepler,1,3,11.6,3.43,49.499875,0.246,0,402,0.794,0.834,5036,-0.55635,688.573,291.2429746,44.0086337
Kepler-1692 b,Kepler-1692,Transit,2020,Kepler,1,1,1.42,1.11177184,5.95966,0.0646,0,897,0.87,0.866139,5146,-0.32425,591.019,286.9241804,47.0537092
Kepler-1678 b,Kepler-1678,Transit,2020,Kepler,1,1,10.9,3.30422249,147.974,0.5302,0,329,1.03,0.834976,5754,-0.16208,847.339,292.5916297,38.3995629
Kepler-1390 b,Kepler-1390,Transit,2016,Kepler,1,1,1.76,1.18,6.48021673,0.0662,0,934,0.98,0.98,5753,-0.10022,723.431,298.6624419,48.2488659
Kepler-355 b,Kepler-355,Transit,2014,Kepler,1,2,2.73,1.46,11.03189,0.102,0,840,0.933,1.066,6184,0.19516,1432.17,285.7994917,42.8117427
Kepler-331 b,Kepler-331,Transit,2014,Kepler,1,3,3.97,1.82,8.457496,0.065,0,540,0.653,0.492,4347,-0.78358,580.119,291.8343455,39.3073462
HS Psc b,HS Psc,Radial Velocity,2024,McDonald Observatory,1,1,464.0294742,13.6,3.986,0.0435,0.27,,0.69,0.65,4203,-0.91364,37.6604,24.347379,26.9528036
Kepler-350 c,Kepler-350,Transit,2013,Kepler,1,3,6.1,3.1,17.849,0.1385,0,888,1,1.25,6492.3,0.42842,956.859,285.4195845,39.7061009
Kepler-55 c,Kepler-55,Transit,2012,Kepler,1,5,69.8,2.21,42.1516418,0.2095,0,349,0.62,0.58,4362,-0.76324,578.796,285.1683291,44.0264898
HIP 111909 c,HIP 111909,Radial Velocity,2025,Multiple Observatories,1,2,257.4410097,13.9,893.63,1.97,,,1.28,4.53,4891,1.02,88.077,340.0304354,-49.5985391
2MASS J11011926-7732383 b,2MASS J11011926-7732383,Imaging,2024,European Space Agency (ESA) Gaia Satellite,1,1,8899.195396,11.9,,266,,2677,,,,,,165.3295388,-77.5440912
HIP 77900 b,HIP 77900,Imaging,2024,European Space Agency (ESA) Gaia Satellite,1,1,6674.396547,12.1,,3319,,2507,,,13646,,150.862,238.6253901,-27.3387434
Kepler-1370 b,Kepler-1370,Transit,2016,Kepler,1,2,4.04,1.84,20.2641684,0.15763,0,770,1.19,1.29,6202,0.45795,1004.1,284.5656897,41.7784781
Kepler-417 b,Kepler-417,Transit Timing Variations,2014,Kepler,1,2,11,2.31,12.331,0.1006,0,671,0.9,0.806,5177,-0.41061,973.989,293.8241813,42.779648
UCAC4 328-061594 b,UCAC4 328-061594,Imaging,2024,Multiple Observatories,1,1,6674.396547,12.1,,19000,,,1.19,,,,39.9089,152.6991091,-24.4532674
NGTS-30 b,NGTS-30,Transit,2024,Transiting Exoplanet Survey Satellite (TESS),1,1,305.1152707,10.40193409,98.29838,0.408,0.294,500,0.94,0.913,5455,-0.18738,238.377,173.714867,-24.6054801
UCAC3 113-933 b,UCAC3 113-933,Imaging,2024,Multiple Observatories,1,1,6674.396547,12.1,,6100,,,0.61,0.564484,3864,-1.19385,52.5829,5.2758121,-33.8031679
Kepler-363 c,Kepler-363,Transit,2014,Kepler,1,3,66.4,1.69,7.542427,0.079,0,1054,1.226,1.485,5593,0.36465,762.596,283.1920779,41.3054172
Kepler-1032 b,Kepler-1032,Transit,2016,Kepler,1,1,4.16,1.87,3.290117953,0.0361,0,802,0.77,0.71,4647,-0.65547,673.01,289.9308779,40.0977109
HD 48948 b,HD 48948,Radial Velocity,2024,Roque de los Muchachos Observatory,1,3,4.88,2.06,7.34013,0.0652,0.055,957,0.686,0.679,4593,-0.78885,16.9043,102.489811,60.3373133
HD 48948 d,HD 48948,Radial Velocity,2024,Roque de los Muchachos Observatory,1,3,10.59,3.24,151.92,0.4894,0.055,349,0.686,0.679,4593,-0.78885,16.9043,102.489811,60.3373133
Kepler-272 b,Kepler-272,Transit,2014,Kepler,1,3,78,1.43,2.971353,0.038,0,1200,0.91,0.929,5297,0.06634,889.608,299.1275257,47.5938319
TIC 241249530 b,TIC 241249530,Transit,2024,Transiting Exoplanet Survey Satellite (TESS),2,1,1582.785467,13.29385111,165.7719,0.641,0.9412,,1.271,1.397,6166,0.40824,324.448,95.3088995,53.2950203
Kepler-970 b,Kepler-970,Transit,2016,Kepler,2,1,7.31,2.609,16.736525,0.139,0.34,464,0.67,0.71,4290,-0.77469,331.545,289.6252192,40.7087351
Gaia-4 b,Gaia-4,Astrometry,2025,European Space Agency (ESA) Gaia Satellite,1,1,3750.375203,12.4,571.3,,0.338,,0.644,0.624,4034,-0.99957,73.4829,209.5063762,31.6954898
Kepler-1375 b,Kepler-1375,Transit,2016,Kepler,1,1,3.68,1.74,3.3004192,0.0471,0,1543,1.47,1.78,6704,0.82249,1430.84,296.2935173,43.4032189
Kepler-125 c,Kepler-125,Transit,2014,Kepler,1,2,0.33,0.74,5.774464,0.051,0,529,0.542101,0.512,3810,-1.3279,183.365,298.2581101,47.6050031
Kepler-1130 d,Kepler-1130,Transit,2021,Kepler,2,3,0.202,0.64472273,4.272250175,0.05068,0,981,0.944,0.842,5450,-0.25964,249.343,285.207421,45.384333
TOI-4443.01,TOI-4443,Transit,2024,Transiting Exoplanet Survey Satellite (TESS),1,1,3.6,1.7193265,1.8498567,0.029962645,,1638.82,1.049133,1.01733,5834,0.03349,56.0739,274.2686643,21.9095459
Barnard c,Barnard's star,Radial Velocity,2025,Gemini Observatory,1,4,0.335,0.743,4.1244,0.0274,0.08,400,0.162,0.185,3195,-2.44977,1.82655,269.4486144,4.7379808
Kepler-1059 b,Kepler-1059,Transit,2016,Kepler,1,1,3.64,1.73,3.764191048,0.044,0,908,0.75,0.72,4906,-0.52036,713.167,289.2202147,41.7064385
Kepler-237 b,Kepler-237,Transit,2014,Kepler,1,2,2.57,1.41,4.715106,0.05,0,823,0.696,0.725,4861,-0.47742,657.822,283.2213438,40.421762
NGTS-6 b,NGTS-6,Transit,2019,Next-Generation Transit Survey (NGTS),1,1,425.57437,14.863134,0.882059,0.01677,0,1283.9,0.767,0.754,4730,-0.59176,308.262,75.795382,-30.3994612
NGTS-32 b,NGTS-32,Transit,2025,Next-Generation Transit Survey (NGTS),1,1,181.162192,15.91675259,3.31211,0.044,0,1750,1.07,1.85,5680,0.47092,837.457,223.8576228,-18.4323191
Kepler-107 c,Kepler-107,Transit,2014,Kepler,1,4,10,1.597,4.901452,0.06064,0.08,1378,1.238,1.447,5854,0.36449,525.997,297.028162,48.2086019
Kepler-266 c,Kepler-266,Transit,2014,Kepler,1,2,14.4,3.89,107.723601,0.457,0,421,0.947,1.028,5885,0.01163,1370.79,294.4843821,44.1669355
HD 23079 c,HD 23079,Radial Velocity,2025,La Silla Observatory,1,2,8.26,2.8,5.748913,,0.097,,1.16,1.08,5994,0.13033,33.4591,54.9281897,-52.9162344
HD 196067 c,HD 196067,Radial Velocity,2025,La Silla Observatory,2,2,10.4,3.21,4.601088,,0.235,,1.16,1.71,6072,0.549,39.9346,310.4364195,-75.3514992
Kepler-107 b,Kepler-107,Transit,2014,Kepler,1,4,3.8,1.536,3.1800218,0.04544,0.1,1592,1.238,1.447,5854,0.36449,525.997,297.028162,48.2086019
Kepler-985 b,Kepler-985,Transit,2016,Kepler,1,1,9.17,2.98,116.331901,0.44664,0,323,0.91,0.85,5434,-0.28282,679.361,290.144339,44.0498808
Kepler-127 d,Kepler-127,Transit,2014,Kepler,1,3,7.46,2.64,48.630408,0.28,0.03,590,1.248,1.359,6106,0.40651,352.794,285.1899439,46.0280596
Kepler-275 d,Kepler-275,Transit,2014,Kepler,1,3,11.1,3.33,35.676062,0.224,0,671,1.189,1.383,6165,0.44934,2034.25,292.4797004,38.5149018
Kepler-335 b,Kepler-335,Transit,2014,Kepler,1,2,11.4,3.39,6.562331,0.075,0,1290,1.367,1.854,5877,0.57766,1278.97,296.0642944,45.4285986
Kepler-344 b,Kepler-344,Transit,2014,Kepler,1,2,7.32,2.61,21.963945,0.153,0,643,0.931,0.976,5774,-0.18481,1002.94,292.4996101,46.3243406
Kepler-969 b,Kepler-969,Transit,2016,Kepler,1,2,4.94,2.07,34.1731714,0.19726,0,465,0.92,0.82,5214,-0.38876,390.354,288.3724989,47.9335642
Kepler-329 c,Kepler-329,Transit,2014,Kepler,1,2,4.38,1.93,18.684737,0.113,0,402,0.602,0.523,4257,-0.97062,439.719,299.2681646,45.2272852
Kepler-325 b,Kepler-325,Transit,2014,Kepler,1,3,8.8,2.91,4.544439,0.053,0,1017,0.914,1.003,5752,-0.25468,823.242,289.8354219,49.825607
Kepler-1979 b,Kepler-1979,Transit,2023,Kepler,1,1,,29.33,18.5084526,0.1383,0,683,1.028,0.938,5942,-0.09382,1076.27,289.8429062,38.309622
Kepler-1800 b,Kepler-1800,Transit,2021,Kepler,1,1,0.961,0.99679734,4.562029839,0.05098,0,1533,1.33,2.506,5343,-0.18759,350.455,297.6513317,40.3524154
Kepler-365 b,Kepler-365,Transit,2014,Kepler,1,2,4.82,2.04,10.664903,0.098,0,865,1.02,1.048,6012,0.112,1038.99,295.626564,49.130411
Kepler-1069 b,Kepler-1069,Transit,2016,Kepler,1,1,3.19,1.6,23.8990296,0.16587,0,823,0.99,0.98,5722,0.37196,695.967,290.9792378,47.9889097
Kepler-345 b,Kepler-345,Transit,2014,Kepler,1,2,0.48,0.74,7.415563,0.066,0,622,0.61,0.623,4504,-0.49534,260,295.2288521,45.9710432
Kepler-382 c,Kepler-382,Transit,2014,Kepler,1,2,3.15,1.59,12.162701,0.097,0,882,1.002,0.945,5600,0.14553,935.446,299.1362435,45.8699582
Kepler-544 b,Kepler-544,Transit,2016,Kepler,1,1,5.14,2.12,21.41616926,0.15482,0,748,1.16,1.22,6206,0.52864,963.18,294.0290734,39.0517893
Kepler-1912 b,Kepler-1912,Transit,2021,Kepler,1,1,2.41,1.35670508,6.059219837,0.06489,0,976,0.977,0.962,5734,-0.04936,297.017,282.1178211,46.2239547
Kepler-240 c,Kepler-240,Transit,2014,Kepler,1,2,102.3,2.2,7.953528,0.074,0,696,0.868,0.739,4985,-0.52355,746.927,291.1587635,40.7502108
Kepler-332 c,Kepler-332,Transit,2014,Kepler,1,3,1.32,1.09,15.995622,0.114,0,550,0.743,0.72,4955,-0.5837,344.19,286.6627811,47.4136938
HD 190007 b,HD 190007,Radial Velocity,2020,Multiple Observatories,1,1,15.5,4.06,11.724128,0.092,0.136,,0.77,0.79,4610,-0.68,12.7141,300.6956339,3.3266992
Kepler-424 b,Kepler-424,Transit,2014,Kepler,1,2,327.35,9.98,3.3118644,0.044,0,1116,1.01,0.94,5460,-0.15,698.646,298.6249797,48.57745
Kepler-207 b,Kepler-207,Transit,2014,Kepler,1,3,3.09,1.57,1.611865,0.029,0,1930,1.313,1.588,5920,0.5343,875.519,290.0305195,42.1660555
Kepler-219 c,Kepler-219,Transit,2014,Kepler,1,3,12.5,3.58,22.714613,0.165,0,766,1.164,1.491,5786,0.2139,787.07,288.7389481,46.7625929
Kepler-223 c,Kepler-223,Transit,2014,Kepler,1,4,5.1,3.44,9.84564,0.09117,0.15,947,1.125,1.72,5803,0.37128,1859.71,298.3183909,47.2794824
Kepler-402 e,Kepler-402,Transit,2014,Kepler,1,4,2.73,1.46,11.242861,0.102,0,931,1.072,1.264,6090,0.2035,625.339,288.3701976,43.3546109
Kepler-1895 b,Kepler-1895,Transit,2021,Kepler,1,1,5.14,2.11934728,6.070290089,0.0615,0,789,0.86,0.763,5076,-0.22959,984.187,291.6756005,48.7625419
Kepler-1909 b,Kepler-1909,Transit,2021,Kepler,1,1,1.33,1.09217411,2.391609907,0.0306,0,1031,0.663,0.685,4935,-0.57623,763.662,290.889409,42.4596251
Kepler-656 c,Kepler-656,Transit,2023,Kepler,1,2,2.57,1.41,5.25449393,0.0602,0,975,1.05,0.954,5550,-0.29864,890.352,288.3278778,47.381538
Kepler-1953 b,Kepler-1953,Transit,2021,Kepler,1,1,2.2,1.28574667,6.245659828,0.0607,0,731,0.786,0.707,4858,-0.62962,605.631,287.9680995,46.4705959
Kepler-168 c,Kepler-168,Transit,2014,Kepler,1,2,7.7,2.69,13.193242,0.116,0,862,1.113,1.107,6282,0.36071,1343.6,294.7101832,39.8250437
Kepler-634 b,Kepler-634,Transit,2016,Kepler,1,1,4.23,1.89,5.16950177,0.05765,0,1309,1.03,1.24,6075,0.42075,888.027,291.19509,40.7027352
TOI-663 c,TOI-663,Transit,2024,Transiting Exoplanet Survey Satellite (TESS),1,3,3.65,2.26,4.6955507,0.0437,,553,0.514,0.512,3681,-1.37033,64.2308,160.0658525,-8.5110827
Kepler-238 d,Kepler-238,Transit,2014,Kepler,1,5,23.1,3.07,13.233549,0.115,0,888,1.229,1.43,5751,0.43048,1798.75,287.8971066,40.6378141
Kepler-224 d,Kepler-224,Transit,2014,Kepler,1,4,5.9,2.3,11.349393,0.089,0,610,0.777,0.676,5018,-0.51445,782.088,290.9342679,47.3575414
Kepler-30 b,Kepler-30,Transit,2012,Kepler,1,3,11.3,3.9,29.33434,0.18,0.042,524,0.99,0.95,5498,-0.23658,914.221,285.2836483,38.9472625
Kepler-1977 b,Kepler-1977,Transit,2023,Kepler,1,1,3.39,1.66,4.53702121,0.0486,0,798,0.769,0.688,4805,-0.69414,592.711,290.6178587,37.2891002
Kepler-1499 b,Kepler-1499,Transit,2016,Kepler,1,1,1.81,1.19,44.2008,0.23225,0,409,0.82,0.78,5097,-0.46443,309.869,283.986348,41.6505091
Kepler-850 b,Kepler-850,Transit,2016,Kepler,1,1,3.82,1.78,7.19303878,0.0744,0,995,1.06,1.09,5932,0.17325,1661.28,293.0844515,48.5753645
HIP 79098 AB b,HIP 79098 AB,Imaging,2019,Paranal Observatory,2,1,6515.515,12.1,,345,,2450,3.75,,9193.75,,145.798,242.1821202,-23.6855244
Kepler-851 b,Kepler-851,Transit,2016,Kepler,1,1,3.46,1.68,8.50699658,0.0802,0,900,0.89,0.85,5455,-0.273,839.255,294.6802199,49.1401106
KMT-2024-BLG-2242L b,KMT-2024-BLG-2242L,Microlensing,2025,KMTNet,1,1,13.98444991,3.82,,0.89,,,0.069,,,,7620,268.415,-29.5603111
Kepler-241 c,Kepler-241,Transit,2014,Kepler,1,2,7.13,2.57,36.065978,0.189,0,397,0.671,0.668,4699,-0.60729,512,292.9131121,41.0609786
Kepler-249 b,Kepler-249,Transit,2014,Kepler,1,3,1.32,1.09,3.306539,0.035,0,554,0.510238,0.482,3568,-1.49485,190.401,296.9853002,43.6586043
Kepler-325 d,Kepler-325,Transit,2014,Kepler,1,3,8.2,2.79,38.715185,0.22,0,498,0.914,1.003,5752,-0.25468,823.242,289.8354219,49.825607
Kepler-149 b,Kepler-149,Transit,2014,Kepler,1,3,16.5,4.21,29.198943,0.184,0,540,1.013,0.953,5381,-0.11929,571.034,285.8537014,38.3840916
Kepler-1473 b,Kepler-1473,Transit,2016,Kepler,1,1,1.81,1.19,14.4273551,0.11606,0,783,1.09,1.09,6046,0.19358,652.253,290.6365144,48.9961494
Kepler-1501 b,Kepler-1501,Transit,2016,Kepler,1,1,3.05,1.56,14.5564533,0.11592,0,787,1.2,1.3,6229,0.20231,749.06,289.918589,42.001428
EPIC 212737443 c,EPIC 212737443,Transit,2019,K2,1,2,7.7,2.69,65.55,0.28,0.2,316,0.69,0.673,4684,-0.75057,336.25,204.2215065,-7.3180577
Kepler-476 b,Kepler-476,Transit,2016,Kepler,1,1,9.69,3.08,14.00640607,0.1126,0,807,1.03,1.09,5837,0.0949,813.535,295.1637592,43.9630716
DE CVn b,DE CVn,Eclipse Timing Variations,2018,Multiple Facilities,2,1,3823.273302,12.4,4098.1,5.75,0,,0.51,0.424754,3579,-1.57398,30.5225,201.7207198,45.5455449
GJ 740 b,GJ 740,Radial Velocity,2021,Multiple Observatories,1,1,2.96,1.53,2.37756,0.029,0.24,829,0.58,0.56,3913,-1.206,11.1017,284.4997178,5.902867
Kepler-838 b,Kepler-838,Transit,2016,Kepler,1,1,7.9,2.73,15.74957994,0.1266,0,777,0.98,0.96,5770,-0.09867,1104.04,285.4354695,45.975959
HATS-30 b,HATS-30,Transit,2016,HATSouth,2,1,224.38798,13.170575,3.1743516,0.04354,0.096,1414,1.093,1.061,5943,0.09691,342.14,5.618525,-59.9425892
Kepler-1949 b,Kepler-1949,Transit,2021,Kepler,1,1,5.56,2.21964541,2.208280087,0.0352,0,1709,1.194,1.454,6028,0.7131,2617.35,293.5422586,43.0260555
Kepler-1993 b,Kepler-1993,Transit,2023,Kepler,1,1,16.1,4.15,26.6565737,0.1943,0,903,1.373,3.062,5159,0.778,1031.91,293.7968548,45.1607261
Kepler-1954 b,Kepler-1954,Transit,2021,Kepler,1,1,3.9,1.80235934,5.883430004,0.0625,0,949,0.942,0.849,5840,0.04503,1373.83,298.0029203,43.3545882
Kepler-238 e,Kepler-238,Transit,2013,Kepler,1,5,169.7,5.6,23.654,0.17286,0,731,1.06,0.96,5800,0.43048,1798.75,287.8971066,40.6378141
Kepler-1917 b,Kepler-1917,Transit,2021,Kepler,1,1,4.23,1.88971288,12.90240002,0.103,0,675,0.882,0.788,5530,-0.29551,909.037,294.1038932,45.0013533
Kepler-1710 b,Kepler-1710,Transit,2021,Kepler,1,1,3.49494179,3.19744103,14.91110039,0.11583,0,694,0.932,0.899,5650,-0.14261,305.193,291.6832878,37.7514726
Kepler-342 c,Kepler-342,Transit,2014,Kepler,1,4,4.5,1.96,26.234138,0.185,0,754,1.213,1.472,6175,0.45345,781.611,292.6780488,46.7266813
K2-334 b,K2-334,Transit,2021,K2,1,1,27.2,5.65,5.113981,,,1380,1.36,1.49,6502,0.51362,371.823,136.4894259,16.3255146
Kepler-106 c,Kepler-106,Transit,2014,Kepler,1,4,10.44,2.5,13.5708,0.10987,0,785,1,1.04,5858,0.08255,444.322,300.864006,44.3375497
Kepler-837 b,Kepler-837,Transit,2016,Kepler,1,1,7.08,2.56,16.56059504,0.1144,0,701,0.85,0.81,5403,-0.27122,901.907,285.2467607,45.95011
Kepler-273 c,Kepler-273,Transit,2014,Kepler,1,2,4.58,1.98,8.014927,0.073,0,865,0.756,0.815,5626,-0.34099,713.964,291.3021458,47.6976573
Kepler-1391 b,Kepler-1391,Transit,2016,Kepler,1,1,3.46,1.68,54.4092333,0.30045,0,513,1.03,1.1,5840,0.43939,1038.35,294.8309749,46.6595768
Kepler-1543 b,Kepler-1543,Transit,2016,Kepler,1,1,7.8,2.71,6.96710269,0.0867,0,1774,1.39,1.65,6561,0.48688,921.784,297.1242915,47.0369876
Kepler-1580 b,Kepler-1580,Transit,2016,Kepler,1,1,5.1,2.11,56.6449279,0.33571,0,733,1.47,2.15,6228,0.92628,1002.02,285.9687099,41.3635264
Kepler-621 b,Kepler-621,Transit,2016,Kepler,1,1,5.9,2.3,2.628113746,0.031,0,737,0.72,0.68,4521,-0.759,389,290.927245,39.9141166
Kepler-150 c,Kepler-150,Transit,2014,Kepler,1,5,13.2,3.69,7.381998,0.073,0,876,0.956,0.939,5560,-0.16141,891.092,288.2341025,40.520897
Kepler-1476 b,Kepler-1476,Transit,2016,Kepler,1,1,3.43,1.67,10.35863224,0.0932,0,860,0.98,0.96,5663,-0.2429,1002.74,284.5320743,43.9898971
Kepler-1513 b,Kepler-1513,Transit,2016,Kepler,1,2,48.30991786,8.594,160.8842,0.56971,0.306,346,0.943,0.95,5491,-0.12901,349.247,289.7917561,39.2852655
GJ 682 c,GJ 682,Radial Velocity,2014,Multiple Observatories,1,2,8.7,2.89,57.32,0.176,0.1,,0.27,0.298255,3028,-2.69897,5.00671,264.2610245,-44.3232519
7 CMa c,7 CMa,Radial Velocity,2019,Multiple Observatories,1,2,276.5121,13.9,996,2.153,0.08,,1.34,4.87,4826,1.06258,19.8101,99.171276,-19.2561808
K2-348 c,K2-348,Transit,2021,K2,1,2,7.61,2.67,12.550171,,,655,0.83,0.85,5077,-0.38844,201.856,130.8783479,24.4229559
Kepler-301 b,Kepler-301,Transit,2014,Kepler,1,3,2.39,1.35,2.508553,0.036,0,1278,1.022,0.9,5815,-0.07963,719.166,283.982904,49.2329512
Kepler-1749 b,Kepler-1749,Transit,2021,Kepler,1,1,3.23,1.61301783,14.53409958,0.0956,0,420,0.551,0.553,3957,-0.94989,268.2,290.2945805,45.5645196
BD+55 362 b,BD+55 362,Radial Velocity,2021,Haute-Provence Observatory,1,1,228.836453,14,265.59,0.78,0.27,,0.909,0.896193,5012,-0.31295,52.5697,23.9636676,56.6982282
HD 124330 b,HD 124330,Radial Velocity,2021,Haute-Provence Observatory,1,1,238.3713053,14,270.66,0.86,0.34,,1.15,1.30446,5873,0.33766,60.1977,212.8207093,54.4089731
Kepler-327 c,Kepler-327,Transit,2014,Kepler,1,3,20.3,1.03,5.212333,0.047,0,537,0.591913,0.492,3799,-1.25964,241.987,292.6422963,44.0876251
Kepler-329 b,Kepler-329,Transit,2014,Kepler,1,2,2.54,1.4,7.416397,0.061,0,547,0.602,0.523,4257,-0.97062,439.719,299.2681646,45.2272852
Kepler-336 c,Kepler-336,Transit,2014,Kepler,1,3,5.06,2.1,9.600001,0.092,0,967,1.09,1.304,5867,0.26,768.86,290.2376224,41.3313637
Kepler-1392 b,Kepler-1392,Transit,2016,Kepler,1,1,4.5,1.96,15.1410397,0.1189,0,714,0.88,0.85,5479,-0.231,1117,288.7669819,46.3944497
Kepler-1934 b,Kepler-1934,Transit,2021,Kepler,1,1,0.702,0.91307734,1.419759989,0.02466,0,1700,0.968,1.035,5925,0.1085,428.514,290.9193265,37.2871677
Kepler-1965 b,Kepler-1965,Transit,2021,Kepler,1,1,2.4,1.35415138,41.86869812,0.22971,0,492,0.928,0.837,5852,-0.07602,521.791,292.5147146,38.0219872
Kepler-1696 b,Kepler-1696,Transit,2020,Kepler,1,1,8.29,2.80982017,65.9409,0.3244,0,454,1.02,1.19811,5712,0.13884,1506.36,295.5761011,42.0233639
Kepler-1660 AB b,Kepler-1660 A,Eclipse Timing Variations,2023,Kepler,2,1,1586.599408,12.9,239.5044,0.8,0.05541,,1.1366,1.491,6305.24,0.66823,1188.54,290.5519537,40.2350445
WASP-167 b,WASP-167,Transit,2017,Multiple Observatories,1,1,2542.64,17.71022,2.0219596,0.0365,,2329,1.59,1.79,7000,0.89734,423.552,196.0437932,-35.5495292
Kepler-299 c,Kepler-299,Transit,2014,Kepler,1,4,7.51,2.65,6.885875,0.07,0,946,1.004,1.032,5617,-0.04352,1052.24,283.2070156,48.5805222
HD 213472 b,HD 213472,Radial Velocity,2021,Multiple Observatories,1,1,1112.399425,13.1,17000,13,0.53,,1.048132,1.433902,5729.54,0.28533,64.4527,337.7069969,40.7222277
HD 26161 b,HD 26161,Radial Velocity,2021,Multiple Observatories,1,1,9045.396463,11.9,10942.29013,10.087,0.922,,1.12,1.455981,6057.62,0.39304,40.9128,62.4122255,31.6524346
Kepler-304 e,Kepler-304,Transit,2016,Kepler,1,4,1.87,1.2,1.499146953,0.02317,0,1137,0.8,0.73,4817,-0.6616,434.684,294.4418031,40.5575408
Kepler-341 e,Kepler-341,Transit,2014,Kepler,1,4,4.62,1.99,42.473269,0.242,0,539,0.976,1.024,6012,0.12721,1047.03,289.8615609,43.4727412
Kepler-27 d,Kepler-27,Transit,2021,Kepler,1,3,7.78,2.7061946,6.546289921,0.06578,0,810,0.926,0.817,5251,-0.32941,1044.36,292.2367608,41.085871
Kepler-341 b,Kepler-341,Transit,2014,Kepler,1,4,1.76,1.18,5.195528,0.06,0,1085,0.976,1.024,6012,0.12721,1047.03,289.8615609,43.4727412
Kepler-1935 b,Kepler-1935,Transit,2021,Kepler,1,1,6.82,2.50271696,3.951400042,0.0463,0,1083,0.845,0.899,5570,0.16401,904.702,296.4037783,39.7227036
Kepler-80 b,Kepler-80,Transit,2012,Kepler,1,6,6.93,2.67,7.05246,0.0648,0.0049,547,0.73,0.678,4540,-0.76955,369.451,296.1125759,39.9787451
Kepler-1997 b,Kepler-1997,Transit,2023,Kepler,1,1,5.82,2.28,26.7575866,0.1815,0,660,1.111,1.052,6215,0.13162,1502.34,297.4808253,46.5891373
GJ 229 A c,GJ 229,Radial Velocity,2020,Multiple Facilities,3,2,8.58136699,2.87,121.93268,0.384,0.366,,0.509,0.46,3564,-1.55284,5.75624,92.6435993,-21.8677233
GJ 720 A b,GJ 720 A,Radial Velocity,2021,Roque de los Muchachos Observatory,2,1,13.64,3.77,19.466,0.119,0.12,401,0.57,0.56,3837,-1.217,15.5575,278.8294172,45.7456038
HD 152843 c,HD 152843,Transit,2021,Transiting Exoplanet Survey Satellite (TESS),1,2,9.67,5.94,19.502104,0.1482,0.074,253.08,1.15,1.43,6310,0.44992,107.898,253.7848853,20.491524
Kepler-94 b,Kepler-94,Transit,2014,Kepler,1,2,10.84,3.51,2.50806,0.03377,0,997,0.81,0.76,4781,-0.61348,191.904,281.1947316,47.4972606
Kepler-305 c,Kepler-305,Transit,2013,Kepler,1,4,6,3.3,8.291,0.07568,0,728,0.76,0.8,5080,-0.42318,868.477,299.2242557,40.343167
Kepler-784 c,Kepler-784,Transit,2023,Kepler,1,2,3.02,1.55,17.157236,0.1309,0,844,1.016,1.487,5676,0.85693,1303.72,295.9206663,47.4486164
Kepler-279 d,Kepler-279,Transit,2013,Kepler,1,4,37.5,3.1,54.414,0.2901,0,574,1.1,1.07,6689.45,0.5188,1037.4,287.391295,42.194822
Kepler-58 e,Kepler-58,Transit,2023,Kepler,1,4,597.796,1.61,4.45814897,0.0533,0,1212,1.017,1.083,6100,-0.00422,969.252,296.3586251,39.1152033
Kepler-770 c,Kepler-770,Transit,2016,Kepler,1,3,1.87,1.2,1.475322314,0.0309,0,2740,0.94,0.92,5598,0.05399,930.457,286.4904589,38.374872
Kepler-1397 b,Kepler-1397,Transit,2016,Kepler,1,1,3.61,1.72,47.449955,0.25861,0,551,1.09,1.12,6026,0.59141,1198.25,299.6758812,47.0758234
Kepler-169 d,Kepler-169,Transit,2014,Kepler,1,5,2.1,1.25,8.348125,0.075,0,702,0.825,0.763,4997,-0.49611,406.529,285.9999204,40.9193822
Kepler-438 b,Kepler-438,Transit,2015,Kepler,1,1,1.46,1.12,35.23319,0.166,0.03,288,0.544,0.52,3748,-1.357,195.9428718,281.6457236,41.9510686
Kepler-201 b,Kepler-201,Transit,2014,Kepler,1,2,6.62,2.46,25.672083,0.175,0,683,1.098,1.229,6065,0.34816,636.445,293.626059,41.2728004
TOI-519 b,TOI-519,Transit,2021,Transiting Exoplanet Survey Satellite (TESS),1,1,147.1545524,11.54525012,1.2652328,0.0159,0.33,687,0.335,0.35,3322,-1.85078,115.557,124.6067582,-19.6627918
Kepler-298 b,Kepler-298,Transit,2014,Kepler,1,3,4.5,1.96,10.475464,0.08,0,540,0.66,0.582,4465,-0.73284,518.204,283.0398448,48.8253303
KIC 8121913 b,KIC 8121913,Orbital Brightness Modulation,2021,Kepler,1,1,667.4396547,13.4,3.294601,,,,1.456,2.233,5975.3,0.73994,707.303,298.9677981,43.909378
HD 80869 b,HD 80869,Radial Velocity,2021,Haute-Provence Observatory,1,1,1609.800881,12.8,1752.92067,2.905,0.924,203.2,1.06,1.062,5837,0.39977,85.3951,140.7912931,33.9048294
Kepler-305 e,Kepler-305,Transit,2020,Kepler,1,4,3.87,1.7938153,3.20538,0.04017,0,1000,0.82,0.827279,4974,-0.42318,868.477,299.2242557,40.343167
Kepler-101 b,Kepler-101,Transit,2014,Kepler,1,2,51.1,5.77,3.4876812,0.0474,0.086,1513,1.17,1.56,5667,0.42034,927.981,283.255507,48.3552474
Kepler-295 d,Kepler-295,Transit,2014,Kepler,1,3,2.42,1.36,33.884054,0.192,0,533,0.89,0.898,5603,0.62949,1699.19,285.3458383,45.3677754
Kepler-1669 d,Kepler-1669,Transit,2023,Kepler,1,3,1.98,1.22,4.72941177,0.0468,0,669,0.609,0.603,4224,-0.80265,543.444,297.4303826,39.8478795
Kepler-295 c,Kepler-295,Transit,2014,Kepler,1,3,1.71,1.17,21.526258,0.142,0,621,0.89,0.898,5603,0.62949,1699.19,285.3458383,45.3677754
Kepler-1889 b,Kepler-1889,Transit,2021,Kepler,1,1,8.98,2.94360686,37.30369949,0.2082,0,493,0.864,0.817,5646,0.21977,1395.13,297.1992577,41.2264404
Kepler-1547 b,Kepler-1547,Transit,2016,Kepler,1,1,0.666,0.9,0.692979676,0.01556,0,3186,1.12,1.18,6078,0.22242,674.695,283.7640396,42.2220992
Kepler-1620 b,Kepler-1620,Transit,2016,Kepler,1,1,3.22,1.61,101.951829,0.4322,0,428,1.15,1.23,6157,0.293,895.069,297.2709026,46.9284743
CoRoT-30 b,CoRoT-30,Transit,2020,CoRoT,1,1,921.707,11.309881,9.06005,0.0844,0.007,,0.98,0.91,5650,-0.19653,1032.23,277.6011767,6.8359338
CoRoT-31 b,CoRoT-31,Transit,2020,CoRoT,1,1,266.9772,16.36514,4.62941,0.0586,0.02,,1.25,2.15,5700,0.39778,2005.76,94.820735,-4.4222978
K2-350 b,K2-350,Transit,2021,K2,1,2,2.99,1.54,4.163873,,,1158,0.98,1.04,5789,-0.01175,489.368,204.0355092,-14.0092516
K2-352 b,K2-352,Transit,2021,K2,1,3,2.45,1.37,3.665912,,,1160,0.98,0.95,5791,-0.06326,176.051,140.4451478,18.469628
Kepler-865 c,Kepler-865,Transit,2023,Kepler,1,2,0.64,0.89,6.20920207,0.061,0,914,0.782,0.885,5440,-0.29754,586.137,297.7242257,43.5272796
Kepler-69 c,Kepler-69,Transit,2013,Kepler,1,2,3.57,1.71,242.4613,0.64,0.14,299,0.81,0.93,5638,-0.097,730.625,293.2609013,44.8688656
Kepler-431 b,Kepler-431,Transit,2015,Kepler,1,3,0.37,0.764,6.803,0.0719,0,1032,1.071,1.092,6004,0.49839,486.546,281.1123072,43.2277663
Kepler-196 d,Kepler-196,Transit,2021,Kepler,1,3,7.56,2.66065673,122.0800018,0.4545,0,297,0.805,0.77,5132,-0.39257,451.312,284.9685077,42.0791214
Kepler-1609 b,Kepler-1609,Transit,2016,Kepler,1,1,5.56,2.22,114.34219,0.4679,0,429,1.18,1.27,6132,0.48383,1826.04,290.1465356,39.6658026
Kepler-1610 c,Kepler-1610,Transit,2023,Kepler,1,2,5.02,2.09,44.9851885,0.2323,0,433,0.825,0.8,5295,-0.48291,864.331,295.9049795,45.4054296
Kepler-1968 b,Kepler-1968,Transit,2021,Kepler,1,1,2.86,1.50004034,7.281099796,0.0696,0,744,0.844,0.788,5008,-0.64972,750.93,291.5080318,45.3700933
Kepler-1047 c,Kepler-1047,Transit,2016,Kepler,1,2,0.937,0.99,3.18897601,0.04413,0,1309,1.08,1.13,5754,0.42359,817.647,288.6462564,50.7889645
HD 164922 d,HD 164922,Radial Velocity,2020,Roque de los Muchachos Observatory,1,4,4,1.83,12.458,0.103,0.12,,0.926,0.946,5390,-0.14874,22.0016,270.6304652,26.3104077
Kepler-88 d,KOI-142,Radial Velocity,2020,W. M. Keck Observatory,1,3,965.1469966,13.1,1403,2.466329866,0.41,,0.99,0.897,5466,-0.16507,376.863,291.1481028,40.669413
GJ 338 B b,GJ 338 B,Radial Velocity,2020,Calar Alto Observatory,2,1,10.6,3.25,24.422,0.142,0.109,391,0.64,0.58,4014,-1.10127,6.33256,138.5916722,52.6835211
EPIC 201427007 b,EPIC 201427007,Transit,2021,K2,1,1,2.86,1.5,0.72091,,,,0.93,0.94,5633,-0.04875,706.391,184.6021322,-0.5512886
EPIC 212624936 b,EPIC 212624936,Transit,2021,K2,1,2,1.87,1.2,0.578657,,,,1,0.93,5765,-0.12371,561.929,210.6376171,-10.0236852
K2-133 b,K2-133,Transit,2017,K2,1,4,2.36,1.34,3.07133,0.03194,,,0.461,0.455,3655,-1.47886,75.1703,70.1493775,25.0098135
Kepler-84 f,Kepler-84,Transit,2014,Kepler,1,5,5.48,2.2,44.552169,0.25,0,572,1.06,1.169,6031,0.212,1023.9,298.2520208,40.4960842
Kepler-117 c,Kepler-117,Transit,2014,Kepler,1,2,584.78,12.341,50.790391,0.2804,0.0323,704,1.129,1.606,6150,0.53776,1455.57,288.7930651,48.040176
Kepler-1550 b,Kepler-1550,Transit,2016,Kepler,1,1,9.38,3.02,225.582809,0.7681,0,348,1.07,1.11,5991,0.11945,1179.01,287.7646113,38.2947076
Kepler-443 b,Kepler-443,Transit,2015,Kepler,1,1,6.04,2.33,177.6693,0.495,0.11,233,0.738,0.706,4723,-0.664,802.271,288.6104839,49.9685458
HATS-4 b,HATS-4,Transit,2014,HATSouth,1,1,420.471,11.433,2.516729,0.0362,0.013,1315,1.001,0.925,5403,-0.187,416.459,94.1120914,-22.5468824
Kepler-160 d,Kepler-160,Transit Timing Variations,2020,Kepler,1,3,100,,30,0.17,,,1.003,1.118,5471,0.00432,937.013,287.773573,42.8692755
Kepler-1517 b,Kepler-1517,Transit,2016,Kepler,1,1,68.7,9.76,5.546083665,0.078,0,2336,1.58,1.95,7010,0.87873,847.299,287.8072115,43.1888008
Kepler-294 c,Kepler-294,Transit,2014,Kepler,1,2,7.8,2.71,6.6264,0.071,0,895,0.947,0.976,5913,-0.14755,1357.01,287.3920392,46.0592578
TOI-2567 b,TOI-2567,Transit,2022,Transiting Exoplanet Survey Satellite (TESS),1,1,63.88350981,10.92875618,5.983944,0.0672,0,1352,1.13,1.686,5611,0.40483,504.775,288.4656683,66.3479375
Kepler-92 d,Kepler-92,Transit,2015,Kepler,1,3,11.8666806,2.067,49.3568,0.28682,0.07,637,1.07,1.81719,5904.34,0.55818,477.992,289.0860607,41.5630224
Kepler-1429 b,Kepler-1429,Transit,2016,Kepler,1,1,2.21,1.29,4.48487493,0.055,0,1199,1.05,1.07,5902,0.13795,1214.09,285.3662532,49.0448172
Kepler-616 d,Kepler-616,Transit,2021,Kepler,1,3,7.52,2.653,51.06740189,0.2749,0,499,1.061,0.977,6004,-0.11149,945.775,294.989137,46.8383058
Kepler-1705 b,Kepler-1705,Transit,2021,Kepler,1,2,4.47,2.03,9.03502,0.08,0.033,789,1.139,1.259,6312,0.35411,1633.49,301.5785316,44.3121639
Kepler-274 c,Kepler-274,Transit,2014,Kepler,1,2,4.04,1.84,33.197861,0.204,0,678,0.883,1.007,6023,0.2013,1333.62,292.9227926,38.4772173
Kepler-1488 c,Kepler-1488,Transit,2021,Kepler,1,2,3.37,1.65156749,6.158269882,0.06959,0,1212,1.003,1.524,5710,0.58748,905.825,286.6464265,49.9377735
Kepler-1489 b,Kepler-1489,Transit,2016,Kepler,1,2,3.78,1.77,82.294751,0.3679,0,400,0.93,0.9,5655,0.19764,1283.05,281.2957984,44.4654063
TOI-1080 b,TOI-1080,Transit,2026,Transiting Exoplanet Survey Satellite (TESS),1,1,10.7,1.2,3.9652482,0.0272,,368,0.1667,0.2019,3065,-2.48945,25.559,276.3683249,-52.214573
TOI-3862 b,TOI-3862,Transit,2026,Transiting Exoplanet Survey Satellite (TESS),1,1,53.7,5.53,1.55745774,0.02539,0.0232,1539,0.9,0.92,5300,-0.19443,249.02,185.9005633,50.5446246
BD-11 4672 c,BD-11 4672,Radial Velocity,2020,Roque de los Muchachos Observatory,1,2,15.37,4.04,74.2,0.3,0.4,,0.651,0.639,4550,-0.8041,27.1665,278.3688659,-11.6370481
K2-315 b,K2-315,Transit,2020,K2,1,1,0.809,0.95,3.1443189,,,460,0.174,0.196,3300,-2.38722,56.9686,228.0210932,-20.1081634
KELT-4 A b,KELT-4 A,Transit,2016,KELT,3,1,286.68266,19.044091,2.9895932,0.04317,0,1823,1.201,1.603,6206,0.53529,218.05,157.06262,25.5731366
TOI-561 b,TOI-561,Transit,2020,Transiting Exoplanet Survey Satellite (TESS),1,4,2.02,1.397,0.4465697,0.01064,0,2319,0.806,0.843,5342,-0.28233,85.799,148.1851516,6.216103
Kepler-1492 b,Kepler-1492,Transit,2016,Kepler,1,1,2.83,1.49,16.75255007,0.1262,0,801,0.77,0.72,4712,-0.75433,331.553,288.5970695,41.0363254
Kepler-352 d,Kepler-352,Transit,2021,Kepler,1,3,0.449,0.80628032,6.887279987,0.06574,0,788,0.796,0.772,5208,-0.43235,252.733,299.8966237,46.0519022
HIP 4845 b,HIP 4845,Radial Velocity,2020,Multiple Observatories,1,1,14.4,3.89,34.15,0.176,0.25,,0.62,0.603999,4010,-1.0339,21.0974,15.5881733,-10.4246208
K2-316 b,K2-316,Transit,2020,K2,1,2,2.33,1.33,1.133,0.0147,,841,0.408,0.379,3436,-1.82964,112.486,233.6247336,-23.2594663
Kepler-292 f,Kepler-292,Transit,2014,Kepler,1,5,6.12,2.35,20.834237,0.141,0,563,0.865,0.826,5299,-0.33691,1056.48,295.7661979,42.4242822
Kepler-1410 b,Kepler-1410,Transit,2016,Kepler,1,1,3.82,1.78,60.866168,0.2543,0,290,0.63,0.6,4092,-1.158,367,290.5102933,38.743501
Kepler-575 b,Kepler-575,Transit,2016,Kepler,1,1,6.3,2.39,9.37891944,0.0788,0,803,0.97,0.95,5710,-0.08379,853.977,286.9638856,37.8296147
Kepler-1434 b,Kepler-1434,Transit,2016,Kepler,1,1,1.41,1.11,8.05333618,0.0917,0,1320,1.47,2.04,6291,0.86244,775.529,295.5384415,51.2030002
Kepler-1653 b,Kepler-1653,Transit,2017,Kepler,1,1,5.35,2.17,140.2524,0.4706,0,284,0.719,0.693,4807,-0.636,755,296.457702,41.266021
Kepler-627 b,Kepler-627,Transit,2016,Kepler,1,1,13.4,3.73,40.6994443,0.22661,0,685,1.3,1.49,6424,0.38539,984.307,292.1042198,39.7678585
Kepler-1962 b,Kepler-1962,Transit,2021,Kepler,1,1,1.95,1.21463929,7.991459846,0.0783,0,901,1.003,1.006,5700,-0.12198,866.826,289.5483989,40.1641457
K2-320 b,K2-320,Transit,2020,K2,1,1,7.37,2.62,1.995,0.0142,,698,0.117,0.3,3157,-2.12527,108.74,163.2519122,5.3064776
K2-323 b,K2-323,Transit,2020,K2,1,1,5.06,2.1,24.93,0.1275,,318,0.478,0.549,3710,-1.3393,118.318,159.4209874,6.2858689
K2-318 b,K2-318,Transit,2020,K2,1,1,3.39,1.66,7.01,0.0911,,456,0.561,0.552,3851,-1.27696,147.866,232.4461375,-17.557463
TOI-784 b,HD 307842,Transit,2023,Transiting Exoplanet Survey Satellite (TESS),1,1,9.67,1.93,2.7970365,0.038,0,1256,0.91,0.907,5558,-0.19034,64.5997,159.3412205,-63.6556923
Kepler-290 c,Kepler-290,Transit,2014,Kepler,1,3,7.75,2.7,36.77031,0.205,0,437,0.756,0.743,5147,-0.58591,694.627,286.4100307,42.6815137
Kepler-317 c,Kepler-317,Transit,2014,Kepler,1,2,3.61,1.72,8.77501,0.083,0,837,0.865,0.941,5497,-0.2078,940.584,294.9438822,39.0320499
Kepler-1411 b,Kepler-1411,Transit,2016,Kepler,1,1,8.35,2.82,86.1150888,0.4001,0,441,0.95,0.92,5664,0.04081,1660.48,286.3615236,42.9638889
Kepler-1435 b,Kepler-1435,Transit,2016,Kepler,1,1,0.566,0.86,4.45343281,0.05456,0,1331,1.21,1.32,6356,0.4683,704.211,291.1732806,44.9210836
Kepler-215 e,Kepler-215,Transit,2014,Kepler,1,4,3.71,1.75,68.16101,0.314,0,405,0.788,1.027,5739,-0.1172,485.997,294.9735313,45.2136867
Kepler-1576 b,Kepler-1576,Transit,2016,Kepler,1,1,1.12,1.04,6.98471973,0.07211,0,1059,1.05,1.06,5876,-0.06329,460.91,289.0739641,40.3660239
Kepler-1593 b,Kepler-1593,Transit,2016,Kepler,1,1,10.2,3.17,174.509835,0.55494,0,260,0.81,0.77,4995,-0.652,638.249,300.4882018,44.4606698
Kepler-1915 b,Kepler-1915,Transit,2021,Kepler,1,1,10.4,3.21798413,13.83539963,0.114,0,809,1.03,1.057,6020,0.06133,1514.66,301.2786852,44.2505116
Kepler-638 b,Kepler-638,Transit,2016,Kepler,1,1,4.01,1.83,6.07972888,0.06695,0,1111,0.88,0.93,5382,0.53162,991.214,284.9194213,41.6172093
WASP-141 b,WASP-141,Transit,2016,SuperWASP-South,1,1,854.9627,13.56289,3.310651,0.0469,0,1540,1.25,1.37,5900,0.31468,516.543,71.8244347,-17.1151736
TOI-1450 A b,TOI-1450 A,Transit,2024,Transiting Exoplanet Survey Satellite (TESS),2,2,1.258,1.13,2.0439274,,,722,0.48,0.483,3437,-1.56499,22.4467,286.8540627,59.0866254
EPIC 201170410.02,EPIC 201170410,Transit,2020,K2,1,1,1.15,1.047,6.7987,0.0349,0,,0.287,0.282,3648,-1.9,134,170.1408561,-4.8070039
Wolf 503 b,Wolf 503,Transit,2018,K2,1,1,6.26,2.043,6.00127,0.05706,0.41,790,0.688,0.689,4716,-0.67572,44.526,206.8461979,-6.1393369
G 9-40 b,G 9-40,Transit,2019,K2,1,1,4,1.9,5.7459982,0.0418,0,440.6,0.2952,0.3026,3395,-1.96019,27.9276,134.7188514,21.0747961
Kepler-401 c,Kepler-401,Transit,2014,Kepler,1,3,5.27,2.15,47.318218,0.269,0,598,1.173,1.333,6117,0.56611,965.56,290.0827494,50.8634361
Kepler-1437 b,Kepler-1437,Transit,2016,Kepler,1,1,2.45,1.37,10.9295461,0.0951,0,770,0.93,0.9,5557,0.31615,2101.69,291.8649164,49.325869
Kepler-220 b,Kepler-220,Transit,2014,Kepler,1,4,0.457,0.81,4.159807,0.046,0,759,0.729,0.666,4632,-0.67594,171.109,291.5060432,46.8956262
Kepler-703 b,Kepler-703,Transit,2016,Kepler,1,1,51.1,8.2,4.583521756,0.0535,0,1038,1.18,1.27,6185,0.06672,1156.83,299.1868586,41.742699
Kepler-1425 b,Kepler-1425,Transit,2016,Kepler,1,1,0.779,0.94,14.4541302,0.11435,0,676,0.97,0.95,5718,0.39762,863.873,294.9510368,43.0124348
Kepler-1350 c,Kepler-1350,Transit,2016,Kepler,1,2,3.64,1.73,1.766789062,0.0222,0,730,0.55,0.53,3827,-1.2834,340.691,288.250611,46.6794847
Kepler-354 c,Kepler-354,Transit,2014,Kepler,1,3,2.27,1.31,16.934402,0.115,0,508,0.652,0.674,4648,-0.71394,554.064,285.7515347,41.3356739
Kepler-1699 b,Kepler-1699,Transit,2020,Kepler,1,1,3.08,1.56671124,3.49082,0.0418,0,1010,0.81,0.725,5575.53,-0.339,818.759,292.1373281,48.9171579
Kepler-206 c,Kepler-206,Transit,2014,Kepler,1,3,3.78,1.77,13.137471,0.111,0,825,0.957,1.185,5764,0.08357,594.447,291.6346564,41.8338415
Kepler-702 b,Kepler-702,Transit,2016,Kepler,1,1,61.8,9.17,10.52629406,0.088,0,713,0.9,0.86,5419,-0.15908,992.071,293.8781041,41.6617245
Kepler-2001 b,Kepler-2001,Transit,2023,Kepler,1,2,1.12,1.04,1.090011003,0.0197,0,1402,0.864,0.77,5081,-0.54627,776.55,291.6594558,50.5838585
Kepler-1928 b,Kepler-1928,Transit,2021,Kepler,1,1,4.63,1.992,19.57783,0.194,0.43,621,1.01,0.92,5720,-0.09151,326.362,290.4406294,38.5235721
Kepler-439 b,Kepler-439,Transit,2015,Kepler,1,1,5.65,2.24,178.1396,0.563,0.03,291,0.884,0.866,5431,-0.236,757.048,280.8015188,44.0339733
Kepler-1801 c,Kepler-1801,Transit,2023,Kepler,1,2,8.8,2.91,116.583183,0.4572,0,371,0.936,0.981,5738,-0.22269,839.332,295.1640095,39.2014024
Kepler-639 b,Kepler-639,Transit,2016,Kepler,1,1,6.26,2.38,10.21420496,0.09358,0,957,1.14,1.29,5896,0.48255,850.242,292.1868271,41.726944
HIP 18606 b,HIP 18606,Radial Velocity,2025,Multiple Observatories,1,1,244.7278734,14,674.94,1.61,,,1.21,4.83,4860,1.06,47.0288,59.7181058,-5.4706979
Kepler-171 b,Kepler-171,Transit,2014,Kepler,1,3,6.08,2.34,4.166972,0.05,0,1053,0.978,0.839,5642,-0.07917,863.855,296.7719082,41.7555958
Kepler-1526 b,Kepler-1526,Transit,2016,Kepler,1,1,6.48,2.43,3.908632005,0.0418,0,787,0.73,0.69,4601,-0.70671,555.574,285.1197266,38.8664618
HD 86065 b,HD 86065,Radial Velocity,2022,Multiple Observatories,1,1,2877.300569,12.5,25775.78859,15.947,0.219,,0.81,0.780347,4927.56,-0.4902,40.3661,148.9256674,-18.1069385
HD 115404 A c,HD 115404 A,Radial Velocity,2022,Multiple Observatories,1,2,3279.671332,12.5,15319.22517,11.364,0.211,,0.83,0.727007,5019.17,-0.5197,10.9816,199.2155793,17.0160384
Kepler-408 b,Kepler-408,Transit,2014,Kepler,1,1,5,0.82,2.46502,0.03592,0,1561,1.08,1.23,6104,0.28298,88.7832,284.7862158,48.4232622
K2-411 b,K2-411,Transit,2022,K2,1,1,0.937,0.9898,3.2141,0.0511,,,1.018,1.375,5711,0.25809,298.219,58.003631,19.3909877
K2-412 b,K2-412,Transit,2022,K2,1,1,5.13,2.116,5.9382,0.0586,,,0.893,0.977,5590,-0.07054,654.085,76.2621295,21.580162
GJ 1002 b,GJ 1002,Radial Velocity,2022,Multiple Observatories,1,2,1.08,1.03,10.3465,0.0457,,230.9,0.12,0.137,3024,-2.85201,4.84867,1.6764641,-7.5462123
PZ Tel b,PZ Tel,Imaging,2023,W. M. Keck Observatory,1,1,8581.366989,11.9,44000,27,0.52,,1.36,1.25646,5169,0.00662,47.0648,283.2745823,-50.1808952
GJ 1151 c,GJ 1151,Radial Velocity,2023,Multiple Facilities,1,1,10.62,3.25,389.7,0.5714,,,0.1639,0.1781,3280,-2.47952,8.03625,177.7304866,48.3732334
TOI-2076 c,TOI-2076,Transit,2021,Transiting Exoplanet Survey Satellite (TESS),1,4,7.2,3.54,21.01447,0.1407,0.036,581,0.849,0.758,5187,-0.42285,41.9091,217.3920159,39.7903991
TOI-2267 b,TOI-2267 A,Transit,2025,Transiting Exoplanet Survey Satellite (TESS),2,3,0.972,1,2.28909,0.0205,,424,0.171,0.2075,3030,-2.48149,22.55,65.0614963,84.9008238
KMT-2021-BLG-0852L b,KMT-2021-BLG-0852L,Microlensing,2026,KMTNet,1,1,155.7359194,14.2,,7.78,,,0.75,,,,7230,265.8311667,-33.8918389
TOI-2076 e,TOI-2076,Transit,2025,Transiting Exoplanet Survey Satellite (TESS),1,4,4.7,1.301,3.0223753,0.03863,0,1110,0.849,0.758,5187,-0.42285,41.9091,217.3920159,39.7903991
CoRoT-4 b,CoRoT-4,Transit,2008,CoRoT,1,1,228.83,13.34,9.20205,0.09,0,1074,1.16,1.17,6190,0.18482,726.412,102.1946233,-0.6727861
Kepler-935 b,Kepler-935,Transit,2016,Kepler,1,1,2.39,1.35,4.88083852,0.0527,0,879,0.78,0.73,4830,-0.63887,471.782,295.0217193,46.6192011
Kepler-917 b,Kepler-917,Transit,2016,Kepler,1,1,4.31,1.91,2.970414375,0.0378,0,991,0.8,0.76,5418,0.76372,3460.51,299.0512562,47.9492677
HD 167677 b,HD 167677,Radial Velocity,2023,Multiple Facilities,1,1,905.81096,13.2,1820,2.877,0.182,,0.96,0.95271,5474,-0.13215,54.3258,274.2067844,-11.4067857
HD 94771 b,HD 94771,Radial Velocity,2023,La Silla Observatory,1,1,169,14.2,2164,3.48,0.39,,1.2,1.903,5631,0.51587,57.7807,163.9746776,-35.1145225
Kepler-1760 b,Kepler-1760,Transit,2021,Kepler,1,1,5.86,2.28995546,38.3260994,0.2084,0,480,0.821,0.903,5229,-0.26,,284.1326058,48.8251452
DMPP-9 b,DMPP-9,Radial Velocity,2026,Multiple Observatories,1,1,14.43,3.89,12.733,0.1097,0.25,,1.1,1.26,6092,0.32741,109.539,316.3060007,-66.9581622
51 Eri b,51 Eri,Imaging,2015,Gemini Observatory,3,1,3464.329636,,9100,10.4,0.57,807,1.75,1.45,7422,0.7574,29.7575,69.4007424,-2.4738245
MWC 758 c,MWC 758,Imaging,2023,Large Binocular Telescope Observatory,1,1,,,,100,,500,1.5,2.01446,7314,1.01963,159.537,82.6147199,25.3324076
HD 135625 b,HD 135625,Radial Velocity,2023,La Silla Observatory,1,1,731.0053361,13.3,4055,5.4,0.16,,1.28,1.35743,6040.64,0.34446,56.518,229.4511514,-45.9225871
HD 185283 b,HD 185283,Radial Velocity,2023,La Silla Observatory,1,1,413.1769291,13.6,4060,4.6,0.07,,0.8,0.743303,4848,-0.56072,31.395,295.3233609,-56.3221096
Kepler-1978 b,Kepler-1978,Transit,2023,Kepler,1,1,7.61,2.67,10.84969477,0.0914,0,676,0.869,0.778,5251,-0.29793,865.512,286.0067312,38.0095407
Kepler-1773 b,Kepler-1773,Transit,2021,Kepler,1,1,12.1,3.50469499,40.80970001,0.24831,0,623,1.241,1.3,6183,0.40462,681.255,286.2232284,38.2581676
TOI-5789 d,TOI-5789,Radial Velocity,2026,Multiple Observatories,1,4,4.29,1.91,29.65,0.1756,0.096,545,0.821,0.833,5185,-0.32883,20.4581,302.7734475,16.1897138
Kepler-975 b,Kepler-975,Transit,2016,Kepler,1,2,2.79,1.48,1.970342457,0.02898,0,1599,0.8,0.75,4897,-0.51184,426.088,290.54851,38.4952415
Kepler-1009 b,Kepler-1009,Transit,2016,Kepler,1,1,5.35,2.17,11.35011917,0.0796,0,403,0.59,0.57,4027,-0.98735,355.019,282.8598614,42.6658336
Kepler-1035 b,Kepler-1035,Transit,2016,Kepler,1,1,1.71,1.17,2.714077555,0.03883,0,1301,0.98,0.97,5763,0.209,562.116,289.042243,42.8824991
Kepler-322 c,Kepler-322,Transit,2014,Kepler,1,2,3.43,1.67,4.337234,0.051,0,996,0.908,0.89,5388,-0.28786,400.48,281.3487514,44.2952525
Kepler-949 b,Kepler-949,Transit,2016,Kepler,1,2,8.8,2.91,8.689307296,0.07739,0,782,0.89,0.86,5403,-0.44164,486.105,298.6079128,46.45366
Kepler-66 b,Kepler-66,Transit,2013,Kepler,1,1,8.25,2.8,17.815815,0.1352,0,699,1.038,0.966,5962,0.05113,1202.96,293.9815378,46.687728
Kepler-479 b,Kepler-479,Transit,2016,Kepler,1,1,5.14,2.12,12.49341307,0.09636,0,649,0.86,0.81,5247,-0.40903,344.901,291.0218899,37.7698734
KOI-351 d,KOI-351,Transit,2013,Kepler,1,8,8.6,2.87,59.73667,0.32,0,520,1.2,1.2,6080,0.26853,848.254,284.4334642,49.3051239
Kepler-908 b,Kepler-908,Transit,2016,Kepler,3,1,1.98,1.22,1.340597468,0.02526,0,1783,1.11,1.12,5973,0.26406,290.843,295.3225434,39.3764624
Kepler-1677 b,Kepler-1677,Transit,2020,Kepler,1,1,7.76,2.70216183,22.064,0.1599,0,712,1.11,1.24959,6013.72,0.2648,735.369,298.493273,47.0130566
Kepler-473 b,Kepler-473,Transit,2016,Kepler,1,1,15.6,4.08,14.55731705,0.12048,0,879,1.06,1.34,5816,0.5248,905.937,286.6300796,38.9455907
KOI-1783.01,KOI-1783,Transit,2020,Kepler,1,2,71,8.86,134.4628,0.52661,0,412,1.076,1.143,5922,0.21302,865.73,289.3414629,46.988155
HD 109988 b,HD 109988,Radial Velocity,2022,Multiple Observatories,1,1,6935.333669,12.1,17132.15854,12.518,0.056,,0.88,0.869694,5185.97,-0.30725,42.5279,189.8154662,-32.7263607
Kepler-909 b,Kepler-909,Transit,2016,Kepler,1,1,2.76,1.47,13.93290318,0.11873,0,852,1.17,1.23,6154,0.273,309.596,289.5063796,45.3709728
HD 11112 b,HD 11112,Radial Velocity,2022,Multiple Observatories,1,1,2598.565056,12.6,17244.90764,13.38,0.285,,1.07,1.47368,5905.64,0.37657,44.3804,27.0881399,-41.4944106
HATS-27 b,HATS-27,Transit,2016,HATSouth,1,1,168.4499,16.8135,4.637038,0.0611,0.581,1659,1.415,1.74,6438,0.66932,816.988,193.5524603,-46.5877159
HD 11505 b,HD 11505,Radial Velocity,2022,Multiple Observatories,1,1,2510.526587,12.6,32669.22247,20.247,0.144,,1.03,1.19568,5757.15,0.15075,38.9679,28.2750265,-1.3284416
HD 122562 c,HD 122562,Radial Velocity,2022,Multiple Observatories,1,1,73.10053361,10.1,84.96276,0.406,0.228,,1.241,2.16627,4956,0.407,53.2528,210.5886904,20.8810286
HD 135872 b,HD 135872,Radial Velocity,2022,Multiple Observatories,1,1,1744.560126,12.8,2422.32597,4.172,0.164,,1.646,3.93038,4992,0.937,82.4251,229.4213643,-5.2024735
HD 113337 c,HD 113337,Radial Velocity,2020,Haute-Provence Observatory,3,2,6299.676855,12.1,5429.93477,6.805,0.164,,1.41,1.5,6774,0.63246,36.18,195.4438496,63.610328
HD 151450 c,HD 151450,Radial Velocity,2022,Multiple Observatories,1,2,1636.180639,12.8,18144.76236,14.131,0.138,,1.14,1.17184,6091.98,0.23147,43.6002,252.0080127,-15.964345
HD 188641 b,HD 188641,Radial Velocity,2022,Multiple Observatories,1,1,9333.031172,11.9,14583.81038,12.027,0.034,,1.07,1.94492,5897.32,0.61512,64.3399,299.4048303,-37.7448845
HD 13724 c,HD 13724,Radial Velocity,2022,Multiple Observatories,1,1,50.85254512,8.18,142.22895,0.534,0.651,,1.004,1.04198,5835.31,0.05467,43.465,33.0859626,-46.8166738
GJ 887 d,GJ 887,Radial Velocity,2026,Multiple Observatories,1,4,6.1,2.34,50.77,0.212,,241,0.495,0.468,3688,-1.43415,3.28679,346.5027573,-35.8473489
HD 164604 c,HD 164604,Radial Velocity,2026,Las Campanas Observatory,1,2,3019.369867,12.5,5387,5.556,0.196,,0.77,0.78,4663,-0.58503,39.3633,270.7787177,-28.5608343
Kepler-50 b,Kepler-50,Transit,2012,Kepler,1,2,8.9,1.71,7.81254,0.077,0,1196,1.24,1.58,6225,0.53582,250.11,288.1009312,50.0336844
HD 205158 b,HD 205158,Radial Velocity,2022,Multiple Observatories,1,1,124.5887355,13.9,25.33798,0.177,0.145,,1.16,1.87741,6133.55,0.65266,86.6159,323.9186227,-59.6933144
Kepler-162 b,Kepler-162,Transit,2014,Kepler,1,2,2.13,1.26,6.919798,0.069,0,961,1.053,0.958,5816,0.1554,855.641,297.2789115,43.7239693
Kepler-176 b,Kepler-176,Transit,2014,Kepler,1,4,290.537,1.43,5.433074,0.058,0,841,0.86,0.891,5232,-0.40427,527.321,294.6679021,43.8532104
K2-189 c,K2-189,Transit,2018,K2,1,2,5.95,2.31,6.67932,0.068,,877,0.85,0.879,5442,-0.21855,242.113,203.6214411,-15.0365158
K2-126 b,K2-126,Transit,2017,K2,1,1,4.54,1.97,7.385655,0.0656,0.06,601,0.69,0.65,4339,-0.87762,102.953,203.5467021,-13.5769705
K2-110 b,K2-110,Transit,2017,K2,1,1,15.9,2.592,13.86375,0.10207,0.13,638,0.738,0.713,5010,-0.56708,116.474,207.3497402,-12.2849182
KMT-2018-BLG-0247L b,KMT-2018-BLG-0247L,Microlensing,2022,KMTNet,1,1,670.6179388,13.4,,2.46,,,0.29,,,,6760,264.5600417,-27.1504111
KMT-2021-BLG-1372L b,KMT-2021-BLG-1372L,Microlensing,2022,KMTNet,1,1,61.27,9.12,,2.37,,,0.42,,,,5970,264.4885417,-28.1483889
Kepler-193 c,Kepler-193,Transit,2014,Kepler,1,2,8,2.75,50.697494,0.286,0,595,1.051,1.147,6335,0.09956,1009.1,296.4985951,46.5772484
Kepler-464 b,Kepler-464,Transit,2016,Kepler,1,1,10.9,3.3,7.256965224,0.07931,0,1163,1.21,1.59,5933,0.48379,667.604,294.8351052,48.9823204
Kepler-244 b,Kepler-244,Transit,2014,Kepler,1,3,8.05,2.76,4.311792,0.05,0,1038,0.933,0.803,5554,-0.25619,1036.49,287.242641,42.3014185
Kepler-183 b,Kepler-183,Transit,2014,Kepler,1,2,4.9,2.06,5.687945,0.064,0,1088,0.99,0.958,5888,0.026,1050.64,293.5308112,39.3159329
K2-193 b,K2-193,Transit,2018,K2,1,1,14.8,3.95,14.786889,0.1184,,739,1.01,0.98,5817,-0.07572,411.923,205.2371043,-11.0093342
EPIC 212587672 c,EPIC 212587672,Transit,2021,K2,1,2,5.99,2.32,23.228555,,,658,0.99,0.98,6004,0.03848,320.07,205.4445125,-10.8625468
K2-197 b,K2-197,Transit,2018,K2,1,1,7.08,2.56,8.357881,0.0806,,848,1,0.93,5667,-0.11379,247.637,202.3934779,-7.3739779
Kepler-180 c,Kepler-180,Transit,2014,Kepler,1,2,9.32,3.01,41.885775,0.229,0,540,0.95,1.063,5731,-0.13204,695.65,295.5712566,49.774514
KMT-2021-BLG-1105L b,KMT-2021-BLG-1105L,Microlensing,2023,KMTNet,1,1,413.1769291,13.6,,3.54,,,0.63,,,,4540,265.73225,-25.5089111
KMT-2021-BLG-0712L b,KMT-2021-BLG-0712L,Microlensing,2023,KMTNet,1,1,38.19,6.91,,2.22,,,0.22,,,,3090,269.2856667,-31.1844694
Kepler-209 b,Kepler-209,Transit,2014,Kepler,1,2,5.73,2.26,16.087845,0.122,0,668,0.971,0.935,5513,-0.12879,576.946,291.1694567,42.6407281
Kepler-1729 b,Kepler-1729,Transit,2021,Kepler,1,1,14.4,3.89404186,4.220970154,0.0418,0,595,0.544,0.517,3837,-0.66329,576.181,296.6939428,42.6261145
Kepler-81 b,Kepler-81,Transit,2012,Kepler,1,3,17.2,2.42,5.955,0.0522,0,635,0.64,0.59,4385,-0.88941,348.291,293.6369437,42.8248275
K2-198 d,K2-198,Transit,2019,K2,1,3,6.52,2.438,7.4500177,,,943.2,0.799,0.757,5212.9,-0.40084,110.567,198.8436817,-6.4649888
Kepler-501 b,Kepler-501,Transit,2016,Kepler,1,2,17.1,4.3,5.640677572,0.0627,0,1125,1.03,1.04,5904,0.21635,1125.24,297.2014919,41.7301534
K2-198 c,K2-198,Transit,2019,K2,1,3,2.61,1.423,3.3596055,,,1229.9,0.799,0.757,5212.9,-0.40084,110.567,198.8436817,-6.4649888
OGLE-2013-BLG-0132L b,OGLE-2013-BLG-0132L,Microlensing,2017,OGLE,1,1,92,11.6,,3.6,,,0.54,,,,3900,269.764618,-28.4210281
KMT-2018-BLG-1996L b,KMT-2018-BLG-1996L,Microlensing,2021,KMTNet,1,1,346.4329636,13.7,,4.27,,,0.69,,,,5910,268.6785,-22.8204111
OGLE-2018-BLG-1647L b,OGLE-2018-BLG-1647L,Microlensing,2022,KMTNet,1,1,308.2935548,13.8,,1.36,,,0.092,,,,7880,268.962375,-31.817
Kepler-853 b,Kepler-853,Transit,2016,Kepler,1,1,3.5,1.69,7.16892463,0.079,0,1187,1.3,1.55,6350,0.51032,568.676,283.936781,49.1102748
Kepler-883 b,Kepler-883,Transit,2016,Kepler,1,1,3.82,1.78,12.98495573,0.10288,0,818,1.06,1.09,6116,0.29567,627.455,286.433726,50.3002266
TOI-4336 A c,TOI-4336 A,Transit,2026,Multiple Observatories,3,2,1.55,1.251,7.587266,0.05092,0,399.5,0.306,0.326,3307,-1.95861,22.5455,206.1070129,-40.3373505
HD 28185 b,HD 28185,Radial Velocity,2001,La Silla Observatory,1,2,1859.296181,12.8,385.92,1.034,0.063,,0.974,1.048,5602,-0.01323,39.3809,66.6100461,-10.5510754
Kepler-54 b,Kepler-54,Transit,2012,Kepler,1,3,0.98,2.1,8.0109434,0.0619,0.022,453,0.51,0.5,3705,-1.30103,271.701,294.7739245,43.0561976
Kepler-1631 b,Kepler-1631,Transit,2016,Kepler,1,1,2.39,1.35,4.09513932,0.0511,0,1122,0.97,0.95,5679,0.00722,1305.99,294.6325781,43.8076687
Kepler-155 b,Kepler-155,Transit,2014,Kepler,1,2,5.02,2.09,5.931194,0.056,0,614,0.635,0.62,4508,-1.21,293.499,288.4957831,51.0819286
Kepler-100 c,Kepler-100,Transit,2014,Kepler,1,4,7.05,2.2,12.8159,0.11061,0.02,939,1.08,1.49,5825,0.39445,304.645,291.3861294,41.9901394
K2-377 b,K2-377,Transit,2022,K2,1,1,3.51,1.693,12.832235,,,,0.821,0.691,4200,-0.81809,195.149,202.897887,-12.0951142
KMT-2018-BLG-1743L b,KMT-2018-BLG-1743L,Microlensing,2021,KMTNet,1,1,77.86795971,10.5,,1.449,,,0.193,,,,6483,274.283375,-26.3596389
OGLE-2017-BLG-1434L b,OGLE-2017-BLG-1434L,Microlensing,2018,OGLE,1,1,4.43,1.94,,1.18,,,0.234,,,,860,268.2804667,-30.2456583
KMT-2019-BLG-2783L b,KMT-2019-BLG-2783L,Microlensing,2023,KMTNet,1,1,368.6809521,13.7,,1.85,,,0.34,,,,5910,269.2919167,-33.7885194
HAT-P-53 b,HAT-P-53,Transit,2015,HATNet,1,1,471.65972,14.773462,1.9616241,0.03159,0.134,1778,1.093,1.209,5956,0.21748,666.802,21.8711012,38.9681137
Kepler-877 b,Kepler-877,Transit,2016,Kepler,1,1,5.14,2.12,18.45847097,0.1301,0,632,0.85,0.81,5261,-0.343,602.176,289.8591023,46.5227429
TOI-2196 b,TOI-2196,Transit,2022,Transiting Exoplanet Survey Satellite (TESS),1,1,26,3.51,1.1947268,0.02234,0,1860,1.032,1.043,5634,-0.00436,259.947,312.3400744,-70.4850723
Kepler-1730 b,Kepler-1730,Transit,2021,Kepler,1,1,18.4,4.48524519,13.81019974,0.1131,0,833,1.009,1.142,5942,0.07455,1427.08,281.9605834,43.7030386
Kepler-1639 b,Kepler-1639,Transit,2016,Kepler,1,1,7.18,2.58,9.878482,0.0932,0,1003,1.12,1.18,6150,0.14514,1031.31,283.068651,48.8021209
Kepler-559 b,Kepler-559,Transit,2016,Kepler,1,1,12.7,3.61,17.58752333,0.1277,0,706,0.96,0.95,5630,-0.12141,776.708,296.6368878,43.8027948
Kepler-121 b,Kepler-121,Transit,2014,Kepler,1,2,6.08,2.34,3.177422,0.039,0,997,0.859,0.701,5311,-0.47396,510.523,286.1621273,39.6780204
Kepler-55 d,Kepler-55,Transit,2014,Kepler,1,5,3.15,1.59,2.211099,0.029,0,931,0.631,0.619,4503,-0.76324,578.796,285.1683291,44.0264898
Kepler-82 c,Kepler-82,Transit,2012,Kepler,1,5,13.9,5.34,51.54,0.2626,0.007,450,0.91,0.898,5401,-0.18507,904.326,292.8733696,42.9661583
Kepler-561 c,Kepler-561,Transit,2016,Kepler,1,2,7.65,2.68,5.350161983,0.05947,0,989,0.96,0.94,5646,-0.17974,621.378,293.7471107,45.1071981
Kepler-172 c,Kepler-172,Transit,2014,Kepler,1,4,8.55,2.86,6.388996,0.068,0,970,1.081,1.085,5526,-0.03187,828.592,283.3684093,41.821839
OGLE-2017-BLG-0173L b,OGLE-2017-BLG-0173L,Microlensing,2018,OGLE,1,1,3.269,1.62,,3.913,,,0.396,,,,4705,267.970612,-29.2713604
OGLE-2019-BLG-0304L b,OGLE-2019-BLG-0304L,Microlensing,2021,OGLE,2,1,162.0924876,14.2,,1.23,,,0.27,,,,6980,264.0267083,-26.1459889
OGLE-2019-BLG-0679L b,OGLE-2019-BLG-0679L,Microlensing,2023,OGLE,1,1,1061.546879,13.1,,6.99,,,0.66,,,,5630,265.7404167,-27.7728806
Kepler-867 b,Kepler-867,Transit,2016,Kepler,1,1,19.4,4.64,150.242127,0.5375,0,327,0.92,0.91,5541,0.11686,1195.54,287.2852554,51.2499499
Kepler-187 c,Kepler-187,Transit,2014,Kepler,1,2,7.61,2.67,10.640263,0.099,0,963,1.081,1.287,6105,0.49267,1143,299.7964955,44.0892448
Kepler-250 c,Kepler-250,Transit,2014,Kepler,1,3,5.82,2.28,7.156804,0.069,0,782,0.806,0.805,5160,-0.45709,760.585,289.5947633,44.1418114
Kepler-540 b,Kepler-540,Transit,2016,Kepler,1,1,7.8,2.71,172.7049784,0.58822,0,355,1.02,1.08,5946,0.20658,390.374,290.6249953,44.8737757
Kepler-1388 d,Kepler-1388,Transit,2016,Kepler,1,4,8.55,2.86,20.9568158,0.126,0,363,0.63,0.61,4098,-1.1068,453.795,283.3360156,47.1744499
Kepler-1534 b,Kepler-1534,Transit,2016,Kepler,1,1,4.23,1.89,5.71668872,0.0599,0,955,0.9,0.86,5442,-0.233,1107,292.395373,43.8691326
PSR B1257+12 c,PSR B1257+12,Pulsar Timing,1992,Arecibo Observatory,1,3,4.3,1.91,66.5419,0.36,0.0186,,1.4,,,,600,195.0149029,12.6823534
Kepler-215 b,Kepler-215,Transit,2014,Kepler,1,4,3.26,1.62,9.360672,0.084,0,784,0.788,1.027,5739,-0.1172,485.997,294.9735313,45.2136867
OGLE-2017-BLG-0373L b,OGLE-2017-BLG-0373L,Microlensing,2018,OGLE,1,1,127,14,,2.424,,,0.248,,,,5915,269.3294067,-31.9517231
OGLE-2017-BLG-1140L b,OGLE-2017-BLG-1140L,Microlensing,2018,OGLE,1,1,505,13.5,,1.02,,,0.211,,,,,266.883057,-24.5226669
KMT-2021-BLG-1547L b,KMT-2021-BLG-1547L,Microlensing,2023,KMTNet,1,1,467.2077583,13.6,,4.5,,,0.72,,,,5070,272.3995833,-29.0839389
MOA-2020-BLG-208L b,MOA-2020-BLG-208L,Microlensing,2023,MOA,1,1,46,7.71,,2.74,,,0.43,,,,7490,268.4325,-32.5893111
Kepler-1669 c,Kepler-1669,Transit,2021,Kepler,1,3,4.27,1.90120972,1.609320045,0.0228,0,958,0.609,0.603,4224,-0.80265,543.444,297.4303826,39.8478795
Kepler-1668 b,Kepler-1668,Transit,2020,Kepler,1,1,17.4,4.34764405,15.434,0.124,0,721,0.98,1.01738,5542,-0.05567,1335.64,297.3523076,46.0959309
Kepler-210 c,Kepler-210,Transit,2014,Kepler,1,2,12.8,3.62,7.972513,0.07,0,497,0.77,0.65,4559,-0.79874,232.75,292.5034196,43.0832188
Kepler-347 d,Kepler-347,Transit,2023,Kepler,1,3,9.48,3.04,85.517344,0.3802,0,482,1,1.451,5592,0.34232,1298.88,289.1995995,49.3056404
Kepler-650 b,Kepler-650,Transit,2016,Kepler,1,1,9.06,2.96,3.032145588,0.0421,0,1507,1.08,1.35,5849,0.284,884.378,289.0009451,45.1542968
Kepler-191 d,Kepler-191,Transit,2016,Kepler,1,3,5.82,2.28,5.945041017,0.06104,0,857,0.84,0.8,5215,-0.4145,594.464,291.1833211,45.3230937
Kepler-1518 c,Kepler-1518,Transit,2023,Kepler,1,2,8.75,2.9,9.6310258,0.0905,0,1094,1.06,1.345,6432,0.69092,903.51,300.3323404,44.9861065
KMT-2019-BLG-0297L b,KMT-2019-BLG-0297L,Microlensing,2023,KMTNet,1,1,6038.739733,12.1,,0.96,,,0.21,,,,3090,270.0632917,-28.9652806
OGLE-2019-BLG-1180L b,OGLE-2019-BLG-1180L,Microlensing,2023,OGLE,1,1,555.246227,13.5,,5.19,,,0.545,,,,6070,269.2465417,-27.9754444
Kepler-304 b,Kepler-304,Transit,2014,Kepler,1,4,8.55,2.86,3.295709,0.039,0,875,0.737,0.687,4731,-0.6616,434.684,294.4418031,40.5575408
Kepler-49 b,Kepler-49,Transit,2012,Kepler,1,4,9.77,2.579,7.2,0.05929,0,509,0.607,0.618,4095.6,-1.13077,311.222,292.2945208,40.5918123
Kepler-1726 b,Kepler-1726,Transit,2021,Kepler,1,1,6.84,2.50861954,18.39629936,0.12794,0,582,0.876,0.804,5316,-0.36975,390.552,284.3861498,45.7197342
Kepler-614 b,Kepler-614,Transit,2016,Kepler,1,1,6.3,2.39,14.03491514,0.1027,0,641,0.85,0.81,5268,-0.41844,527.995,298.3848866,46.2759867
Kepler-258 b,Kepler-258,Transit,2014,Kepler,1,2,15.5,4.06,13.19722,0.103,0,642,0.82,0.915,4942,-0.57541,575.988,294.0684116,46.5791357
Kepler-259 b,Kepler-259,Transit,2014,Kepler,1,2,8.25,2.8,8.115317,0.079,0,879,0.867,0.898,5938,-0.15271,1002.14,288.2119707,46.6150461
PSR J1719-1438 b,PSR J1719-1438,Pulsar Timing,2011,Parkes Observatory,1,1,382.8,,0.090706293,0.0044,0.06,,1.4,,4500,,1200,259.7919708,-14.6336
MOA-2015-BLG-337L b,MOA-2015-BLG-337L,Microlensing,2018,MOA,1,1,33.7,6.42,,0.24,,,0.0094,,,,7100,271.9487,-28.1702785
KMT-2023-BLG-0735L b,KMT-2023-BLG-0735L,Microlensing,2024,KMTNet,1,1,38.77506565,6.97,,2.96,,,0.61,,,,6390,267.5759583,-29.2029194
KMT-2023-BLG-1431L b,KMT-2023-BLG-1431L,Microlensing,2024,KMTNet,1,1,13.6,3.76,,3.2,,,0.57,,,,6800,271.1835417,-29.7439194
Kepler-84 b,Kepler-84,Transit,2012,Kepler,1,5,40,2.23,8.726,0.0827,0,985,1,1.43,6039,0.39,1023.9,298.2520208,40.4960842
Kepler-310 c,Kepler-310,Transit,2014,Kepler,1,3,11.4,3.38,56.47542,0.281,0,417,0.854,0.876,5797,-0.23934,602.268,288.839278,46.9867472
Kepler-616 b,Kepler-616,Transit,2016,Kepler,1,3,6.48,2.43,9.99761851,0.0927,0,860,0.98,0.97,5753,-0.11149,945.775,294.989137,46.8383058
Kepler-222 b,Kepler-222,Transit,2014,Kepler,1,3,10.1,3.16,3.936981,0.048,0,1004,0.933,0.869,5433,-0.33784,758.854,287.9060885,46.9377479
MOA-2011-BLG-293L b,MOA-2011-BLG-293L,Microlensing,2012,MOA,1,1,1500,12.9,3000,1.1,,,0.86,,,,7720,268.913958,-28.4768472
OGLE-2019-BLG-1470L AB c,OGLE-2019-BLG-1470L A,Microlensing,2022,OGLE,2,1,699.2224954,13.3,,3.2,,,0.57,,,,5900,271.9492083,-27.0335556
Kepler-1758 b,Kepler-1758,Transit,2021,Kepler,1,1,7.13,2.57059831,9.977210045,0.0919,0,1028,1.035,1.616,5557,0.48544,1588.41,297.7968197,39.9213378
Kepler-905 b,Kepler-905,Transit,2016,Kepler,1,1,2.57,1.41,5.082746517,0.05689,0,928,0.95,0.86,5461,-0.21507,529.268,290.0511468,46.7134077
Kepler-276 b,Kepler-276,Transit,2014,Kepler,1,3,731.209,2.87,14.12841,0.119,0,739,0.845,1.046,6105,-0.08948,1144.86,293.568197,39.0363123
Kepler-164 c,Kepler-164,Transit,2014,Kepler,1,4,7.9,2.73,10.945723,0.097,0,881,1.036,1.148,5888,0.11291,890.758,287.7808115,47.6298453
Kepler-165 b,Kepler-165,Transit,2014,Kepler,1,2,5.99,2.32,8.180848,0.072,0,716,0.746,0.77,5211,-0.4723,560.885,280.69092,47.8096702
KOI-7368 b,KOI-7368,Transit,2022,Kepler,1,1,5.56,2.22,6.8430344,0.0678,0,805,0.879,0.874,5241,-0.31552,264.995,293.9476365,48.0652589
OGLE-2016-BLG-1067L b,OGLE-2016-BLG-1067L,Microlensing,2019,OGLE,1,1,140,14.3,,1.7,,,0.3,,,,3730,273.2045,-27.0126389
KMT-2023-BLG-1866L b,KMT-2023-BLG-1866L,Microlensing,2024,KMTNet,1,1,2.63,1.43,,2.63,,,0.51,,,,6210,273.48225,-28.4473889
Kepler-284 c,Kepler-284,Transit,2014,Kepler,1,2,7.32,2.61,37.514456,0.213,0,478,0.766,0.814,5615,-0.34097,1031.95,293.1465698,47.7297053
Kepler-277 c,Kepler-277,Transit,2013,Kepler,1,2,64.2,3.36,33.006,0.21781,0,778,1.12,1.69,5946,0.56791,976.643,286.5831894,39.0772582
Kepler-1629 b,Kepler-1629,Transit,2016,Kepler,1,1,0.381,0.77,3.87595807,0.0485,0,1081,1.01,1.01,5776,-0.13437,336.09,280.2066276,43.7743281
Kepler-663 b,Kepler-663,Transit,2016,Kepler,1,1,7.27,2.6,4.99678284,0.0559,0,917,0.86,0.82,5264,-0.31305,1063.09,297.8082232,47.9466342
Kepler-227 b,Kepler-227,Transit,2014,Kepler,1,2,9.85,3.11,9.488015,0.09,0,793,0.954,1.091,5854,-0.12113,1083.06,291.9342748,48.141676
WISEP J121756.91+162640.2 A b,WISEP J121756.91+162640.2 A,Imaging,2012,W. M. Keck Observatory,1,1,6992,10.468,,8,,450,0.029,0.091,575,-6.09,10.1,184.487125,16.4445
KMT-2021-BLG-0119L b,KMT-2021-BLG-0119L,Microlensing,2022,KMTNet,1,1,1754.412807,12.8,,2.92,,,0.56,,,,3130,274.0005417,-29.7438889
KMT-2017-BLG-0673L b,KMT-2017-BLG-0673L,Microlensing,2022,KMTNet,1,1,1166.430254,13,,2.34,,,0.63,,,,5080,264.7570417,-33.8080278
KMT-2022-BLG-2286L b,KMT-2022-BLG-2286L,Microlensing,2024,KMTNet,1,1,6038.739733,12.1,,2.02,,,0.2,,,,7320,269.16525,-28.8549194
Kepler-290 b,Kepler-290,Transit,2014,Kepler,1,3,5.69,2.25,14.589347,0.11,0,594,0.756,0.743,5147,-0.58591,694.627,286.4100307,42.6815137
K2-35 c,K2-35,Transit,2016,K2,1,2,4.38,1.93,5.608352,0.055,0.12,766,0.701968,0.619575,4402.71,-0.71881,252.596,170.1031027,1.2858679
Kepler-229 c,Kepler-229,Transit,2014,Kepler,1,3,21.5,4.92,16.068638,0.117,0,600,0.808,0.728,5120,-0.53795,826.265,286.9994758,48.3757867
K2-37 b,K2-37,Transit,2016,K2,1,3,2.51,1.39,4.4434,0.05105,,949,0.84,0.809,5352,-0.40798,179.943,243.4509662,-24.7870527
K2-44 b,K2-44,Transit,2016,K2,1,1,6.5,2.433,5.657,0.06,,1211,1.15,1.58,5912,0.42968,476.703,174.011661,-2.5209338
MOA-2011-BLG-322L b,MOA-2011-BLG-322L,Microlensing,2013,MOA,1,1,3690,12.4,,4.3,,,0.39,,,,7560,271.223333,-27.2209444
OGLE-2013-BLG-0911L b,OGLE-2013-BLG-0911L,Microlensing,2019,OGLE,1,1,3020,12.5,,0.39,,,0.29,,,,3220,268.88325,-29.2538333
KMT-2023-BLG-2209L b,KMT-2023-BLG-2209L,Microlensing,2025,KMTNet,1,1,254.2627256,13.9,,3.51,,,0.73,,,,5570,268.9942083,-29.3056694
Kepler-302 b,Kepler-302,Transit,2014,Kepler,1,2,15.5,4.06,30.184104,0.193,0,634,1.021,1.22,5740,0.04949,1402.58,294.3169307,43.6292436
Kepler-665 b,Kepler-665,Transit,2016,Kepler,1,1,7.27,2.6,16.01310205,0.1148,0,593,0.79,0.74,4913,-0.59538,612.838,297.0255947,48.4785669
K2-289 b,K2-289,Transit,2019,K2,1,1,61,9.1,13.156969,0.107,,753,0.953,1.025,5529,-0.50479,274.3,246.6429443,-15.7925384
K2-367 b,K2-367,Transit,2022,K2,1,1,6.41,2.413,20.645099,,,,0.756,0.625,4348,-0.85399,176.965,337.8588454,-13.2644554
K2-62 b,K2-62,Transit,2016,K2,1,2,4.74,2.02,6.67199,0.0636,,666,0.67,0.696,4455,-0.72658,112.467,334.3645089,-12.1874776
OGLE-2006-BLG-109L c,OGLE-2006-BLG-109L,Microlensing,2008,OGLE,1,2,86,11.1,4927.5,4.5,0.15,59,0.51,,,,1510,268.143792,-30.0877778
KMT-2018-BLG-0029L b,KMT-2018-BLG-0029L,Microlensing,2020,KMTNet,1,1,7.59,2.67,,4.27,,,1.14,,,,3380,264.469458,-27.9847
KMT-2019-BLG-1806L b,KMT-2019-BLG-1806L,Microlensing,2023,KMTNet,1,1,4.67,2,,3.02,,,0.74,,,,6640,270.5375417,-29.4148889
Kepler-84 c,Kepler-84,Transit,2012,Kepler,1,5,20.2,2.36,12.883,0.1072,0,865,1,1.43,6039,0.39,1023.9,298.2520208,40.4960842
K2-66 b,K2-66,Transit,2016,K2,1,1,21.3,2.49,5.06963,0.05983,0,1372,1.11,1.67,5887,0.50621,513.877,331.5266563,-10.7115362
K2-72 b,K2-72,Transit,2016,K2,1,4,1.28,1.08,5.577212,0.04,0.11,,0.271365,0.330989,3360.47,-1.83673,66.4321,334.6227504,-9.6120084
K2-72 d,K2-72,Transit,2016,K2,1,4,1.01,1.01,7.760178,0.05,0.11,,0.271365,0.330989,3360.47,-1.83673,66.4321,334.6227504,-9.6120084
K2-65 b,K2-65,Transit,2016,K2,1,1,3.12,1.58,12.6475,0.1014,,,0.87,0.84,5213,-0.328,72.2,333.2125206,-10.9261373
OGLE-2015-BLG-0966L b,OGLE-2015-BLG-0966L,Microlensing,2016,OGLE,1,1,21,4.86,,2.7,,,0.38,,,,3300,268.75425,-29.0471111
KMT-2018-BLG-1292L b,KMT-2018-BLG-1292L,Microlensing,2020,KMTNet,1,1,1400,12.9,,6.03,,,1.09,,,,3460,263.427583,-33.5206694
Kepler-119 c,Kepler-119,Transit,2014,Kepler,1,2,0.721,0.92,4.125103,0.049,0,1016,0.918,0.839,5595,-0.0366,701.996,295.9463854,42.6588324
Kepler-133 b,Kepler-133,Transit,2014,Kepler,1,2,3.75,1.76,8.129976,0.083,0,1041,1.02,1.425,5736,0.4105,653.6,297.2778906,48.3203542
K2-183 c,K2-183,Transit,2018,K2,1,3,5.9,2.3,10.787992,0.0932,,787,0.942219,0.87,5482,-0.13179,329.041,125.007177,14.0194586
K2-119 b,K2-119,Transit,2017,K2,1,1,6.94,2.53,7.727283,0.0698,0.07,666,0.76,0.71,4740,-0.68533,365.581,132.0098683,16.9017663
K2-86 b,K2-86,Transit,2016,K2,1,1,4.5,1.96,8.77683,0.077,,,0.79,0.76,5482,-0.38611,258.699,51.5531053,18.6355718
KMT-2019-BLG-1953L b,KMT-2019-BLG-1953L,Microlensing,2020,KMTNet,1,1,200,14.1,,,,,0.31,,,,7040,269.11625,-28.2011111
OGLE-2018-BLG-0516L b,OGLE-2018-BLG-0516L,Microlensing,2022,OGLE,1,1,20.1,4.73,,2.2,,,0.47,,,,7000,269.640125,-31.2623889
KMT-2016-BLG-1105L b,KMT-2016-BLG-1105L,Microlensing,2023,KMTNet,1,1,2.32,1.33,,2.44,,,0.41,,,,5080,266.44725,-26.2663694
Kepler-153 c,Kepler-153,Transit,2014,Kepler,1,2,6.94,2.53,46.90232,0.237,0,458,0.756,0.892,5404,-0.4463,459.368,282.460502,48.2570293
Kepler-553 c,Kepler-553,Transit,2016,Kepler,1,2,2129.450327,11.57887706,328.24017,0.898,0.346,251,0.889,0.902,5191,-0.27084,728.525,298.5508922,48.3325405
Kepler-672 b,Kepler-672,Transit,2016,Kepler,1,1,6.8,2.5,38.3774623,0.2163,0,529,0.95,0.92,5627,-0.11219,1033.93,291.7219993,49.4808492
K2-187 d,K2-187,Transit,2018,K2,1,4,6.35,2.4,7.149584,0.072,,865,0.966999,0.83,5438,-0.19607,330.916,132.5235618,23.1924709
BD+42 2315 b,BD+42 2315,Radial Velocity,2023,McDonald Observatory,1,1,174.8056239,14.2,123.05,0.54,0.73,,1.38,17.85,4500,1.99,610.715,187.5887597,41.2695674
OGLE-2016-BLG-1093L b,OGLE-2016-BLG-1093L,Microlensing,2022,OGLE,1,1,225.658169,14,,2.13,,,0.46,,,,8120,269.0042917,-32.7134722
KMT-2019-BLG-0953L b,KMT-2019-BLG-0953L,Microlensing,2022,KMTNet,1,1,15.5,4.06,,1.1,,,0.28,,,,7200,269.3385833,-28.6746389
Kepler-786 b,Kepler-786,Transit,2016,Kepler,1,1,6.48,2.43,53.5293487,0.25483,0,348,0.81,0.74,4838,-0.58348,485.318,293.7439223,38.9392217
Kepler-275 c,Kepler-275,Transit,2014,Kepler,1,3,11.4,3.38,16.088134,0.132,0,875,1.189,1.383,6165,0.44934,2034.25,292.4797004,38.5149018
Kepler-762 b,Kepler-762,Transit,2016,Kepler,1,1,,12.68,3.770552098,0.0493,0,1302,1.06,1.08,5944,0.31816,1898.26,291.2756631,47.3295107
NGTS-18 b,NGTS-18,Transit,2021,Next-Generation Transit Survey (NGTS),1,1,129.9918185,13.56286665,3.05125,0.0448,0,1381,1.003,1.392,5610,0.2703,1096.19,180.5462193,-35.5486091
Kepler-32 e,Kepler-32,Transit,2012,Kepler,1,5,4.08181,1.5,2.896,0.033,0,652,0.58,0.53,3900,-1.29243,323.847,297.8423073,46.5743595
Kepler-219 d,Kepler-219,Transit,2014,Kepler,1,3,19.1,2.81,47.903645,0.272,0,598,1.164,1.491,5786,0.2139,787.07,288.7389481,46.7625929
Kepler-235 e,Kepler-235,Transit,2014,Kepler,1,4,5.56,2.22,46.183669,0.213,0,306,0.581,0.554,4255,-1.10237,428.018,286.0790779,39.278237
Kepler-176 d,Kepler-176,Transit,2014,Kepler,1,4,1.72,2.51,25.751974,0.163,0,501,0.86,0.891,5232,-0.40427,527.321,294.6679021,43.8532104
Kepler-82 e,Kepler-82,Transit,2014,Kepler,1,5,254.02,2.47,5.902206,0.063,0,926,0.946,0.945,5428,-0.18507,904.326,292.8733696,42.9661583
Kepler-251 b,Kepler-251,Transit,2014,Kepler,1,4,2.33,1.33,4.790936,0.053,0,990,0.891,0.89,5526,-0.17197,924.625,296.5662171,44.1058077
Kepler-53 c,Kepler-53,Transit,2012,Kepler,1,3,36,3.17,38.5583038,0.22091,0,550,0.98,0.89,5858,0.03558,1366.07,290.4617926,40.5624966
Kepler-42 d,Kepler-42,Transit,2011,Kepler,1,3,0.357785,0.57,1.865169,0.0154,0.02,450,0.13,0.17,3068,-2.62,40.0595,292.2196,44.6173667
Kepler-253 b,Kepler-253,Transit,2014,Kepler,1,3,3.29,1.63,3.783986,0.046,0,949,0.86,0.786,5208,-0.38741,838.595,291.8419337,44.858124
Kepler-603 c,Kepler-603,Transit,2016,Kepler,1,3,34.5,6.5,127.9075774,0.53439,0,401,1.01,1.01,5808,0.39156,1539.63,294.2809679,42.2909295
KOI-351 g,KOI-351,Transit,2013,Kepler,1,8,15,7.718,210.73514,0.71704,0.0292,342,1.242,1.185,6031.13,0.26853,848.254,284.4334642,49.3051239
CD-35 2722 b,CD-35 2722,Imaging,2011,Gemini Observatory,1,1,9375.938007,17.37392009,,67,,1800,0.4,0.558549,3689,-1.26481,22.3896,92.3300147,-35.8255375
HD 86226 b,HD 86226,Radial Velocity,2009,Las Campanas Observatory,1,2,143.0235,14.3,1628,2.73,0.059,176,1.019,1.053,5863,0.07188,45.683,149.1235154,-24.0991859
HD 143811 AB b,HD 143811 A,Imaging,2025,Paranal Observatory,2,1,1938.753283,15.69257298,117000,63,0.19,1042,1.32,1.68398,6791,0.64102,136.608,240.8891972,-30.1371574
KMT-2024-BLG-1005L b,KMT-2024-BLG-1005L,Microlensing,2025,KMTNet,1,1,6674.396547,12.1,,0.78,,,0.055,,,,6950,269.8055833,-28.7557806
NGTS-34 b,NGTS-34,Transit,2025,Transiting Exoplanet Survey Satellite (TESS),1,1,19.1,3.65,43.12655,0.257,,624,1.266,1.367,6134,0.37658,120.475,162.4997176,-44.5478575
OGLE-TR-113 b,OGLE-TR-113,Transit,2004,OGLE,1,1,400.449,12.251,1.4324752,0.02289,0,1342,0.779,0.774,4790,-0.529,566.459,163.1010355,-61.4468591
Kepler-76 b,Kepler-76,Orbital Brightness Modulation,2013,Kepler,1,1,638.8383,15.24424,1.5449298,0.0274,0,2140,1.2,1.32,6409,0.45116,822.96,294.1921185,39.6189727
WASP-47 c,WASP-47,Radial Velocity,2015,La Silla Observatory,1,4,447,,589.57,1.393,0.264,247,1.058,1.156,5565,0.03167,264.78,331.203092,-12.019067
WASP-55 b,WASP-55,Transit,2012,SuperWASP,2,1,186.2474465,14.72860064,4.465631,0.0558,0,1342,1.071,1.09,6096,0.16259,297.462,203.7581951,-17.5034961
TOI-4495 c,TOI-4495,Transit,2024,Transiting Exoplanet Survey Satellite (TESS),1,2,23.2,4.03,5.18553,0.06323,0.023,1365,1.247,1.309,6210,0.36656,132.214,286.3624951,37.0259902
TOI-5938 b,TOI-5938,Transit,2026,Transiting Exoplanet Survey Satellite (TESS),1,1,14,3.82,2.260424,0.0308,,1077,0.744,0.712,4650,-0.70991,114.035,303.9088422,28.6592261
HD 22946 d,HD 22946,Transit,2023,Transiting Exoplanet Survey Satellite (TESS),1,3,26.57,2.607,47.42489,0.2958,,546,1.098,1.117,6169,0.20919,62.7792,54.819538,-42.7630276
GJ 411 b,GJ 411,Radial Velocity,2019,Haute-Provence Observatory,1,2,2.69,1.45,12.9394,0.07879,0.063,349.83,0.3899,0.3685,3719,-1.70997,5.675773,165.834471,35.972317
TOI-1774.01,TOI-1774,Transit,2021,Transiting Exoplanet Survey Satellite (TESS),1,2,8.5,2.78,16.70988,,0.05,824,0.991,1.1303,5746,0.10143,53.974,148.1619305,35.111008
TOI-2145 b,TOI-2145,Transit,2023,Transiting Exoplanet Survey Satellite (TESS),1,1,1805.265352,12.24020692,10.261128,0.1117,0.214,1484,1.71,2.75,6206,0.99651,224.731,263.7580753,40.6950428
HD 136352 c,HD 136352,Radial Velocity,2019,La Silla Observatory,1,3,11.24,2.916,27.59221,0.1721,0,677,0.87,1.058,5664,0.0162,14.682,230.4401147,-48.3188174
HD 192310 b,HD 192310,Radial Velocity,2011,La Silla Observatory,1,2,16.9,4.27,74.72,0.32,0.13,355,0.8,0.857922,5166,-0.41454,8.79687,303.8284712,-27.0337556
HD 176986 b,HD 176986,Radial Velocity,2017,Multiple Observatories,1,3,1487.754773,,6.49164,0.062956,0.066,767,0.789,0.782,4931,-0.48017,27.7843,285.7739138,-11.044941
TOI-4336 A b,TOI-4336 A,Transit,2024,Transiting Exoplanet Survey Satellite (TESS),3,2,3.33,2.137,16.336351,0.0849,0,309.4,0.306,0.326,3307,-1.95861,22.5455,206.1070129,-40.3373505
TOI-4342 c,TOI-4342,Transit,2023,Transiting Exoplanet Survey Satellite (TESS),1,2,4.8,2.349,10.688662,0.0804,0,514,0.587,0.598,3866,-1.12494,61.5204,324.3894196,-77.9791468
TOI-411 b,HD 22946,Transit,2022,Transiting Exoplanet Survey Satellite (TESS),1,3,13.71,1.362,4.040295,0.05727,0.126,1241,1.098,1.117,6169,0.20919,62.7792,54.819538,-42.7630276
HD 28185 c,HD 28185,Radial Velocity,2022,Multiple Observatories,1,2,1906.970442,12.8,9090,8.5,0.15,,0.974,1.048,5602,-0.01323,39.3809,66.6100461,-10.5510754
KMT-2024-BLG-0176L b,KMT-2024-BLG-0176L,Microlensing,2026,KMTNet,1,1,241.5495893,14,,1.32,,,0.103,,,,8340,266.5324583,-34.2105806
TOI-7009 b,TOI-7009,Transit,2026,Transiting Exoplanet Survey Satellite (TESS),1,1,13.3,3.71,2.3206612,0.0287,,872,0.583,0.564,4080,-0.88845,184.12,299.5131334,55.6510291
TOI-375 b,TOI-375,Transit,2026,Transiting Exoplanet Survey Satellite (TESS),1,3,236.7821632,10.77183045,9.45469,0.099,0.087,1373,1.441,2.9,5259.9,0.75997,396.213,47.1499034,-77.3833275
HD 39194 b,HD 39194,Radial Velocity,2021,La Silla Observatory,1,3,4.62,1.99,5.63692,0.05895,0.101,,0.86,0.783742,5205,-0.40894,26.4131,86.129071,-70.1382377
K2-290 c,K2-290,Transit,2019,K2,3,2,246.00042,11.276254,48.36685,0.305,0,676,1.194,1.511,6302,0.42035,272.909,234.8578846,-20.1988975
HD 181433 c,HD 181433,Radial Velocity,2008,La Silla Observatory,1,3,2207.000458,,1018.5,1.885,0.2402,,0.86,0.79,4918,-0.45618,26.8762,291.2873731,-66.4677838
DMPP-7 b,DMPP-7,Radial Velocity,2026,Multiple Observatories,1,1,61.39,9.13,4.984,0.05873,0.1,,1.09,1.53949,5996.82,0.44113,101.386,203.5284651,0.4988127
KMT-2024-BLG-0349L b,KMT-2024-BLG-0349L,Microlensing,2026,KMTNet,1,1,3769.444907,12.4,,6.46,,,0.68,,,,5750,261.3715417,-30.2470194
HD 164604 b,HD 164604,Radial Velocity,2009,Las Campanas Observatory,1,2,4195.334972,12.3,653.9,1.362,0.479,,0.77,0.78,4663,-0.58503,39.3633,270.7787177,-28.5608343
V1298 Tau d,V1298 Tau,Transit,2019,K2,3,4,6,6.53,12.401394,0.1081,0.0087,831,1.1,1.32,4970,-0.02045,108.199,61.331654,20.1570318
KMT-2024-BLG-1870L b,KMT-2024-BLG-1870L,Microlensing,2026,KMTNet,1,1,336.8981114,13.8,,3.15,,,0.67,,,,5480,272.4653333,-26.8828889
TOI-813 b,TOI-813,Transit,2020,Transiting Exoplanet Survey Satellite (TESS),1,1,36.4,6.71,83.8911,0.423,0,610,1.32,1.94,5907,0.61906,263.145,72.6940102,-60.9054608
LHS 1903 b,LHS 1903,Transit,2026,Transiting Exoplanet Survey Satellite (TESS),1,4,3.28,1.382,2.1555098,0.02656,0.015,796,0.538,0.539,3664,-1.32451,35.6917,107.865826,48.3279327
TOI-375 d,TOI-375,Radial Velocity,2026,Multiple Observatories,1,3,445.5954266,13.6,297.9,0.984,,434,1.441,2.9,5259.9,0.75997,396.213,47.1499034,-77.3833275
TOI-2411 b,TOI-2411,Transit,2022,Transiting Exoplanet Survey Satellite (TESS),1,1,3.46,1.68,0.7826942,0.0144,,1355,0.65,0.68,4099,-0.87076,59.5362,20.9224567,-8.7017944
KMT-2016-BLG-1337L b,KMT-2016-BLG-1337L,Microlensing,2026,KMTNet,2,1,88.99195396,11.4,,3.97,,,0.54,,,,6920,269.1300417,-33.0341889
TOI-5292 A b,TOI-5292 A,Transit,2026,Transiting Exoplanet Survey Satellite (TESS),1,1,412.8591007,12.64373023,2.02191,0.0279,0.034,809,0.596,0.611,3919,-1.10127,337.095,344.2223631,-8.1197473
TOI-3288 b,TOI-3288,Transit,2025,Transiting Exoplanet Survey Satellite (TESS),2,1,536.1765226,12.24020692,1.4338647,0.02285,0.021,973,0.643,0.672,4072,-0.95195,200.5,297.1103158,-43.0180008
TOI-4666 b,TOI-4666,Transit,2025,Transiting Exoplanet Survey Satellite (TESS),1,1,155.418091,12.53164042,2.9089165,0.034,0.023,695,0.576,0.585,3793,-1.19518,154.749,56.2898862,-39.0631799
TOI-5007 b,TOI-5007,Transit,2026,Transiting Exoplanet Survey Satellite (TESS),1,1,211.0380623,11.07447293,2.543371,0.0307,0.074,774,0.632,0.656,3793,-1.09528,203.352,236.0638704,-61.0413649
TOI-5916 b,TOI-5916,Transit,2026,Transiting Exoplanet Survey Satellite (TESS),1,1,226.6116542,11.35469745,2.367128,0.0262,0.09,683,0.477,0.48,3613,-1.45223,199.724,325.2995114,9.5990534
TOI-1685 b,TOI-1685,Transit,2021,Transiting Exoplanet Survey Satellite (TESS),1,1,3.07,1.421,0.66913923,0.01164,0,1000,0.466,0.462,3470,-1.51856,37.6153,68.5939529,43.0370395
LTT 3780 b,LTT 3780,Transit,2020,Transiting Exoplanet Survey Satellite (TESS),2,2,2.46,1.325,0.76837931,0.01195,0,903,0.381,0.38,3358,-1.78252,21.9814,154.6449033,-11.717801
LTT 3780 c,LTT 3780,Transit,2020,Transiting Exoplanet Survey Satellite (TESS),2,2,8.04,2.39,12.252284,0.0757,0.024,359,0.381,0.38,3358,-1.78252,21.9814,154.6449033,-11.717801
KMT-2025-BLG-0481L b,KMT-2025-BLG-0481L,Microlensing,2026,KMTNet,1,1,187.5187601,14.1,,2.18,,,0.22,,,,7980,265.356,-34.37175
TOI-1232 b,TOI-1232,Transit,2026,Transiting Exoplanet Survey Satellite (TESS),1,2,220.5729145,10.92875618,14.256,0.117,0.065,785.71,1.058,1.072,5823,0.07298,328.604,116.501399,-61.8797935
TOI-672 b,TOI-672,Transit,2023,Transiting Exoplanet Survey Satellite (TESS),1,1,50.9,5.31,3.633581,0.0376,0,699.5,0.54,0.54,3810,-1.31885,66.9071,167.9908627,-39.3281151
TOI-1232 c,TOI-1232,Transit Timing Variations,2026,Transiting Exoplanet Survey Satellite (TESS),1,2,58.48042689,8.88,30.356,0.194,0.027,,1.058,1.072,5823,0.07298,328.604,116.501399,-61.8797935
TOI-178 d,TOI-178,Transit,2021,Transiting Exoplanet Survey Satellite (TESS),1,6,5.2,2.695,6.557569,0.0592,0.0068,690,0.647,0.662,4316,-0.86646,62.699,7.3020115,-30.4541159
TOI-6109 c,TOI-6109,Transit,2025,Transiting Exoplanet Survey Satellite (TESS),1,2,20.8,4.8326,8.538878,0.0786,,786,1.03,1.021,5660,-0.05453,151.738,50.1319206,42.6069564
TOI-2076 b,TOI-2076,Transit,2021,Transiting Exoplanet Survey Satellite (TESS),1,4,6.7,2.59,10.35504,0.08781,0.0114,736,0.849,0.758,5187,-0.42285,41.9091,217.3920159,39.7903991
TOI-4364 b,TOI-4364,Transit,2025,Transiting Exoplanet Survey Satellite (TESS),1,1,4.7,2.01,5.424019,0.04753,0.29,488,0.487,0.4684,3528,-1.51215,43.9662,80.066927,-4.2392481
TOI-198 b,TOI-198,Transit,2023,Transiting Exoplanet Survey Satellite (TESS),1,1,3.17,1.36,10.215213,0.0675,0.15,456,0.417,0.418,3801,-1.484,23.7262,2.2715087,-27.1217452
